{
  "cycles": 64,
  "n_vec": [
    0.3,
    0.4,
    0.866025403784
  ],
  "num_states": 256,
  "rows": [
    {
      "axis3_sign": 1,
      "by_seq": {
        "SEQ01": {
          "nesi_within": 0,
          "purity_max": 0.5000146786788848,
          "purity_mean": 0.5000089829388321,
          "purity_min": 0.5000000364518145,
          "seni_within": 0,
          "seta_bad": 2,
          "setb_bad": 2,
          "vn_entropy_max": 0.6931471441081304,
          "vn_entropy_mean": 0.6931381975897282,
          "vn_entropy_min": 0.6931325018092385
        },
        "SEQ02": {
          "nesi_within": 0,
          "purity_max": 0.5000149293542325,
          "purity_mean": 0.5000088523998727,
          "purity_min": 0.5000001715145448,
          "seni_within": 0,
          "seta_bad": 2,
          "setb_bad": 2,
          "vn_entropy_max": 0.6931470090453906,
          "vn_entropy_mean": 0.693138328129244,
          "vn_entropy_min": 0.6931322511314167
        },
        "SEQ03": {
          "nesi_within": 1,
          "purity_max": 0.5000149435140674,
          "purity_mean": 0.5000089921694715,
          "purity_min": 0.5000000856382142,
          "seni_within": 1,
          "seta_bad": 0,
          "setb_bad": 2,
          "vn_entropy_max": 0.6931470949217287,
          "vn_entropy_mean": 0.6931381883589965,
          "vn_entropy_min": 0.6931322369714408
        },
        "SEQ04": {
          "nesi_within": 1,
          "purity_max": 0.5000147674689337,
          "purity_mean": 0.5000086421195997,
          "purity_min": 0.5000000081560294,
          "seni_within": 1,
          "seta_bad": 2,
          "setb_bad": 0,
          "vn_entropy_max": 0.693147172403916,
          "vn_entropy_mean": 0.6931385384108876,
          "vn_entropy_min": 0.6931324130183181
        }
      },
      "params": {
        "gamma": 0.02,
        "p": 0.02,
        "q": 0.02
      },
      "summary": {
        "delta_entropy_seni1_minus_seni0": 1.0052545595939932e-07,
        "delta_purity_seni1_minus_seni0": -1.0052481680400405e-07,
        "mean_entropy_seni0": 0.6931382628594861,
        "mean_entropy_seni1": 0.6931383633849421,
        "mean_purity_seni0": 0.5000089176693524,
        "mean_purity_seni1": 0.5000088171445356
      }
    },
    {
      "axis3_sign": 1,
      "by_seq": {
        "SEQ01": {
          "nesi_within": 0,
          "purity_max": 0.5000000000000001,
          "purity_mean": 0.5,
          "purity_min": 0.49999999999999994,
          "seni_within": 0,
          "seta_bad": 2,
          "setb_bad": 2,
          "vn_entropy_max": 0.6931471805599454,
          "vn_entropy_mean": 0.6931471805599454,
          "vn_entropy_min": 0.6931471805599452
        },
        "SEQ02": {
          "nesi_within": 0,
          "purity_max": 0.5000000000000001,
          "purity_mean": 0.5,
          "purity_min": 0.49999999999999994,
          "seni_within": 0,
          "seta_bad": 2,
          "setb_bad": 2,
          "vn_entropy_max": 0.6931471805599454,
          "vn_entropy_mean": 0.6931471805599454,
          "vn_entropy_min": 0.6931471805599452
        },
        "SEQ03": {
          "nesi_within": 1,
          "purity_max": 0.5000000000000001,
          "purity_mean": 0.5,
          "purity_min": 0.49999999999999994,
          "seni_within": 1,
          "seta_bad": 0,
          "setb_bad": 2,
          "vn_entropy_max": 0.6931471805599454,
          "vn_entropy_mean": 0.6931471805599454,
          "vn_entropy_min": 0.6931471805599452
        },
        "SEQ04": {
          "nesi_within": 1,
          "purity_max": 0.5000000000000001,
          "purity_mean": 0.5,
          "purity_min": 0.49999999999999994,
          "seni_within": 1,
          "seta_bad": 2,
          "setb_bad": 0,
          "vn_entropy_max": 0.6931471805599454,
          "vn_entropy_mean": 0.6931471805599454,
          "vn_entropy_min": 0.6931471805599452
        }
      },
      "params": {
        "gamma": 0.08,
        "p": 0.08,
        "q": 0.08
      },
      "summary": {
        "delta_entropy_seni1_minus_seni0": 0.0,
        "delta_purity_seni1_minus_seni0": 0.0,
        "mean_entropy_seni0": 0.6931471805599454,
        "mean_entropy_seni1": 0.6931471805599454,
        "mean_purity_seni0": 0.5,
        "mean_purity_seni1": 0.5
      }
    },
    {
      "axis3_sign": 1,
      "by_seq": {
        "SEQ01": {
          "nesi_within": 0,
          "purity_max": 0.5000000000000001,
          "purity_mean": 0.5,
          "purity_min": 0.49999999999999994,
          "seni_within": 0,
          "seta_bad": 2,
          "setb_bad": 2,
          "vn_entropy_max": 0.6931471805599454,
          "vn_entropy_mean": 0.6931471805599454,
          "vn_entropy_min": 0.6931471805599452
        },
        "SEQ02": {
          "nesi_within": 0,
          "purity_max": 0.5000000000000001,
          "purity_mean": 0.5,
          "purity_min": 0.49999999999999994,
          "seni_within": 0,
          "seta_bad": 2,
          "setb_bad": 2,
          "vn_entropy_max": 0.6931471805599454,
          "vn_entropy_mean": 0.6931471805599454,
          "vn_entropy_min": 0.6931471805599452
        },
        "SEQ03": {
          "nesi_within": 1,
          "purity_max": 0.5000000000000001,
          "purity_mean": 0.5,
          "purity_min": 0.49999999999999994,
          "seni_within": 1,
          "seta_bad": 0,
          "setb_bad": 2,
          "vn_entropy_max": 0.6931471805599454,
          "vn_entropy_mean": 0.6931471805599454,
          "vn_entropy_min": 0.6931471805599452
        },
        "SEQ04": {
          "nesi_within": 1,
          "purity_max": 0.5000000000000001,
          "purity_mean": 0.5,
          "purity_min": 0.49999999999999994,
          "seni_within": 1,
          "seta_bad": 2,
          "setb_bad": 0,
          "vn_entropy_max": 0.6931471805599454,
          "vn_entropy_mean": 0.6931471805599454,
          "vn_entropy_min": 0.6931471805599452
        }
      },
      "params": {
        "gamma": 0.12,
        "p": 0.08,
        "q": 0.1
      },
      "summary": {
        "delta_entropy_seni1_minus_seni0": 0.0,
        "delta_purity_seni1_minus_seni0": 0.0,
        "mean_entropy_seni0": 0.6931471805599454,
        "mean_entropy_seni1": 0.6931471805599454,
        "mean_purity_seni0": 0.5,
        "mean_purity_seni1": 0.5
      }
    },
    {
      "axis3_sign": -1,
      "by_seq": {
        "SEQ01": {
          "nesi_within": 0,
          "purity_max": 0.5000144748877999,
          "purity_mean": 0.5000089831479178,
          "purity_min": 0.5000000370907145,
          "seni_within": 0,
          "seta_bad": 2,
          "setb_bad": 2,
          "vn_entropy_max": 0.6931471434692302,
          "vn_entropy_mean": 0.6931381973806625,
          "vn_entropy_min": 0.6931327056023039
        },
        "SEQ02": {
          "nesi_within": 0,
          "purity_max": 0.5000147602788603,
          "purity_mean": 0.5000088508174838,
          "purity_min": 0.5000001669632149,
          "seni_within": 0,
          "seta_bad": 2,
          "setb_bad": 2,
          "vn_entropy_max": 0.6931470135967213,
          "vn_entropy_mean": 0.6931383297117095,
          "vn_entropy_min": 0.6931324202084623
        },
        "SEQ03": {
          "nesi_within": 1,
          "purity_max": 0.5000150401353907,
          "purity_mean": 0.5000089764792988,
          "purity_min": 0.5000000850747279,
          "seni_within": 1,
          "seta_bad": 0,
          "setb_bad": 2,
          "vn_entropy_max": 0.6931470954852148,
          "vn_entropy_mean": 0.693138204049284,
          "vn_entropy_min": 0.6931321403491518
        },
        "SEQ04": {
          "nesi_within": 1,
          "purity_max": 0.5000148966719096,
          "purity_mean": 0.5000086392539034,
          "purity_min": 0.500000008060061,
          "seni_within": 1,
          "seta_bad": 2,
          "setb_bad": 0,
          "vn_entropy_max": 0.6931471724998843,
          "vn_entropy_mean": 0.6931385412765967,