{
  "SEQ01": [
    "Se",
    "Ne",
    "Ni",
    "Si"
  ],
  "SEQ01_metrics": {
    "MI_mean": 0.0547738352784649,
    "SAgB_min_mean": 0.3394315118479687,
    "neg_SAgB_frac_mean": 0.0
  },
  "SEQ02": [
    "Se",
    "Si",
    "Ni",
    "Ne"
  ],
  "SEQ02_metrics": {
    "MI_mean": 0.055867204446996444,
    "SAgB_min_mean": 0.3499393975875372,
    "neg_SAgB_frac_mean": 0.0
  },
  "cycles": 32,
  "delta_MI_mean_SEQ02_minus_SEQ01": 0.0010933691685315466,
  "delta_SAgB_min_mean_SEQ02_minus_SEQ01": 0.010507885739568512,
  "delta_negfrac_mean_SEQ02_minus_SEQ01": 0.0,
  "entangle_reps": 0,
  "entangled_init": false,
  "seed": 0,
  "trials": 256
}