{
  "cycles": 64,
  "n_vec": [
    0.3,
    0.4,
    0.866025403784
  ],
  "num_states": 256,
  "rows": [
    {
      "axis3_sign": 1,
      "by_seq": {
        "SEQ01": {
          "nesi_within": 0,
          "purity_max": 0.538302766605663,
          "purity_mean": 0.5343128603912679,
          "purity_min": 0.5307228227412031,
          "seni_within": 0,
          "seta_bad": 2,
          "setb_bad": 2,
          "vn_entropy_max": 0.6621017294229412,
          "vn_entropy_mean": 0.6584295258863386,
          "vn_entropy_min": 0.6543397489920758
        },
        "SEQ02": {
          "nesi_within": 0,
          "purity_max": 0.5384598269031868,
          "purity_mean": 0.5344824015323751,
          "purity_min": 0.5306567694236209,
          "seni_within": 0,
          "seta_bad": 2,
          "setb_bad": 2,
          "vn_entropy_max": 0.6621691862447743,
          "vn_entropy_mean": 0.6582559468132856,
          "vn_entropy_min": 0.6541784740180647
        },
        "SEQ03": {
          "nesi_within": 1,
          "purity_max": 0.5381236827768869,
          "purity_mean": 0.5343360370744826,
          "purity_min": 0.5305771875764439,
          "seni_within": 1,
          "seta_bad": 0,
          "setb_bad": 2,
          "vn_entropy_max": 0.6622504548836425,
          "vn_entropy_mean": 0.6584056476979261,
          "vn_entropy_min": 0.6545236164190464
        },
        "SEQ04": {
          "nesi_within": 1,
          "purity_max": 0.5382060630571894,
          "purity_mean": 0.5343306137852784,
          "purity_min": 0.5303539071481878,
          "seni_within": 1,
          "seta_bad": 2,
          "setb_bad": 0,
          "vn_entropy_max": 0.6624784435853084,
          "vn_entropy_mean": 0.658411242112128,
          "vn_entropy_min": 0.6544390385583224
        }
      },
      "params": {
        "gamma": 0.02,
        "p": 0.02,
        "q": 0.02
      },
      "summary": {
        "delta_entropy_seni1_minus_seni0": 6.570855521492724e-05,
        "delta_purity_seni1_minus_seni0": -6.430553194092248e-05,
        "mean_entropy_seni0": 0.6583427363498121,
        "mean_entropy_seni1": 0.658408444905027,
        "mean_purity_seni0": 0.5343976309618215,
        "mean_purity_seni1": 0.5343333254298805
      }
    },
    {
      "axis3_sign": 1,
      "by_seq": {
        "SEQ01": {
          "nesi_within": 0,
          "purity_max": 0.5328959217952446,
          "purity_mean": 0.5328959165372961,
          "purity_min": 0.532895911596623,
          "seni_within": 0,
          "seta_bad": 2,
          "setb_bad": 2,
          "vn_entropy_max": 0.65988071357106,
          "vn_entropy_mean": 0.659880708517546,
          "vn_entropy_min": 0.6598807031395101
        },
        "SEQ02": {
          "nesi_within": 0,
          "purity_max": 0.5344434161281981,
          "purity_mean": 0.5344434106762793,
          "purity_min": 0.5344434052319909,
          "seni_within": 0,
          "seta_bad": 2,
          "setb_bad": 2,
          "vn_entropy_max": 0.6582970092323022,
          "vn_entropy_mean": 0.6582970036575648,
          "vn_entropy_min": 0.6582969980750142
        },
        "SEQ03": {
          "nesi_within": 1,
          "purity_max": 0.5320329692004528,
          "purity_mean": 0.53203296416966,
          "purity_min": 0.532032959209076,
          "seni_within": 1,
          "seta_bad": 0,
          "setb_bad": 2,
          "vn_entropy_max": 0.6607631059935131,
          "vn_entropy_mean": 0.6607631009227259,
          "vn_entropy_min": 0.6607630957801705
        },
        "SEQ04": {
          "nesi_within": 1,
          "purity_max": 0.5327021100056628,
          "purity_mean": 0.5327021049046476,
          "purity_min": 0.5327020994710541,
          "seni_within": 1,
          "seta_bad": 2,
          "setb_bad": 0,
          "vn_entropy_max": 0.6600789386292758,
          "vn_entropy_mean": 0.6600789330723449,
          "vn_entropy_min": 0.6600789278555417
        }
      },
      "params": {
        "gamma": 0.08,
        "p": 0.08,
        "q": 0.08
      },
      "summary": {
        "delta_entropy_seni1_minus_seni0": 0.001332160909980007,
        "delta_purity_seni1_minus_seni0": -0.001302129069633895,
        "mean_entropy_seni0": 0.6590888560875554,
        "mean_entropy_seni1": 0.6604210169975354,
        "mean_purity_seni0": 0.5336696636067877,
        "mean_purity_seni1": 0.5323675345371538
      }
    },
    {
      "axis3_sign": 1,
      "by_seq": {
        "SEQ01": {
          "nesi_within": 0,
          "purity_max": 0.5561877541869905,
          "purity_mean": 0.5561877539285798,
          "purity_min": 0.5561877536877351,
          "seni_within": 0,
          "seta_bad": 2,
          "setb_bad": 2,
          "vn_entropy_max": 0.6358567053010586,
          "vn_entropy_mean": 0.6358567050505306,
          "vn_entropy_min": 0.6358567047817298
        },
        "SEQ02": {
          "nesi_within": 0,
          "purity_max": 0.558751368363299,
          "purity_mean": 0.558751368096289,
          "purity_min": 0.5587513678296866,
          "seni_within": 0,
          "seta_bad": 2,
          "setb_bad": 2,
          "vn_entropy_max": 0.6331874852646293,
          "vn_entropy_mean": 0.6331874849867805,
          "vn_entropy_min": 0.6331874847085069
        },
        "SEQ03": {
          "nesi_within": 1,
          "purity_max": 0.5544867057848331,
          "purity_mean": 0.5544867055366941,
          "purity_min": 0.5544867052908644,
          "seni_within": 1,
          "seta_bad": 0,
          "setb_bad": 2,
          "vn_entropy_max": 0.6376250361151583,
          "vn_entropy_mean": 0.6376250358597653,
          "vn_entropy_min": 0.6376250356019733
        },
        "SEQ04": {
          "nesi_within": 1,
          "purity_max": 0.5555466749203974,
          "purity_mean": 0.555546674667087,
          "purity_min": 0.5555466744019668,
          "seni_within": 1,
          "seta_bad": 2,
          "setb_bad": 0,
          "vn_entropy_max": 0.6365234021843995,
          "vn_entropy_mean": 0.6365234019087505,
          "vn_entropy_min": 0.6365234016453799
        }
      },
      "params": {
        "gamma": 0.12,
        "p": 0.08,
        "q": 0.1
      },
      "summary": {
        "delta_entropy_seni1_minus_seni0": 0.0025521238656023293,
        "delta_purity_seni1_minus_seni0": -0.002452870910543914,
        "mean_entropy_seni0": 0.6345220950186555,
        "mean_entropy_seni1": 0.6370742188842579,
        "mean_purity_seni0": 0.5574695610124344,
        "mean_purity_seni1": 0.5550166901018905
      }
    },
    {
      "axis3_sign": -1,
      "by_seq": {
        "SEQ01": {
          "nesi_within": 0,
          "purity_max": 0.5369381441277407,
          "purity_mean": 0.5329843566795166,
          "purity_min": 0.5294348538520601,
          "seni_within": 0,
          "seta_bad": 2,
          "setb_bad": 2,
          "vn_entropy_max": 0.6634164997933494,
          "vn_entropy_mean": 0.6597891272281784,
          "vn_entropy_min": 0.6557402301119089
        },
        "SEQ02": {
          "nesi_within": 0,
          "purity_max": 0.5369522420961734,
          "purity_mean": 0.5330203374989904,
          "purity_min": 0.5292958276539087,
          "seni_within": 0,
          "seta_bad": 2,
          "setb_bad": 2,
          "vn_entropy_max": 0.6635583478177285,
          "vn_entropy_mean": 0.6597523592526783,
          "vn_entropy_min": 0.6557257686521072
        },
        "SEQ03": {
          "nesi_within": 1,
          "purity_max": 0.5366753317774741,
          "purity_mean": 0.5330400088019583,
          "purity_min": 0.5293238185768083,
          "seni_within": 1,
          "seta_bad": 0,
          "setb_bad": 2,
          "vn_entropy_max": 0.6635297898746144,
          "vn_entropy_mean": 0.6597320574653255,
          "vn_entropy_min": 0.6560097920296151
        },
        "SEQ04": {
          "nesi_within": 1,
          "purity_max": 0.5367427407751817,
          "purity_mean": 0.532959805064712,