{
  "axis3_sign": -1,
  "cycles": 64,
  "metrics": {
    "SEQ01_FWD": {
      "minus": {
        "purity_max": 0.5519493506055093,
        "purity_mean": 0.5519493503445281,
        "purity_min": 0.5519493501029084,
        "vn_entropy_max": 0.6402586403821502,
        "vn_entropy_mean": 0.6402586401315987,
        "vn_entropy_min": 0.64025863986097
      },
      "plus": {
        "purity_max": 0.5746923114081741,
        "purity_mean": 0.5746923099627627,
        "purity_min": 0.5746923086931185,
        "vn_entropy_max": 0.6164742900080358,
        "vn_entropy_mean": 0.6164742886688184,
        "vn_entropy_min": 0.6164742871442023
      }
    },
    "SEQ01_REV": {
      "minus": {
        "purity_max": 0.5789699828874018,
        "purity_mean": 0.5789699825754637,
        "purity_min": 0.5789699822883556,
        "vn_entropy_max": 0.6119547817372786,
        "vn_entropy_mean": 0.6119547814334385,
        "vn_entropy_min": 0.6119547811033214
      },
      "plus": {
        "purity_max": 0.6058564500872294,
        "purity_mean": 0.6058564483665013,
        "purity_min": 0.6058564468550203,
        "vn_entropy_max": 0.5831978133746929,
        "vn_entropy_mean": 0.5831978117405376,
        "vn_entropy_min": 0.5831978098801527
      }
    },
    "SEQ02_FWD": {
      "minus": {
        "purity_max": 0.5519945895712306,
        "purity_mean": 0.551994589315272,
        "purity_min": 0.5519945890782929,
        "vn_entropy_max": 0.6402117283127631,
        "vn_entropy_mean": 0.6402117280670159,
        "vn_entropy_min": 0.6402117278015864
      },
      "plus": {
        "purity_max": 0.5746923114081743,
        "purity_mean": 0.5746923099627627,
        "purity_min": 0.5746923086931185,
        "vn_entropy_max": 0.6164742900080358,
        "vn_entropy_mean": 0.6164742886688184,
        "vn_entropy_min": 0.6164742871442022
      }
    },
    "SEQ02_REV": {
      "minus": {
        "purity_max": 0.5789275943899466,
        "purity_mean": 0.5789275940723122,
        "purity_min": 0.5789275937803074,
        "vn_entropy_max": 0.6119996398253166,
        "vn_entropy_mean": 0.6119996395163045,
        "vn_entropy_min": 0.6119996391801701
      },
      "plus": {
        "purity_max": 0.6058564500872294,
        "purity_mean": 0.6058564483665013,
        "purity_min": 0.6058564468550203,
        "vn_entropy_max": 0.5831978133746929,
        "vn_entropy_mean": 0.5831978117405376,
        "vn_entropy_min": 0.5831978098801527
      }
    },
    "SEQ03_FWD": {
      "minus": {
        "purity_max": 0.5506632160206854,
        "purity_mean": 0.5506632157607574,
        "purity_min": 0.5506632155169379,
        "vn_entropy_max": 0.6415916905798204,
        "vn_entropy_mean": 0.6415916903272256,
        "vn_entropy_min": 0.6415916900579428
      },
      "plus": {
        "purity_max": 0.5746923114081741,
        "purity_mean": 0.5746923099627627,
        "purity_min": 0.5746923086931185,
        "vn_entropy_max": 0.6164742900080358,
        "vn_entropy_mean": 0.6164742886688184,
        "vn_entropy_min": 0.6164742871442023
      }
    },
    "SEQ03_REV": {
      "minus": {
        "purity_max": 0.5799125436821037,
        "purity_mean": 0.57991254337181,
        "purity_min": 0.5799125430848895,
        "vn_entropy_max": 0.6109569264868144,
        "vn_entropy_mean": 0.6109569261829508,
        "vn_entropy_min": 0.6109569258543343
      },
      "plus": {
        "purity_max": 0.6058564500872294,
        "purity_mean": 0.6058564483665013,
        "purity_min": 0.6058564468550203,
        "vn_entropy_max": 0.5831978133746929,
        "vn_entropy_mean": 0.5831978117405376,
        "vn_entropy_min": 0.5831978098801527
      }
    },
    "SEQ04_FWD": {
      "minus": {
        "purity_max": 0.55068973508697,
        "purity_mean": 0.5506897348278394,
        "purity_min": 0.5506897345857097,
        "vn_entropy_max": 0.6415642168159912,
        "vn_entropy_mean": 0.6415642165651423,
        "vn_entropy_min": 0.6415642162966804
      },
      "plus": {
        "purity_max": 0.5746923114081741,
        "purity_mean": 0.5746923099627627,
        "purity_min": 0.5746923086931185,
        "vn_entropy_max": 0.6164742900080358,
        "vn_entropy_mean": 0.6164742886688184,
        "vn_entropy_min": 0.6164742871442023
      }
    },
    "SEQ04_REV": {
      "minus": {
        "purity_max": 0.5798691072973374,
        "purity_mean": 0.579869106983615,
        "purity_min": 0.5798691066937341,
        "vn_entropy_max": 0.6110029270458923,
        "vn_entropy_mean": 0.6110029267389042,
        "vn_entropy_min": 0.6110029264066674
      },
      "plus": {
        "purity_max": 0.6058564500872294,
        "purity_mean": 0.6058564483665013,
        "purity_min": 0.6058564468550203,
        "vn_entropy_max": 0.5831978133746929,
        "vn_entropy_mean": 0.5831978117405376,
        "vn_entropy_min": 0.5831978098801527
      }
    }
  },
  "n_vec": [
    0.3,
    0.4,
    0.866025403784
  ],
  "num_states": 256,
  "seed": 0,
  "seqs": {
    "SEQ01": [
      [
        "Se",
        "Ne",
        "Ni",
        "Si"
      ],
      [
        "Si",
        "Ni",
        "Ne",
        "Se"
      ]
    ],
    "SEQ02": [
      [
        "Se",
        "Si",
        "Ni",
        "Ne"
      ],
      [
        "Ne",
        "Ni",
        "Si",
        "Se"
      ]
    ],
    "SEQ03": [
      [
        "Se",
        "Ne",
        "Si",
        "Ni"
      ],
      [
        "Ni",
        "Si",
        "Ne",
        "Se"
      ]
    ],
    "SEQ04": [
      [
        "Se",
        "Si",
        "Ne",
        "Ni"
      ],
      [
        "Ni",
        "Ne",
        "Si",
        "Se"
      ]
    ]
  },
  "terrain_params": {
    "gamma": 0.12,
    "p": 0.08,
    "q": 0.1
  },
  "theta": 0.07
}