{
  "cycles": 16,
  "n_vec": [
    0.3,
    0.4,
    0.866025403784
  ],
  "operator_params": {
    "d_fe": 0.04,
    "q_fi": 0.06,
    "theta_te": 0.05
  },
  "results": {
    "T1_SEQ01_inner_MIX_R": {
      "stage_metrics": {
        "1_Se_DOWN": {
          "P_traj_mean": 0.8062137502810895,
          "S_traj_mean": 0.3384694705626743
        },
        "2_Ne_UP": {
          "P_traj_mean": 0.5182878811993397,
          "S_traj_mean": 0.6718054169663943
        },
        "3_Ni_UP": {
          "P_traj_mean": 0.542459396436963,
          "S_traj_mean": 0.6460933451035475
        },
        "4_Si_DOWN": {
          "P_traj_mean": 0.5431072769194472,
          "S_traj_mean": 0.6454453142017323
        }
      }
    },
    "T1_SEQ01_inner_UNIFORM": {
      "stage_metrics": {
        "1_Se_DOWN": {
          "P_traj_mean": 0.8008950066685331,
          "S_traj_mean": 0.3457191555598302
        },
        "2_Ne_UP": {
          "P_traj_mean": 0.5195854431985201,
          "S_traj_mean": 0.669900575064739
        },
        "3_Ni_UP": {
          "P_traj_mean": 0.5451435024766114,
          "S_traj_mean": 0.6431163695301294
        },
        "4_Si_DOWN": {
          "P_traj_mean": 0.5433998823469521,
          "S_traj_mean": 0.6452125354546265
        }
      }
    },
    "T1_SEQ01_outer_MIX_R": {
      "stage_metrics": {
        "1_Se_UP": {
          "P_traj_mean": 0.8062137502810895,
          "S_traj_mean": 0.3384694705626743
        },
        "2_Ne_DOWN": {
          "P_traj_mean": 0.5182878811993397,
          "S_traj_mean": 0.6718054169663943
        },
        "3_Ni_DOWN": {
          "P_traj_mean": 0.542459396436963,
          "S_traj_mean": 0.6460933451035475
        },
        "4_Si_UP": {
          "P_traj_mean": 0.5431072769194472,
          "S_traj_mean": 0.6454453142017323
        }
      }
    },
    "T1_SEQ01_outer_UNIFORM": {
      "stage_metrics": {
        "1_Se_UP": {
          "P_traj_mean": 0.8117351353368519,
          "S_traj_mean": 0.33059053986338227
        },
        "2_Ne_DOWN": {
          "P_traj_mean": 0.5195854431985201,
          "S_traj_mean": 0.669900575064739
        },
        "3_Ni_DOWN": {
          "P_traj_mean": 0.5448652216312524,
          "S_traj_mean": 0.6434052119379179
        },
        "4_Si_UP": {
          "P_traj_mean": 0.5433998823469521,
          "S_traj_mean": 0.6452125354546265
        }
      }
    },
    "T1_SEQ02_inner_MIX_R": {
      "stage_metrics": {
        "1_Se_DOWN": {
          "P_traj_mean": 0.8062137502810895,
          "S_traj_mean": 0.3384694705626743
        },
        "2_Si_UP": {
          "P_traj_mean": 0.5415457496589057,
          "S_traj_mean": 0.6474992691445349
        },
        "3_Ni_UP": {
          "P_traj_mean": 0.542459396436963,
          "S_traj_mean": 0.6460933451035475
        },
        "4_Ne_DOWN": {
          "P_traj_mean": 0.5192455760160128,
          "S_traj_mean": 0.6704082871574151
        }
      }
    },
    "T1_SEQ02_inner_UNIFORM": {
      "stage_metrics": {
        "1_Se_DOWN": {
          "P_traj_mean": 0.8008950066685331,
          "S_traj_mean": 0.3457191555598302
        },
        "2_Si_UP": {
          "P_traj_mean": 0.5422385824512213,
          "S_traj_mean": 0.6462316242809533
        },
        "3_Ni_UP": {
          "P_traj_mean": 0.5451435024766114,
          "S_traj_mean": 0.6431163695301294
        },
        "4_Ne_DOWN": {
          "P_traj_mean": 0.5192694195515519,
          "S_traj_mean": 0.6704595069433938
        }
      }
    },
    "T1_SEQ02_outer_MIX_R": {
      "stage_metrics": {
        "1_Se_UP": {
          "P_traj_mean": 0.8062137502810895,
          "S_traj_mean": 0.3384694705626743
        },
        "2_Si_DOWN": {
          "P_traj_mean": 0.5415457496589057,
          "S_traj_mean": 0.6474992691445349
        },
        "3_Ni_DOWN": {
          "P_traj_mean": 0.542459396436963,
          "S_traj_mean": 0.6460933451035475
        },
        "4_Ne_UP": {
          "P_traj_mean": 0.5192455760160128,
          "S_traj_mean": 0.6704082871574151
        }
      }
    },
    "T1_SEQ02_outer_UNIFORM": {
      "stage_metrics": {
        "1_Se_UP": {
          "P_traj_mean": 0.8117351353368519,
          "S_traj_mean": 0.33059053986338227
        },
        "2_Si_DOWN": {
          "P_traj_mean": 0.5422385824512211,
          "S_traj_mean": 0.6462316242809533
        },
        "3_Ni_DOWN": {
          "P_traj_mean": 0.5448652216312524,
          "S_traj_mean": 0.6434052119379179
        },
        "4_Ne_UP": {
          "P_traj_mean": 0.5192694195515519,
          "S_traj_mean": 0.6704595069433938
        }
      }
    },
    "T1_SEQ03_inner_MIX_R": {
      "stage_metrics": {
        "1_Se_DOWN": {
          "P_traj_mean": 0.8062137502810895,
          "S_traj_mean": 0.3384694705626743
        },
        "2_Ne_UP": {
          "P_traj_mean": 0.5182878811993397,
          "S_traj_mean": 0.6718054169663943
        },
        "3_Si_UP": {
          "P_traj_mean": 0.5409761206047238,
          "S_traj_mean": 0.6476018883599187
        },
        "4_Ni_DOWN": {
          "P_traj_mean": 0.544726293790375,
          "S_traj_mean": 0.6437984034210662
        }
      }
    },
    "T1_SEQ03_inner_UNIFORM": {
      "stage_metrics": {
        "1_Se_DOWN": {
          "P_traj_mean": 0.8008950066685331,
          "S_traj_mean": 0.3457191555598302
        },
        "2_Ne_UP": {
          "P_traj_mean": 0.5195854431985201,
          "S_traj_mean": 0.669900575064739
        },
        "3_Si_UP": {
          "P_traj_mean": 0.543410755162484,
          "S_traj_mean": 0.6448815842771104
        },
        "4_Ni_DOWN": {
          "P_traj_mean": 0.544894447390269,
          "S_traj_mean": 0.6436949403751628
        }
      }
    },
    "T1_SEQ03_outer_MIX_R": {
      "stage_metrics": {
        "1_Se_UP": {
          "P_traj_mean": 0.8062137502810895,
          "S_traj_mean": 0.3384694705626743
        },
        "2_Ne_DOWN": {
          "P_traj_mean": 0.5182878811993397,
          "S_traj_mean": 0.6718054169663943
        },
        "3_Si_DOWN": {
          "P_traj_mean": 0.5409761206047238,
          "S_traj_mean": 0.6476018883599187
        },
        "4_Ni_UP": {
          "P_traj_mean": 0.544726293790375,
          "S_traj_mean": 0.6437984034210662
        }
      }
    },
    "T1_SEQ03_outer_UNIFORM": {
      "stage_metrics": {
        "1_Se_UP": {
          "P_traj_mean": 0.8117351353368519,
          "S_traj_mean": 0.33059053986338227
        },
        "2_Ne_DOWN": {
          "P_traj_mean": 0.5195854431985201,
          "S_traj_mean": 0.669900575064739
        },
        "3_Si_DOWN": {
          "P_traj_mean": 0.543410755162484,
          "S_traj_mean": 0.6448815842771104
        },
        "4_Ni_UP": {
          "P_traj_mean": 0.5451804002345794,
          "S_traj_mean": 0.6433986236804798
        }
      }
    },
    "T1_SEQ04_inner_MIX_R": {
      "stage_metrics": {
        "1_Se_DOWN": {
          "P_traj_mean": 0.8062137502810895,
          "S_traj_mean": 0.3384694705626743
        },
        "2_Si_UP": {
          "P_traj_mean": 0.5415457496589057,
          "S_traj_mean": 0.6474992691445349
        },
        "3_Ne_UP": {
          "P_traj_mean": 0.5190886675892796,
          "S_traj_mean": 0.670498190595056
        },
        "4_Ni_DOWN": {
          "P_traj_mean": 0.544726293790375,
          "S_traj_mean": 0.6437984034210662
        }
      }
    },
    "T1_SEQ04_inner_UNIFORM": {
      "stage_metrics": {
        "1_Se_DOWN": {
          "P_traj_mean": 0.8008950066685331,
          "S_traj_mean": 0.3457191555598302
        },
        "2_Si_UP": {
          "P_traj_mean": 0.5422385824512213,
          "S_traj_mean": 0.6462316242809533
        },
        "3_Ne_UP": {
          "P_traj_mean": 0.5199277029067744,
          "S_traj_mean": 0.6695175433855745
        },
        "4_Ni_DOWN": {
          "P_traj_mean": 0.544894447390269,
          "S_traj_mean": 0.6436949403751628
        }
      }
    },