{
  "dS_max": 0.24738521068172842,
  "dS_mean": 0.045603935588729966,
  "dS_min": -0.02250484993653462,
  "gamma": 0.08,
  "kind": "FGA",
  "n_vec": [
    0.3,
    0.4,
    0.866025403784
  ],
  "seed": 0,
  "theta": 0.23,
  "trials": 512
}