{
  "n_vec": [
    0.3,
    0.4,
    0.866025403784
  ],
  "num_states": 512,
  "operator_params": {
    "d_fe": 0.04,
    "q_fi": 0.06,
    "theta_te": 0.05
  },
  "seed": 0,
  "terrain_order": [
    "Se",
    "Ne",
    "Ni",
    "Si"
  ],
  "terrain_params": {
    "gamma": 0.12,
    "p": 0.08,
    "q": 0.1
  },
  "theta": 0.07,
  "type1": {
    "inner": {
      "1_Se_DOWN": {
        "purity_max": 0.9404589531864774,
        "purity_mean": 0.6077734155352288,
        "purity_min": 0.5018301650731507,
        "vn_entropy_max": 0.691315897347478,
        "vn_entropy_mean": 0.5758532170682593,
        "vn_entropy_min": 0.13721494348400531
      },
      "2_Ne_UP": {
        "purity_max": 0.603115682162,
        "purity_mean": 0.5227150821004735,
        "purity_min": 0.5000000171825202,
        "vn_entropy_max": 0.693147163377425,
        "vn_entropy_mean": 0.6700445860354092,
        "vn_entropy_min": 0.5861577068335673
      },
      "3_Ni_UP": {
        "purity_max": 0.9163832026610186,
        "purity_mean": 0.5798549140997931,
        "purity_min": 0.5000000000127486,
        "vn_entropy_max": 0.6931471805471969,
        "vn_entropy_mean": 0.607239571666791,
        "vn_entropy_min": 0.17959088644246823
      },
      "4_Si_DOWN": {
        "purity_max": 0.9208088342602286,
        "purity_mean": 0.5873326284614112,
        "purity_min": 0.5000051800827655,
        "vn_entropy_max": 0.6931420004682354,
        "vn_entropy_mean": 0.5986592145369128,
        "vn_entropy_min": 0.17205820051177992
      }
    },
    "outer": {
      "1_Se_UP": {
        "purity_max": 0.9288494440725874,
        "purity_mean": 0.5993703252611948,
        "purity_min": 0.5025351427911866,
        "vn_entropy_max": 0.6906098910957335,
        "vn_entropy_mean": 0.5851933509748253,
        "vn_entropy_min": 0.15809372413234574
      },
      "2_Ne_DOWN": {
        "purity_max": 0.6082643235199968,
        "purity_mean": 0.5233069183561471,
        "purity_min": 0.5000008464299052,
        "vn_entropy_max": 0.6931463341298014,
        "vn_entropy_mean": 0.6694287286312529,
        "vn_entropy_min": 0.5805919375349768
      },
      "3_Ni_DOWN": {
        "purity_max": 0.9091070550425953,
        "purity_mean": 0.5864743423646335,
        "purity_min": 0.5000000094766781,
        "vn_entropy_max": 0.6931471710832672,
        "vn_entropy_mean": 0.6002157001832906,
        "vn_entropy_min": 0.1917585440861851
      },
      "4_Si_UP": {
        "purity_max": 0.9235892931556152,
        "purity_mean": 0.5857610767700802,
        "purity_min": 0.500001231794994,
        "vn_entropy_max": 0.6931459487644456,
        "vn_entropy_mean": 0.6007903051029663,
        "vn_entropy_min": 0.16727133035165878
      }
    }
  },
  "type1_sign": 1,
  "type2": {
    "inner": {
      "1_Se_DOWN": {
        "purity_max": 0.9442265382752058,
        "purity_mean": 0.6001888114344643,
        "purity_min": 0.5007001866341707,
        "vn_entropy_max": 0.6924468304137252,
        "vn_entropy_mean": 0.5843519118877273,
        "vn_entropy_min": 0.1302327192162313
      },
      "2_Ne_UP": {
        "purity_max": 0.6099128747298415,
        "purity_mean": 0.5224427900155866,
        "purity_min": 0.5000000222273268,
        "vn_entropy_max": 0.6931471583326184,
        "vn_entropy_mean": 0.6703054812599413,
        "vn_entropy_min": 0.5788048472078332
      },
      "3_Ni_UP": {
        "purity_max": 0.9226156991185002,
        "purity_mean": 0.58592764187611,
        "purity_min": 0.5000006092156912,
        "vn_entropy_max": 0.6931465713441303,
        "vn_entropy_mean": 0.599784732501537,
        "vn_entropy_min": 0.16895239203305093
      },
      "4_Si_DOWN": {
        "purity_max": 0.9254351810221623,
        "purity_mean": 0.5906696153568232,
        "purity_min": 0.5000000008694008,
        "vn_entropy_max": 0.6931471796905446,
        "vn_entropy_mean": 0.5948867945293321,
        "vn_entropy_min": 0.1640692676985933
      }
    },
    "outer": {
      "1_Se_UP": {
        "purity_max": 0.9443533309239125,
        "purity_mean": 0.6072676511884425,
        "purity_min": 0.5007423209612644,
        "vn_entropy_max": 0.6924046758093778,
        "vn_entropy_mean": 0.5762325388215843,
        "vn_entropy_min": 0.1299958149810466
      },
      "2_Ne_DOWN": {
        "purity_max": 0.5961699784356678,
        "purity_mean": 0.5231392106919011,
        "purity_min": 0.5000000609442061,
        "vn_entropy_max": 0.6931471196157379,
        "vn_entropy_mean": 0.6696234585836407,
        "vn_entropy_min": 0.593629318330167
      },
      "3_Ni_DOWN": {
        "purity_max": 0.9227342640628975,
        "purity_mean": 0.5849221476607114,
        "purity_min": 0.5000003006290161,
        "vn_entropy_max": 0.6931468799308991,
        "vn_entropy_mean": 0.6015101060647372,
        "vn_entropy_min": 0.16874795675975646
      },
      "4_Si_UP": {
        "purity_max": 0.8945201027849616,
        "purity_mean": 0.5868696806162912,
        "purity_min": 0.5000031139618523,
        "vn_entropy_max": 0.6931440665948609,
        "vn_entropy_mean": 0.5993307669443652,
        "vn_entropy_min": 0.21542174688001803
      }
    }
  },
  "type2_sign": -1
}