{
  "S_SIM_AXIS0_TRAJ_CORR_SUITE_V3": {
    "SEQ01": [
      "Se",
      "Ne",
      "Ni",
      "Si"
    ],
    "SEQ02": [
      "Se",
      "Si",
      "Ni",
      "Ne"
    ],
    "cycles": 16,
    "entangle_reps": 1,
    "n_vec": [
      0.3,
      0.4,
      0.866025403784
    ],
    "seed": 0,
    "sign-1_SEQ01": {
      "MI_bar": 0.36403437592705445,
      "MI_mean": 0.2526775528570798,
      "SAgB_bar": 0.209485573807311,
      "SAgB_mean": 0.4045956414496306,
      "logMI_slope": -0.00804953645526675,
      "neg_SAgB_frac": 0.192626953125
    },
    "sign-1_SEQ02": {
      "MI_bar": 0.3683832857155184,
      "MI_mean": 0.2536425753923245,
      "SAgB_bar": 0.20222662550426332,
      "SAgB_mean": 0.40404759733103746,
      "logMI_slope": -0.008102952693070039,
      "neg_SAgB_frac": 0.19482421875
    },
    "sign-1_delta_MI_bar_SEQ02_minus_SEQ01": 0.004348909788463973,
    "sign-1_delta_SAgB_bar_SEQ02_minus_SEQ01": -0.007258948303047685,
    "sign-1_delta_negfrac_SEQ02_minus_SEQ01": 0.002197265625,
    "sign1_SEQ01": {
      "MI_bar": 0.3577783279299508,
      "MI_mean": 0.25283662178669863,
      "SAgB_bar": 0.21669777919911215,
      "SAgB_mean": 0.40496482347853746,
      "logMI_slope": -0.008236064310148563,
      "neg_SAgB_frac": 0.1905517578125
    },
    "sign1_SEQ02": {
      "MI_bar": 0.36272909216666255,
      "MI_mean": 0.25023339880448725,
      "SAgB_bar": 0.20871427895682992,
      "SAgB_mean": 0.40617483187210457,
      "logMI_slope": -0.00859933612297469,
      "neg_SAgB_frac": 0.1925048828125
    },
    "sign1_delta_MI_bar_SEQ02_minus_SEQ01": 0.004950764236711758,
    "sign1_delta_SAgB_bar_SEQ02_minus_SEQ01": -0.007983500242282227,
    "sign1_delta_negfrac_SEQ02_minus_SEQ01": 0.001953125,
    "terrain_params": {
      "gamma": 0.02,
      "p": 0.02,
      "q": 0.02
    },
    "theta": 0.07,
    "trials": 256
  },
  "S_SIM_AXIS12_CHANNEL_REALIZATION_V3": {
    "SEQ01_minus_P_mean": 0.5519493503420252,
    "SEQ01_minus_S_mean": 0.6402586401341941,
    "SEQ01_plus_P_mean": 0.5561877539285798,
    "SEQ01_plus_S_mean": 0.6358567050505306,
    "SEQ02_minus_P_mean": 0.5519945893235579,
    "SEQ02_minus_S_mean": 0.6402117280584232,
    "SEQ02_plus_P_mean": 0.5587513681120366,
    "SEQ02_plus_S_mean": 0.6331874849703686,
    "SEQ03_minus_P_mean": 0.5506632157631193,
    "SEQ03_minus_S_mean": 0.6415916903247787,
    "SEQ03_plus_P_mean": 0.5544867055336413,
    "SEQ03_plus_S_mean": 0.6376250358629367,
    "SEQ04_minus_P_mean": 0.5506897348338171,
    "SEQ04_minus_S_mean": 0.6415642165589492,
    "SEQ04_plus_P_mean": 0.5555466746593343,
    "SEQ04_plus_S_mean": 0.6365234019168111,
    "counts": {
      "nesi_within_SEQ01": 0,
      "nesi_within_SEQ02": 0,
      "nesi_within_SEQ03": 1,
      "nesi_within_SEQ04": 1,
      "seni_within_SEQ01": 0,
      "seni_within_SEQ02": 0,
      "seni_within_SEQ03": 1,
      "seni_within_SEQ04": 1,
      "seta_bad_SEQ01": 0,
      "seta_bad_SEQ02": 4,
      "seta_bad_SEQ03": 3,
      "seta_bad_SEQ04": 3,
      "setb_bad_SEQ01": 4,
      "setb_bad_SEQ02": 0,
      "setb_bad_SEQ03": 3,
      "setb_bad_SEQ04": 3
    },
    "cycles": 64,
    "n_vec": [
      0.3,
      0.4,
      0.866025403784
    ],
    "seed": 0,
    "seqs": {
      "SEQ01": [
        "Se",
        "Ne",
        "Ni",
        "Si"
      ],
      "SEQ02": [
        "Se",
        "Si",
        "Ni",
        "Ne"
      ],
      "SEQ03": [
        "Se",
        "Ne",
        "Si",
        "Ni"
      ],
      "SEQ04": [
        "Se",
        "Si",
        "Ne",
        "Ni"
      ]
    },
    "terrain_params": {
      "gamma": 0.12,
      "p": 0.08,
      "q": 0.1
    },
    "theta": 0.07,
    "trials": 256
  },
  "S_SIM_NEGCTRL_AXIS6_COMMUTE_V1": {
    "comm_norm_max": 0.0,
    "comm_norm_mean": 0.0,
    "comm_norm_min": 0.0,
    "delta_trace_max": 0.0,
    "delta_trace_mean": 0.0,
    "delta_trace_min": 0.0
  },
  "S_SIM_STAGE16_SUB4_AXIS6_UNIFORM_V3": {
    "delta_inner_uniform_minus_mixed": {
      "Ne_dP_mean": -13579.836570468655,
      "Ne_dS_mean": -0.024922540331823173,
      "Ni_dP_mean": 16.65826743599132,
      "Ni_dS_mean": 0.023711877522707148,
      "Se_dP_mean": -56.095850642215055,
      "Se_dS_mean": -0.013216920147599565,
      "Si_dP_mean": -664.3634339658139,
      "Si_dS_mean": -0.019797825647900114
    },
    "delta_outer_uniform_minus_mixed": {
      "Ne_dP_mean": -35620.77268958477,
      "Ne_dS_mean": -0.007001747195186314,
      "Ni_dP_mean": 66.46071409928692,
      "Ni_dS_mean": 0.013881008860470723,
      "Se_dP_mean": -67.64165339650631,
      "Se_dS_mean": 0.026529159735080743,
      "Si_dP_mean": 38044.26713923551,
      "Si_dS_mean": 0.0009249611483640452
    },
    "inner_mixed": {
      "Ne_dP_mean": 13986.227235649274,
      "Ne_dS_mean": -0.3292555194316711,
      "Ni_dP_mean": 1852.8083870716848,
      "Ni_dS_mean": -0.32692418815330865,
      "Se_dP_mean": 147.9868852900267,
      "Se_dS_mean": -0.3307923033712261,
      "Si_dP_mean": 780.4057339396597,
      "Si_dS_mean": -0.31672143745578996
    },
    "inner_uniform": {
      "Ne_dP_mean": 406.3906651806183,
      "Ne_dS_mean": -0.35417805976349426,
      "Ni_dP_mean": 1869.4666545076761,
      "Ni_dS_mean": -0.3032123106306015,
      "Se_dP_mean": 91.89103464781164,
      "Se_dS_mean": -0.3440092235188257,
      "Si_dP_mean": 116.04229997384587,
      "Si_dS_mean": -0.33651926310369007
    },
    "order": [
      "Se",
      "Ne",
      "Ni",
      "Si"
    ],
    "outer_mixed": {
      "Ne_dP_mean": 36484.13901533781,
      "Ne_dS_mean": -0.31766664492704233,
      "Ni_dP_mean": 88.25714445176686,
      "Ni_dS_mean": -0.3324617161610376,
      "Se_dP_mean": 183.40076788145439,
      "Se_dS_mean": -0.3468416375410033,
      "Si_dP_mean": 32.096063171473354,
      "Si_dS_mean": -0.33607163159643794
    },
    "outer_uniform": {
      "Ne_dP_mean": 863.3663257530333,
      "Ne_dS_mean": -0.32466839212222864,
      "Ni_dP_mean": 154.71785855105378,
      "Ni_dS_mean": -0.31858070730056687,
      "Se_dP_mean": 115.75911448494807,
      "Se_dS_mean": -0.32031247780592254,
      "Si_dP_mean": 38076.36320240698,
      "Si_dS_mean": -0.3351466704480739
    },
    "seed": 0
  }
}