{
  "axis0_ab_postinit": {
    "T1_FWD_BELL_CNOT_R1_SEQ01": {
      "SAgB_final_mean": 0.6461531851362043,
      "SAgB_init_mean": -0.6931471805599336,
      "SAgB_postinit_mean": 0.47721047427075425,
      "SAgB_postinit_min": -0.49908618953971084,
      "SAgB_postinit_neg_frac": 0.082916259765625
    },
    "T1_FWD_GINIBRE_CNOT_R1_SEQ01": {
      "SAgB_final_mean": 0.6486514151495434,
      "SAgB_init_mean": 0.32622120875480354,
      "SAgB_postinit_mean": 0.616377666685773,
      "SAgB_postinit_min": 0.3783151005899759,
      "SAgB_postinit_neg_frac": 0.0
    }
  },
  "axis0_cycles": 64,
  "axis0_trials": 128,
  "n_vec": [
    0.3,
    0.4,
    0.866025403784
  ],
  "seeds": [
    0,
    1,
    2,
    3
  ],
  "seqs": {
    "SEQ01": [
      "Se",
      "Ne",
      "Ni",
      "Si"
    ]
  },
  "theta": 0.07,
  "tparams_ab": {
    "gamma": 0.02,
    "p": 0.02,
    "q": 0.02
  }
}