{
  "cycles": 64,
  "entangle_reps": 1,
  "n_vec": [
    0.3,
    0.4,
    0.866025403784
  ],
  "results": {
    "sign-1_BELL_FWD_SEQ01": {
      "MI_final_mean": 0.007519084751131796,
      "MI_init_mean": 1.3862943611198788,
      "MI_lambda_fit": 0.09132079404389025,
      "MI_traj_mean": 0.19984202942337423,
      "SAgB_final_mean": 0.6466203558800816,
      "SAgB_init_mean": -0.6931471805599332,
      "SAgB_neg_frac_traj": 0.10024038461538462,
      "SAgB_traj_mean": 0.45839833201325286
    },
    "sign-1_BELL_FWD_SEQ02": {
      "MI_final_mean": 0.0074379010001162215,
      "MI_init_mean": 1.3862943611198788,
      "MI_lambda_fit": 0.09157511964694268,
      "MI_traj_mean": 0.1998657723042404,
      "SAgB_final_mean": 0.6466846432307705,
      "SAgB_init_mean": -0.6931471805599332,
      "SAgB_neg_frac_traj": 0.10012019230769231,
      "SAgB_traj_mean": 0.4584668260207155
    },
    "sign-1_BELL_FWD_SEQ03": {
      "MI_final_mean": 0.007513033732244455,
      "MI_init_mean": 1.3862943611198788,
      "MI_lambda_fit": 0.09131303251643065,
      "MI_traj_mean": 0.1998092441671635,
      "SAgB_final_mean": 0.6466171194881853,
      "SAgB_init_mean": -0.6931471805599332,
      "SAgB_neg_frac_traj": 0.10024038461538462,
      "SAgB_traj_mean": 0.4582928188204648
    },
    "sign-1_BELL_FWD_SEQ04": {
      "MI_final_mean": 0.014025097913538873,
      "MI_init_mean": 1.3862943611198788,
      "MI_lambda_fit": 0.06512288507431757,
      "MI_traj_mean": 0.14679555355533377,
      "SAgB_final_mean": 0.6400563504089434,
      "SAgB_init_mean": -0.6931471805599332,
      "SAgB_neg_frac_traj": 0.07223557692307692,
      "SAgB_traj_mean": 0.5112793241209136
    },
    "sign-1_BELL_REV_SEQ01": {
      "MI_final_mean": 0.010667012238016275,
      "MI_init_mean": 1.3862943611198788,
      "MI_lambda_fit": 0.07483514694125872,
      "MI_traj_mean": 0.15742144642965494,
      "SAgB_final_mean": 0.6393767919002038,
      "SAgB_init_mean": -0.6931471805599332,
      "SAgB_neg_frac_traj": 0.078125,
      "SAgB_traj_mean": 0.4981447198788332
    },
    "sign-1_BELL_REV_SEQ02": {
      "MI_final_mean": 0.010707466147307101,
      "MI_init_mean": 1.3862943611198788,
      "MI_lambda_fit": 0.07482744345681996,
      "MI_traj_mean": 0.15747490119964555,
      "SAgB_final_mean": 0.6393533867263193,
      "SAgB_init_mean": -0.6931471805599332,
      "SAgB_neg_frac_traj": 0.07824519230769231,
      "SAgB_traj_mean": 0.49798517633159994
    },
    "sign-1_BELL_REV_SEQ03": {
      "MI_final_mean": 0.010862886901252339,
      "MI_init_mean": 1.3862943611198788,
      "MI_lambda_fit": 0.0744941838970106,
      "MI_traj_mean": 0.1576594239654829,
      "SAgB_final_mean": 0.639204089480395,
      "SAgB_init_mean": -0.6931471805599332,
      "SAgB_neg_frac_traj": 0.078125,
      "SAgB_traj_mean": 0.4980556412875584
    },
    "sign-1_BELL_REV_SEQ04": {
      "MI_final_mean": 0.02027689436030299,
      "MI_init_mean": 1.3862943611198788,
      "MI_lambda_fit": 0.06487867790204552,
      "MI_traj_mean": 0.29715872560019674,
      "SAgB_final_mean": 0.6298383942158085,
      "SAgB_init_mean": -0.6931471805599332,
      "SAgB_neg_frac_traj": 0.14182692307692307,
      "SAgB_traj_mean": 0.35858002468670863
    },
    "sign-1_GINIBRE_FWD_SEQ01": {
      "MI_final_mean": 0.004258992694741757,
      "MI_init_mean": 0.2729332667831374,
      "MI_lambda_fit": 0.06353520364438583,
      "MI_traj_mean": 0.041730299899558926,
      "SAgB_final_mean": 0.649710762084347,
      "SAgB_init_mean": 0.3255873031967841,
      "SAgB_neg_frac_traj": 0.0,
      "SAgB_traj_mean": 0.6149448502802598
    },
    "sign-1_GINIBRE_FWD_SEQ02": {
      "MI_final_mean": 0.00428399636700872,
      "MI_init_mean": 0.2729332667831374,
      "MI_lambda_fit": 0.06335234922753431,
      "MI_traj_mean": 0.041908692996211895,
      "SAgB_final_mean": 0.6496673697121909,
      "SAgB_init_mean": 0.3255873031967841,
      "SAgB_neg_frac_traj": 0.0,
      "SAgB_traj_mean": 0.6147683504898358
    },
    "sign-1_GINIBRE_FWD_SEQ03": {
      "MI_final_mean": 0.00415492248868953,
      "MI_init_mean": 0.2729332667831374,
      "MI_lambda_fit": 0.06404030119654876,
      "MI_traj_mean": 0.0415202653991241,
      "SAgB_final_mean": 0.6498106629673175,
      "SAgB_init_mean": 0.3255873031967841,
      "SAgB_neg_frac_traj": 0.0,
      "SAgB_traj_mean": 0.6151509779262821
    },
    "sign-1_GINIBRE_FWD_SEQ04": {
      "MI_final_mean": 0.006328506814354226,
      "MI_init_mean": 0.2729332667831374,
      "MI_lambda_fit": 0.050374844245962565,
      "MI_traj_mean": 0.038507795515551356,
      "SAgB_final_mean": 0.6475896294868879,
      "SAgB_init_mean": 0.3255873031967841,
      "SAgB_neg_frac_traj": 0.0,
      "SAgB_traj_mean": 0.6181378280128348
    },
    "sign-1_GINIBRE_REV_SEQ01": {
      "MI_final_mean": 0.004250644179527221,
      "MI_init_mean": 0.2729332667831374,
      "MI_lambda_fit": 0.06098466853746819,
      "MI_traj_mean": 0.03774577166699402,
      "SAgB_final_mean": 0.6456329972794952,
      "SAgB_init_mean": 0.3255873031967841,
      "SAgB_neg_frac_traj": 0.0,
      "SAgB_traj_mean": 0.6162271122753076
    },
    "sign-1_GINIBRE_REV_SEQ02": {
      "MI_final_mean": 0.004265855725170719,
      "MI_init_mean": 0.2729332667831374,
      "MI_lambda_fit": 0.060909787759843514,
      "MI_traj_mean": 0.03794692734742352,
      "SAgB_final_mean": 0.6456362475993817,
      "SAgB_init_mean": 0.3255873031967841,
      "SAgB_neg_frac_traj": 0.0,
      "SAgB_traj_mean": 0.6160271114022418
    },
    "sign-1_GINIBRE_REV_SEQ03": {
      "MI_final_mean": 0.004381028449762018,
      "MI_init_mean": 0.2729332667831374,
      "MI_lambda_fit": 0.060426335231182016,
      "MI_traj_mean": 0.03800787446514442,
      "SAgB_final_mean": 0.6455202902344834,
      "SAgB_init_mean": 0.3255873031967841,
      "SAgB_neg_frac_traj": 0.0,
      "SAgB_traj_mean": 0.6159774868853977
    },
    "sign-1_GINIBRE_REV_SEQ04": {
      "MI_final_mean": 0.006603246621707377,
      "MI_init_mean": 0.2729332667831374,
      "MI_lambda_fit": 0.05447491665538858,
      "MI_traj_mean": 0.05182806934420423,
      "SAgB_final_mean": 0.6433448154421066,
      "SAgB_init_mean": 0.3255873031967841,
      "SAgB_neg_frac_traj": 0.0,
      "SAgB_traj_mean": 0.6021824863067199
    },
    "sign1_BELL_FWD_SEQ01": {
      "MI_final_mean": 0.007513492534590754,
      "MI_init_mean": 1.3862943611198788,
      "MI_lambda_fit": 0.09098424734828672,
      "MI_traj_mean": 0.19898760666490162,
      "SAgB_final_mean": 0.6461725010829511,
      "SAgB_init_mean": -0.6931471805599332,
      "SAgB_neg_frac_traj": 0.09699519230769231,
      "SAgB_traj_mean": 0.4592869374955077
    },
    "sign1_BELL_FWD_SEQ02": {
      "MI_final_mean": 0.007497834739120324,
      "MI_init_mean": 1.3862943611198788,
      "MI_lambda_fit": 0.09104933564102942,
      "MI_traj_mean": 0.1985210558482364,
      "SAgB_final_mean": 0.646141937447908,
      "SAgB_init_mean": -0.6931471805599332,
      "SAgB_neg_frac_traj": 0.09663461538461539,
      "SAgB_traj_mean": 0.4597274265666544
    },
    "sign1_BELL_FWD_SEQ03": {
      "MI_final_mean": 0.007478295500192052,
      "MI_init_mean": 1.3862943611198788,
      "MI_lambda_fit": 0.09105579043706609,
      "MI_traj_mean": 0.19891502215037524,
      "SAgB_final_mean": 0.64619237079243,
      "SAgB_init_mean": -0.6931471805599332,
      "SAgB_neg_frac_traj": 0.096875,
      "SAgB_traj_mean": 0.4592297553947509
    },
    "sign1_BELL_FWD_SEQ04": {
      "MI_final_mean": 0.014562022662501234,
      "MI_init_mean": 1.3862943611198788,
      "MI_lambda_fit": 0.0641156381058788,
      "MI_traj_mean": 0.1470168871279225,
      "SAgB_final_mean": 0.6390434843080817,
      "SAgB_init_mean": -0.6931471805599332,
      "SAgB_neg_frac_traj": 0.06995192307692308,
      "SAgB_traj_mean": 0.5110568647917657
    },
    "sign1_BELL_REV_SEQ01": {
      "MI_final_mean": 0.010923301623549849,
      "MI_init_mean": 1.3862943611198788,
      "MI_lambda_fit": 0.07416646644756739,