{
  "axis3_sign": 1,
  "cycles": 64,
  "n_vec": [
    0.3,
    0.4,
    0.866025403784
  ],
  "num_states": 256,
  "polarity_minus": {
    "purity_max": 0.5561877541838656,
    "purity_mean": 0.5561877539266254,
    "purity_min": 0.5561877536696309,
    "vn_entropy_max": 0.6358567053198906,
    "vn_entropy_mean": 0.6358567050525633,
    "vn_entropy_min": 0.6358567047849806
  },
  "polarity_plus": {
    "purity_max": 0.5746923114081741,
    "purity_mean": 0.5746923099627627,
    "purity_min": 0.5746923086931185,
    "vn_entropy_max": 0.6164742900080358,
    "vn_entropy_mean": 0.6164742886688184,
    "vn_entropy_min": 0.6164742871442023
  },
  "seed": 0,
  "sequence": [
    "Se",
    "Ne",
    "Ni",
    "Si"
  ],
  "sim_id": "S_SIM_AXIS4_SEQ01_P03",
  "terrain_params": {
    "gamma": 0.12,
    "p": 0.08,
    "q": 0.1
  },
  "theta": 0.07
}