{
  "FE_comm_norm_mean": 0.7971647035092639,
  "FE_delta_trace_mean": 1.1273611351479282,
  "FI_comm_norm_mean": 0.6823497954277324,
  "FI_delta_trace_mean": 0.9649883349764061,
  "TE_comm_norm_mean": 0.8349752194448159,
  "TE_delta_trace_mean": 1.1808332795843097,
  "TI_comm_norm_mean": 0.530039494923813,
  "TI_delta_trace_mean": 0.7495890423146414,
  "seed": 0,
  "trials": 512
}