{
  "axis3_sign": 1,
  "cycles": 64,
  "n_vec": [
    0.3,
    0.4,
    0.866025403784
  ],
  "num_states": 256,
  "polarity_minus": {
    "purity_max": 0.558751368363299,
    "purity_mean": 0.558751368096289,
    "purity_min": 0.5587513678296866,
    "vn_entropy_max": 0.6331874852646293,
    "vn_entropy_mean": 0.6331874849867805,
    "vn_entropy_min": 0.6331874847085069
  },
  "polarity_plus": {
    "purity_max": 0.5746923114081743,
    "purity_mean": 0.5746923099627627,
    "purity_min": 0.5746923086931185,
    "vn_entropy_max": 0.6164742900080358,
    "vn_entropy_mean": 0.6164742886688184,
    "vn_entropy_min": 0.6164742871442022
  },
  "seed": 0,
  "sequence": [
    "Se",
    "Si",
    "Ni",
    "Ne"
  ],
  "sim_id": "S_SIM_AXIS4_SEQ02_P03",
  "terrain_params": {
    "gamma": 0.12,
    "p": 0.08,
    "q": 0.1
  },
  "theta": 0.07
}