{
  "SEQ03_fwd": [
    "Se",
    "Ne",
    "Si",
    "Ni"
  ],
  "SEQ03_rev": [
    "Ni",
    "Si",
    "Ne",
    "Se"
  ],
  "SEQ04_fwd": [
    "Se",
    "Si",
    "Ne",
    "Ni"
  ],
  "SEQ04_rev": [
    "Ni",
    "Ne",
    "Si",
    "Se"
  ],
  "axis3_sign": 1,
  "cycles": 64,
  "metrics": {
    "seq03_fwd_minus": {
      "purity_max": 0.5544867057776162,
      "purity_mean": 0.5544867055230767,
      "purity_min": 0.5544867052862356,
      "vn_entropy_max": 0.6376250361199671,
      "vn_entropy_mean": 0.6376250358739125,
      "vn_entropy_min": 0.637625035609471
    },
    "seq03_fwd_plus": {
      "purity_max": 0.5746923114081741,
      "purity_mean": 0.5746923099627627,
      "purity_min": 0.5746923086931185,
      "vn_entropy_max": 0.6164742900080358,
      "vn_entropy_mean": 0.6164742886688184,
      "vn_entropy_min": 0.6164742871442023
    },
    "seq03_rev_minus": {
      "purity_max": 0.5865710257637597,
      "purity_mean": 0.586571025443283,
      "purity_min": 0.5865710251409133,
      "vn_entropy_max": 0.6038869479883695,
      "vn_entropy_mean": 0.6038869476664765,
      "vn_entropy_min": 0.6038869473253076
    },
    "seq03_rev_plus": {
      "purity_max": 0.6058564500872294,
      "purity_mean": 0.6058564483665013,
      "purity_min": 0.6058564468550203,
      "vn_entropy_max": 0.5831978133746929,
      "vn_entropy_mean": 0.5831978117405376,
      "vn_entropy_min": 0.5831978098801527
    },
    "seq04_fwd_minus": {
      "purity_max": 0.5555466749186878,
      "purity_mean": 0.5555466746600937,
      "purity_min": 0.5555466744188793,
      "vn_entropy_max": 0.6365234021668154,
      "vn_entropy_mean": 0.6365234019160215,
      "vn_entropy_min": 0.6365234016471575
    },
    "seq04_fwd_plus": {
      "purity_max": 0.5746923114081741,
      "purity_mean": 0.5746923099627627,
      "purity_min": 0.5746923086931185,
      "vn_entropy_max": 0.6164742900080358,
      "vn_entropy_mean": 0.6164742886688184,
      "vn_entropy_min": 0.6164742871442023
    },
    "seq04_rev_minus": {
      "purity_max": 0.5852638844827037,
      "purity_mean": 0.5852638841647559,
      "purity_min": 0.5852638838647148,
      "vn_entropy_max": 0.6052777745029829,
      "vn_entropy_mean": 0.6052777741838964,
      "vn_entropy_min": 0.6052777738457665
    },
    "seq04_rev_plus": {
      "purity_max": 0.6058564500872294,
      "purity_mean": 0.6058564483665013,
      "purity_min": 0.6058564468550203,
      "vn_entropy_max": 0.5831978133746929,
      "vn_entropy_mean": 0.5831978117405376,
      "vn_entropy_min": 0.5831978098801527
    }
  },
  "n_vec": [
    0.3,
    0.4,
    0.866025403784
  ],
  "num_states": 256,
  "seed": 0,
  "terrain_params": {
    "gamma": 0.12,
    "p": 0.08,
    "q": 0.1
  },
  "theta": 0.07
}