{
  "delta_entropy_mean": 8.787818373125038e-05,
  "delta_purity_mean": -9.274188033376717e-05,
  "seed": 0,
  "trials": 512
}