{
  "axis0_ab": {
    "T1_FWD_CNOT_R1": {
      "dMI": -0.0007394962681647188,
      "dNegFrac": -0.0005408653846153966,
      "dSAgB": 0.0006057979105169031
    },
    "T1_FWD_CNOT_R2": {
      "dMI": 0.00015650358575114431,
      "dNegFrac": 0.0,
      "dSAgB": -0.0003005152046248183
    },
    "T1_FWD_CZ_R1": {
      "dMI": 0.00010154584424601487,
      "dNegFrac": 0.0004657451923076872,
      "dSAgB": -0.0004303623116747035
    },
    "T1_FWD_CZ_R2": {
      "dMI": 0.00015650358575114431,
      "dNegFrac": 0.0,
      "dSAgB": -0.0003005152046248183
    },
    "T1_REV_CNOT_R1": {
      "dMI": -0.00035051275235828405,
      "dNegFrac": -0.00024038461538461453,
      "dSAgB": 0.0002782878206474271
    },
    "T1_REV_CNOT_R2": {
      "dMI": -0.00018686117961400073,
      "dNegFrac": 0.0,
      "dSAgB": 0.00032512739802348367
    },
    "T1_REV_CZ_R1": {
      "dMI": -0.00022345034871276703,
      "dNegFrac": -0.0005558894230769246,
      "dSAgB": 6.826411928884113e-05
    },
    "T1_REV_CZ_R2": {
      "dMI": -0.00018686117961400073,
      "dNegFrac": 0.0,
      "dSAgB": 0.00032512739802348367
    },
    "T2_FWD_CNOT_R1": {
      "dMI": 0.00025069062601140724,
      "dNegFrac": -0.00016526442307691902,
      "dSAgB": -0.00019739414044556147
    },
    "T2_FWD_CNOT_R2": {
      "dMI": -0.0001759338151188783,
      "dNegFrac": 0.0,
      "dSAgB": 0.0001301840756045003
    },
    "T2_FWD_CZ_R1": {
      "dMI": 0.0003006482415007228,
      "dNegFrac": 0.0002704326923076983,
      "dSAgB": -0.0005436003198415751
    },
    "T2_FWD_CZ_R2": {
      "dMI": -0.0001759338151188783,
      "dNegFrac": 0.0,
      "dSAgB": 0.0001301840756045003
    },
    "T2_REV_CNOT_R1": {
      "dMI": 0.00012359735399808391,
      "dNegFrac": 0.00021033653846154465,
      "dSAgB": -0.0002583661100754031
    },
    "T2_REV_CNOT_R2": {
      "dMI": 0.00014500501413128308,
      "dNegFrac": 0.0,
      "dSAgB": -0.00010112081426982833
    },
    "T2_REV_CZ_R1": {
      "dMI": 4.7316649348594364e-05,
      "dNegFrac": 0.00025540865384614253,
      "dSAgB": -0.00032558344762034785
    },
    "T2_REV_CZ_R2": {
      "dMI": 0.00014500501413128308,
      "dNegFrac": 0.0,
      "dSAgB": -0.00010112081426982833
    }
  },
  "axis0_cycles": 64,
  "axis0_trials": 256,
  "axis12": {
    "SEQ01_NESI": 0,
    "SEQ01_SENI": 0,
    "SEQ02_NESI": 0,
    "SEQ02_SENI": 0,
    "SEQ03_NESI": 1,
    "SEQ03_SENI": 1,
    "SEQ04_NESI": 1,
    "SEQ04_SENI": 1
  },
  "n_vec": [
    0.3,
    0.4,
    0.866025403784
  ],
  "oparams_1q": {
    "d_fe": 0.04,
    "q_fi": 0.06,
    "theta_te": 0.05
  },
  "seeds": [
    0,
    1,
    2,
    3
  ],
  "seqs": {
    "SEQ01": [
      "Se",
      "Ne",
      "Ni",
      "Si"
    ],
    "SEQ02": [
      "Se",
      "Si",
      "Ni",
      "Ne"
    ]
  },
  "stage16": {
    "T1_inner_1_Se_DOWN_MIX_A": {
      "dP": -2.7755575615628914e-17,
      "dS": 0.0
    },
    "T1_inner_1_Se_DOWN_MIX_B": {
      "dP": 0.0026451093436504203,
      "dS": -0.0030557656357999563
    },
    "T1_inner_1_Se_DOWN_MIX_R": {
      "dP": 0.001321498621635886,
      "dS": -0.0015294040582931323
    },
    "T1_inner_2_Ne_UP_MIX_A": {
      "dP": 0.0,
      "dS": 0.0
    },
    "T1_inner_2_Ne_UP_MIX_B": {
      "dP": 2.7755575615628914e-17,
      "dS": 2.7755575615628914e-17
    },
    "T1_inner_2_Ne_UP_MIX_R": {
      "dP": -2.7755575615628914e-17,
      "dS": -2.7755575615628914e-17
    },
    "T1_inner_3_Ni_UP_MIX_A": {
      "dP": 0.00011684007183199174,
      "dS": -0.00013845910343818213
    },
    "T1_inner_3_Ni_UP_MIX_B": {
      "dP": -2.7755575615628914e-17,
      "dS": 0.0
    },
    "T1_inner_3_Ni_UP_MIX_R": {
      "dP": 5.762269231460171e-05,
      "dS": -6.822694527675033e-05
    },
    "T1_inner_4_Si_DOWN_MIX_A": {
      "dP": 2.7755575615628914e-17,
      "dS": 0.0
    },
    "T1_inner_4_Si_DOWN_MIX_B": {
      "dP": 0.0,
      "dS": 0.0
    },
    "T1_inner_4_Si_DOWN_MIX_R": {
      "dP": 0.0,
      "dS": 2.7755575615628914e-17
    },
    "T1_outer_1_Se_UP_MIX_A": {
      "dP": -0.0026451093436504203,
      "dS": 0.0030557656357999563
    },
    "T1_outer_1_Se_UP_MIX_B": {
      "dP": 2.7755575615628914e-17,
      "dS": 0.0
    },
    "T1_outer_1_Se_UP_MIX_R": {
      "dP": -0.001346050635301299,
      "dS": 0.0015601940184639673
    },
    "T1_outer_2_Ne_DOWN_MIX_A": {
      "dP": 0.0,
      "dS": 0.0
    },
    "T1_outer_2_Ne_DOWN_MIX_B": {
      "dP": 2.7755575615628914e-17,
      "dS": 2.7755575615628914e-17
    },
    "T1_outer_2_Ne_DOWN_MIX_R": {
      "dP": -2.7755575615628914e-17,
      "dS": 0.0
    },
    "T1_outer_3_Ni_DOWN_MIX_A": {
      "dP": 0.0,
      "dS": -2.7755575615628914e-17
    },
    "T1_outer_3_Ni_DOWN_MIX_B": {
      "dP": -0.0001168400718320195,
      "dS": 0.00013845910343815437
    },
    "T1_outer_3_Ni_DOWN_MIX_R": {
      "dP": -5.900955436416444e-05,
      "dS": 7.01427282897571e-05
    },
    "T1_outer_4_Si_UP_MIX_A": {
      "dP": 2.7755575615628914e-17,
      "dS": 0.0
    },
    "T1_outer_4_Si_UP_MIX_B": {
      "dP": 0.0,
      "dS": 0.0
    },
    "T1_outer_4_Si_UP_MIX_R": {
      "dP": 0.0,
      "dS": 0.0
    },
    "T2_inner_1_Se_DOWN_MIX_A": {
      "dP": 0.0,
      "dS": -2.7755575615628914e-17
    },
    "T2_inner_1_Se_DOWN_MIX_B": {
      "dP": 0.0024198312577514702,
      "dS": -0.0028297528238777903
    },
    "T2_inner_1_Se_DOWN_MIX_R": {
      "dP": 0.0012135877465187794,
      "dS": -0.0014216156855606232
    },
    "T2_inner_2_Ne_UP_MIX_A": {
      "dP": 0.0,
      "dS": -2.7755575615628914e-17
    },
    "T2_inner_2_Ne_UP_MIX_B": {
      "dP": 0.0,
      "dS": -2.7755575615628914e-17
    },
    "T2_inner_2_Ne_UP_MIX_R": {
      "dP": 0.0,
      "dS": 0.0
    },
    "T2_inner_3_Ni_UP_MIX_A": {
      "dP": 2.083491810067617e-05,
      "dS": -2.4881418596051086e-05
    },
    "T2_inner_3_Ni_UP_MIX_B": {
      "dP": 0.0,
      "dS": -2.7755575615628914e-17
    },
    "T2_inner_3_Ni_UP_MIX_R": {
      "dP": 1.0299272641955959e-05,
      "dS": -1.2280107012957453e-05
    },
    "T2_inner_4_Si_DOWN_MIX_A": {
      "dP": 0.0,
      "dS": 0.0
    },
    "T2_inner_4_Si_DOWN_MIX_B": {
      "dP": 0.0,
      "dS": 2.7755575615628914e-17
    },
    "T2_inner_4_Si_DOWN_MIX_R": {
      "dP": 0.0,
      "dS": 0.0
    },
    "T2_outer_1_Se_UP_MIX_A": {
      "dP": -0.002419831257751498,
      "dS": 0.0028297528238777625
    },
    "T2_outer_1_Se_UP_MIX_B": {
      "dP": -2.7755575615628914e-17,
      "dS": 0.0
    },
    "T2_outer_1_Se_UP_MIX_R": {
      "dP": -0.0012347466592683431,
      "dS": 0.0014491356883556128
    },
    "T2_outer_2_Ne_DOWN_MIX_A": {
      "dP": 0.0,
      "dS": 0.0
    },
    "T2_outer_2_Ne_DOWN_MIX_B": {
      "dP": 0.0,
      "dS": 0.0
    },
    "T2_outer_2_Ne_DOWN_MIX_R": {
      "dP": 0.0,
      "dS": 0.0
    },
    "T2_outer_3_Ni_DOWN_MIX_A": {
      "dP": 0.0,
      "dS": 8.326672684688674e-17
    },
    "T2_outer_3_Ni_DOWN_MIX_B": {
      "dP": -2.083491810067617e-05,
      "dS": 2.4881418596106597e-05
    },
    "T2_outer_3_Ni_DOWN_MIX_R": {
      "dP": -1.0525964473484528e-05,
      "dS": 1.2586077220572145e-05
    },
    "T2_outer_4_Si_UP_MIX_A": {
      "dP": -2.7755575615628914e-17,
      "dS": -2.7755575615628914e-17
    },
    "T2_outer_4_Si_UP_MIX_B": {
      "dP": -2.7755575615628914e-17,
      "dS": 0.0
    },
    "T2_outer_4_Si_UP_MIX_R": {
      "dP": 0.0,
      "dS": 0.0
    }
  },
  "stage_states": 4096,
  "theta": 0.07,
  "tparams_1q": {
    "gamma": 0.12,
    "p": 0.08,
    "q": 0.1
  },
  "tparams_ab": {
    "gamma": 0.02,
    "p": 0.02,
    "q": 0.02
  }
}