{
  "SEQ01": [
    "Se",
    "Ne",
    "Ni",
    "Si"
  ],
  "SEQ02": [
    "Se",
    "Si",
    "Ni",
    "Ne"
  ],
  "axis3_sign": 1,
  "cycles": 64,
  "delta_MI_mean_SEQ02_minus_SEQ01": 9.72232227303138e-06,
  "delta_SAgB_min_SEQ02_minus_SEQ01": -2.675544964136911e-05,
  "delta_negfrac_SEQ02_minus_SEQ01": 0.0,
  "entangle_reps": 2,
  "metrics_SEQ01": {
    "MI_max": 0.15475852409819035,
    "MI_mean": 0.15475852409818908,
    "MI_min": 0.1547585240981877,
    "SAgB_max": 0.5233202368566217,
    "SAgB_mean": 0.5233202368566203,
    "SAgB_min": 0.5233202368566191,
    "neg_SAgB_frac": 0.0
  },
  "metrics_SEQ02": {
    "MI_max": 0.1547682464204636,
    "MI_mean": 0.1547682464204621,
    "MI_min": 0.15476824642046094,
    "SAgB_max": 0.5232934814069802,
    "SAgB_mean": 0.5232934814069791,
    "SAgB_min": 0.5232934814069777,
    "neg_SAgB_frac": 0.0
  },
  "n_vec": [
    0.3,
    0.4,
    0.866025403784
  ],
  "seed": 0,
  "terrain_params": {
    "gamma": 0.005,
    "p": 0.005,
    "q": 0.005
  },
  "theta": 0.07,
  "trials": 512
}