{
  "SEQ01": [
    "Se",
    "Ne",
    "Ni",
    "Si"
  ],
  "SEQ02": [
    "Se",
    "Si",
    "Ni",
    "Ne"
  ],
  "axis3_sign": 1,
  "cycles": 64,
  "delta_MI_mean_SEQ02_minus_SEQ01": 1.951563910473908e-18,
  "delta_SAgB_mean_SEQ02_minus_SEQ01": -0.002669220066020328,
  "metrics_SEQ01": {
    "MI_max": 4.440892098500626e-16,
    "MI_mean": -2.190088388420719e-17,
    "MI_min": -4.440892098500626e-16,
    "SAgB_max": 0.6358567052174124,
    "SAgB_mean": 0.6358567050431255,
    "SAgB_min": 0.6358567048574768,
    "neg_SAgB_frac": 0.0
  },
  "metrics_SEQ02": {
    "MI_max": 4.440892098500626e-16,
    "MI_mean": -1.9949319973733282e-17,
    "MI_min": -4.440892098500626e-16,
    "SAgB_max": 0.6331874851577883,
    "SAgB_mean": 0.6331874849771052,
    "SAgB_min": 0.6331874847861472,
    "neg_SAgB_frac": 0.0
  },
  "n_vec": [
    0.3,
    0.4,
    0.866025403784
  ],
  "seed": 0,
  "terrain_params": {
    "gamma": 0.12,
    "p": 0.08,
    "q": 0.1
  },
  "theta": 0.07,
  "trials": 512
}