{
  "MI_mean": 0.35777832792995096,
  "SAgB_mean": 0.21669777919911232,
  "SAgB_min_mean": -0.5825210039663665,
  "cycles": 16,
  "entangle_reps": 1,
  "n_vec": [
    0.3,
    0.4,
    0.866025403784
  ],
  "neg_SAgB_frac_max": 0.21875,
  "neg_SAgB_frac_mean": 0.1905517578125,
  "seed": 0,
  "sequence": [
    "Se",
    "Ne",
    "Ni",
    "Si"
  ],
  "terrain_params": {
    "gamma": 0.02,
    "p": 0.02,
    "q": 0.02
  },
  "theta": 0.07,
  "trials": 256
}