{
  "H": "Z",
  "families": {
    "EC_AD": {
      "dS_mean": 0.11259814372214214,
      "deltaH_absmax": 1.1102230246251565e-15,
      "deltaH_absmean": 1.7574917215990027e-16,
      "lin_err_mean": 0.02232371509931299,
      "min_eig_min": 0.00039764330013227167
    },
    "EC_FX": {
      "dS_mean": 0.11998377445157224,
      "deltaH_absmax": 1.0547118733938987e-15,
      "deltaH_absmean": 1.7648100862632798e-16,
      "lin_err_mean": 2.947090052116208e-16,
      "min_eig_min": 0.0019670507692265238
    },
    "EO_AD": {
      "dS_mean": 0.017426920812044694,
      "deltaH_absmax": 0.1249999937520544,
      "deltaH_absmean": 0.08730761606886606,
      "lin_err_mean": 0.013108205389208032,
      "min_eig_min": 0.00039764330013227167
    },
    "EO_FX": {
      "dS_mean": 0.05708342718693937,
      "deltaH_absmax": 0.23728981384205117,
      "deltaH_absmean": 0.12029928053976777,
      "lin_err_mean": 3.0498805390193284e-16,
      "min_eig_min": 0.0006232693749621182
    }
  },
  "k": 0.18,
  "lin_trials": 512,
  "num_states": 4096,
  "p0": 0.12,
  "seed": 0
}