{
  "T1_inner": {
    "1_Se_DOWN_dP": -0.2151866120151283,
    "1_Se_DOWN_dS": 0.2681903848007081,
    "2_Ne_UP_dP": -0.30220046605709855,
    "2_Ne_UP_dS": 0.3640447837771566,
    "3_Ni_UP_dP": -0.2662112020168014,
    "3_Ni_UP_dS": 0.3252243864419493,
    "4_Si_DOWN_dP": -0.2632922871671235,
    "4_Si_DOWN_dS": 0.3207223138350217
  },
  "T1_outer": {
    "1_Se_UP_dP": -0.22783617388318064,
    "1_Se_UP_dS": 0.2855703676712583,
    "2_Ne_DOWN_dP": -0.29548872328006026,
    "2_Ne_DOWN_dS": 0.3572608090375882,
    "3_Ni_DOWN_dP": -0.2758193759342906,
    "3_Ni_DOWN_dS": 0.3373110818200776,
    "4_Si_UP_dP": -0.26479052260564306,
    "4_Si_UP_dS": 0.3215266601783483
  },
  "T2_inner": {
    "1_Se_DOWN_dP": -0.2311576284714318,
    "1_Se_DOWN_dS": 0.28716044293612175,
    "2_Ne_UP_dP": -0.29412754349256887,
    "2_Ne_UP_dS": 0.35407859058983604,
    "3_Ni_UP_dP": -0.2681613506047782,
    "3_Ni_UP_dS": 0.3275527518423643,
    "4_Si_DOWN_dP": -0.27917032211126114,
    "4_Si_DOWN_dS": 0.34209078918759356
  },
  "T2_outer": {
    "1_Se_UP_dP": -0.20162631111207677,
    "1_Se_UP_dS": 0.2552286639896018,
    "2_Ne_DOWN_dP": -0.2727914097120986,
    "2_Ne_DOWN_dS": 0.3260972270449768,
    "3_Ni_DOWN_dP": -0.2858088561833636,
    "3_Ni_DOWN_dS": 0.3521924215482611,
    "4_Si_UP_dP": -0.26298163326123625,
    "4_Si_UP_dS": 0.32044764598270986
  },
  "order": [
    "Se",
    "Ne",
    "Ni",
    "Si"
  ],
  "seed": 0,
  "trials": 256
}