{
  "metrics": {
    "R1_comm_norm_mean": 0.86430693635737,
    "R1_delta_trace_mean": 0.7608547029521484,
    "R2_comm_norm_mean": 0.8176041091889896,
    "R2_delta_trace_mean": 0.7453810932042721,
    "R3_comm_norm_mean": 0.8373920058612034,
    "R3_delta_trace_mean": 0.15033990853793744,
    "R4_comm_norm_mean": 0.8347256505653264,
    "R4_delta_trace_mean": 0.7597519757091086
  }
}