{
  "SEQ01": {
    "T1_fwd": {
      "purity_max": 0.5561877541869902,
      "purity_mean": 0.5561877539285791,
      "purity_min": 0.5561877536877348,
      "vn_entropy_max": 0.6358567053010591,
      "vn_entropy_mean": 0.635856705050531,
      "vn_entropy_min": 0.6358567047817301
    },
    "T1_rev": {
      "purity_max": 0.5849133700081803,
      "purity_mean": 0.5849133696906452,
      "purity_min": 0.5849133693922873,
      "vn_entropy_max": 0.6056504871391054,
      "vn_entropy_mean": 0.6056504868218959,
      "vn_entropy_min": 0.6056504864842976
    },
    "T2_fwd": {
      "purity_max": 0.5519493506055093,
      "purity_mean": 0.5519493503445279,
      "purity_min": 0.5519493501029082,
      "vn_entropy_max": 0.6402586403821502,
      "vn_entropy_mean": 0.6402586401315988,
      "vn_entropy_min": 0.64025863986097
    },
    "T2_rev": {
      "purity_max": 0.5789699828874016,
      "purity_mean": 0.5789699825754635,
      "purity_min": 0.5789699822883556,
      "vn_entropy_max": 0.6119547817372786,
      "vn_entropy_mean": 0.6119547814334385,
      "vn_entropy_min": 0.6119547811033215
    },
    "fwd": [
      "Se",
      "Ne",
      "Ni",
      "Si"
    ],
    "rev": [
      "Si",
      "Ni",
      "Ne",
      "Se"
    ]
  },
  "SEQ02": {
    "T1_fwd": {
      "purity_max": 0.5587513683650422,
      "purity_mean": 0.5587513680981544,
      "purity_min": 0.5587513678475406,
      "vn_entropy_max": 0.6331874852460222,
      "vn_entropy_mean": 0.6331874849848363,
      "vn_entropy_min": 0.6331874847066902
    },
    "T1_rev": {
      "purity_max": 0.582659967740927,
      "purity_mean": 0.582659967431411,
      "purity_min": 0.5826599671407116,
      "vn_entropy_max": 0.6080441598353301,
      "vn_entropy_mean": 0.6080441595268067,
      "vn_entropy_min": 0.608044159198313
    },
    "T2_fwd": {
      "purity_max": 0.5519945895712306,
      "purity_mean": 0.5519945893152718,
      "purity_min": 0.5519945890782929,
      "vn_entropy_max": 0.6402117283127633,
      "vn_entropy_mean": 0.6402117280670159,
      "vn_entropy_min": 0.6402117278015864
    },
    "T2_rev": {
      "purity_max": 0.5789275943899466,
      "purity_mean": 0.5789275940723122,
      "purity_min": 0.5789275937803073,
      "vn_entropy_max": 0.6119996398253167,
      "vn_entropy_mean": 0.6119996395163048,
      "vn_entropy_min": 0.6119996391801701
    },
    "fwd": [
      "Se",
      "Si",
      "Ni",
      "Ne"
    ],
    "rev": [
      "Ne",
      "Ni",
      "Si",
      "Se"
    ]
  },
  "SEQ03": {
    "T1_fwd": {
      "purity_max": 0.5544867057776157,
      "purity_mean": 0.5544867055230762,
      "purity_min": 0.5544867052862351,
      "vn_entropy_max": 0.6376250361199676,
      "vn_entropy_mean": 0.637625035873913,
      "vn_entropy_min": 0.6376250356094715
    },
    "T1_rev": {
      "purity_max": 0.5865710257637593,
      "purity_mean": 0.5865710254432825,
      "purity_min": 0.586571025140913,
      "vn_entropy_max": 0.6038869479883701,
      "vn_entropy_mean": 0.6038869476664772,
      "vn_entropy_min": 0.6038869473253079
    },
    "T2_fwd": {
      "purity_max": 0.5506632160206855,
      "purity_mean": 0.5506632157607572,
      "purity_min": 0.5506632155169376,
      "vn_entropy_max": 0.6415916905798205,
      "vn_entropy_mean": 0.6415916903272257,
      "vn_entropy_min": 0.6415916900579428
    },
    "T2_rev": {
      "purity_max": 0.5799125436821035,
      "purity_mean": 0.57991254337181,
      "purity_min": 0.5799125430848893,
      "vn_entropy_max": 0.6109569264868147,
      "vn_entropy_mean": 0.6109569261829508,
      "vn_entropy_min": 0.6109569258543344
    },
    "fwd": [
      "Se",
      "Ne",
      "Si",
      "Ni"
    ],
    "rev": [
      "Ni",
      "Si",
      "Ne",
      "Se"
    ]
  },
  "SEQ04": {
    "T1_fwd": {
      "purity_max": 0.5555466749186873,
      "purity_mean": 0.5555466746600932,
      "purity_min": 0.555546674418879,
      "vn_entropy_max": 0.6365234021668158,
      "vn_entropy_mean": 0.636523401916022,
      "vn_entropy_min": 0.6365234016471581
    },
    "T1_rev": {
      "purity_max": 0.5852638844827032,
      "purity_mean": 0.5852638841647553,
      "purity_min": 0.5852638838647144,
      "vn_entropy_max": 0.6052777745029833,
      "vn_entropy_mean": 0.605277774183897,
      "vn_entropy_min": 0.6052777738457671
    },
    "T2_fwd": {
      "purity_max": 0.5506897350869698,
      "purity_mean": 0.5506897348278393,
      "purity_min": 0.5506897345857096,
      "vn_entropy_max": 0.6415642168159912,
      "vn_entropy_mean": 0.6415642165651423,
      "vn_entropy_min": 0.6415642162966804
    },
    "T2_rev": {
      "purity_max": 0.5798691072973375,
      "purity_mean": 0.5798691069836149,
      "purity_min": 0.579869106693734,
      "vn_entropy_max": 0.6110029270458923,
      "vn_entropy_mean": 0.6110029267389042,
      "vn_entropy_min": 0.6110029264066674
    },
    "fwd": [
      "Se",
      "Si",
      "Ne",
      "Ni"
    ],
    "rev": [
      "Ni",
      "Ne",
      "Si",
      "Se"
    ]
  },
  "params": {
    "cycles": 64,
    "gamma": 0.12,
    "n_vec": [
      0.3,
      0.4,
      0.866025403784
    ],
    "p": 0.08,
    "q": 0.1,
    "seed": 0,
    "states": 256,
    "theta": 0.07
  }
}