{
  "SEQ01": [
    "Se",
    "Ne",
    "Ni",
    "Si"
  ],
  "SEQ02": [
    "Se",
    "Si",
    "Ni",
    "Ne"
  ],
  "axis3_sign": 1,
  "cycles": 64,
  "delta_MI_mean_SEQ02_minus_SEQ01": 0.0,
  "delta_SAgB_min_SEQ02_minus_SEQ01": 0.0,
  "delta_negfrac_SEQ02_minus_SEQ01": 0.0,
  "entangle_reps": 2,
  "metrics_SEQ01": {
    "MI_max": 1.3862943611198797,
    "MI_mean": 1.3862943611198522,
    "MI_min": 1.3862943611197813,
    "SAgB_max": -0.693147180559836,
    "SAgB_mean": -0.693147180559907,
    "SAgB_min": -0.6931471805599343,
    "neg_SAgB_frac": 1.0
  },
  "metrics_SEQ02": {
    "MI_max": 1.3862943611198797,
    "MI_mean": 1.3862943611198522,
    "MI_min": 1.3862943611197813,
    "SAgB_max": -0.693147180559836,
    "SAgB_mean": -0.693147180559907,
    "SAgB_min": -0.6931471805599343,
    "neg_SAgB_frac": 1.0
  },
  "n_vec": [
    0.3,
    0.4,
    0.866025403784
  ],
  "seed": 0,
  "terrain_params": {
    "gamma": 0.0,
    "p": 0.0,
    "q": 0.0
  },
  "theta": 0.07,
  "trials": 512
}