{
  "dS_max": 1.0061396160665481e-15,
  "dS_mean": -2.7538735181131813e-17,
  "dS_min": -1.0894063429134349e-15,
  "gamma": 0.08,
  "kind": "FSA",
  "n_vec": [
    0.3,
    0.4,
    0.866025403784
  ],
  "seed": 0,
  "theta": 0.23,
  "trials": 512
}