{
  "BELL_SEQ01": {
    "MI_max": 0.8759401807689935,
    "MI_mean": 0.7803462539933581,
    "MI_min": 0.7300337876085692,
    "SAgB_max": -0.08862764952383761,
    "SAgB_mean": -0.12845896015115238,
    "SAgB_min": -0.19271541559719169,
    "neg_SAgB_frac": 1.0
  },
  "BELL_SEQ04": {
    "MI_max": 0.7283080562023416,
    "MI_mean": 0.6518610326562382,
    "MI_min": 0.5900599611340192,
    "SAgB_max": 0.0315098660601949,
    "SAgB_mean": -0.0018997528598320573,
    "SAgB_min": -0.04534615688595456,
    "neg_SAgB_frac": 0.375
  },
  "BELL_delta_SAgB_min_SEQ04_minus_SEQ01": 0.14736925871123713,
  "BELL_delta_negfrac_SEQ04_minus_SEQ01": -0.625,
  "GINIBRE_SEQ01": {
    "MI_max": 0.2789487376691415,
    "MI_mean": 0.1540962169767692,
    "MI_min": 0.09263188258374155,
    "SAgB_max": 0.5571025517845494,
    "SAgB_mean": 0.49996994274078066,
    "SAgB_min": 0.3941458675603666,
    "neg_SAgB_frac": 0.0
  },
  "GINIBRE_SEQ04": {
    "MI_max": 0.24072585229413113,
    "MI_mean": 0.14126498207557056,
    "MI_min": 0.089490100879271,
    "SAgB_max": 0.5601801488689202,
    "SAgB_mean": 0.5125331748507744,
    "SAgB_min": 0.4094335587907607,
    "neg_SAgB_frac": 0.0
  },
  "GINIBRE_delta_SAgB_min_SEQ04_minus_SEQ01": 0.015287691230394085,
  "GINIBRE_delta_negfrac_SEQ04_minus_SEQ01": 0.0,
  "SEQ01": [
    "Se",
    "Ne",
    "Ni",
    "Si"
  ],
  "SEQ04": [
    "Se",
    "Si",
    "Ne",
    "Ni"
  ],
  "axis3_sign": 1,
  "cycles": 4,
  "entangle_reps": 1,
  "n_vec": [
    0.3,
    0.4,
    0.866025403784
  ],
  "seed": 0,
  "terrain_params": {
    "gamma": 0.02,
    "p": 0.02,
    "q": 0.02
  },
  "theta": 0.07,
  "trials": 8
}