{
  "metrics": {
    "minus_Ne_entropy_mean": 0.6931459181312059,
    "minus_Ne_purity_mean": 0.5000012624279915,
    "minus_Ni_entropy_mean": 0.6808511816272417,
    "minus_Ni_purity_mean": 0.5121874446381427,
    "minus_Se_entropy_mean": 0.023571598861606945,
    "minus_Se_purity_mean": 0.992922940254237,
    "minus_Si_entropy_mean": 0.3360716315964417,
    "minus_Si_purity_mean": 0.7986085231517746,
    "plus_Ne_entropy_mean": 0.6931458547147953,
    "plus_Ne_purity_mean": 0.5000013258443228,
    "plus_Ni_entropy_mean": 0.6790982165867662,
    "plus_Ni_purity_mean": 0.5139082495800346,
    "plus_Se_entropy_mean": 0.02365889869393958,
    "plus_Se_purity_mean": 0.9928921472420069,
    "plus_Si_entropy_mean": 0.33720464240134007,
    "plus_Si_purity_mean": 0.7982561500573695
  }
}