{
  "n_vec": [
    0.3,
    0.4,
    0.866025403784
  ],
  "num_states": 512,
  "operator_params": {
    "d_fe": 0.04,
    "q_fi": 0.06,
    "theta_te": 0.05
  },
  "seed": 0,
  "terrain_order": [
    "Se",
    "Ne",
    "Ni",
    "Si"
  ],
  "terrain_params": {
    "gamma": 0.12,
    "p": 0.08,
    "q": 0.1
  },
  "theta": 0.07,
  "type1": {
    "inner": {
      "1_Se_DOWN": {
        "MIX_A": {
          "dP": 0.0017279340318236969,
          "dS": -0.0020087617070849717
        },
        "MIX_B": {
          "dP": 0.0010191883514509836,
          "dS": -0.0014057761253292167
        },
        "MIX_R": {
          "dP": 0.0024762744103008494,
          "dS": -0.002515786998129599
        }
      },
      "2_Ne_UP": {
        "MIX_A": {
          "dP": 0.001029006177526104,
          "dS": -0.0010542671938387205
        },
        "MIX_B": {
          "dP": -0.0004605076611952086,
          "dS": 0.00045838908081019536
        },
        "MIX_R": {
          "dP": 0.003732862723200281,
          "dS": -0.0038204667466935627
        }
      },
      "3_Ni_UP": {
        "MIX_A": {
          "dP": -0.005612113750012804,
          "dS": 0.0064398721801243175
        },
        "MIX_B": {
          "dP": 0.0032399512073022496,
          "dS": -0.0034883278151569552
        },
        "MIX_R": {
          "dP": 0.0077016361185778814,
          "dS": -0.008879115717186026
        }
      },
      "4_Si_DOWN": {
        "MIX_A": {
          "dP": 0.008526080279968484,
          "dS": -0.009619254798379329
        },
        "MIX_B": {
          "dP": 0.006552085727708157,
          "dS": -0.006807046365147618
        },
        "MIX_R": {
          "dP": -0.006778629821925786,
          "dS": 0.007752605609300467
        }
      }
    },
    "outer": {
      "1_Se_UP": {
        "MIX_A": {
          "dP": -0.00045384765448552855,
          "dS": 0.000558673511235841
        },
        "MIX_B": {
          "dP": 0.0020853497400916687,
          "dS": -0.0021808355606833807
        },
        "MIX_R": {
          "dP": -0.007369666694639898,
          "dS": 0.008805414550631552
        }
      },
      "2_Ne_DOWN": {
        "MIX_A": {
          "dP": 0.0004067663495856966,
          "dS": -0.0004327105580846924
        },
        "MIX_B": {
          "dP": -0.0005927755911875332,
          "dS": 0.0006188187386877431
        },
        "MIX_R": {
          "dP": -0.0007687947924464034,
          "dS": 0.0007794179397784262
        }
      },
      "3_Ni_DOWN": {
        "MIX_A": {
          "dP": 0.005633760240702612,
          "dS": -0.005933750553424155
        },
        "MIX_B": {
          "dP": 0.0009800330186405803,
          "dS": -0.0012242994636362248
        },
        "MIX_R": {
          "dP": -0.0007880274967282386,
          "dS": 0.00139416492774036
        }
      },
      "4_Si_UP": {
        "MIX_A": {
          "dP": 0.005762825362142898,
          "dS": -0.007163467090939291
        },
        "MIX_B": {
          "dP": 0.005335460793898905,
          "dS": -0.006000622577034376
        },
        "MIX_R": {
          "dP": -0.006548153566673487,
          "dS": 0.0070616411879032
        }
      }
    }
  },
  "type2": {
    "inner": {
      "1_Se_DOWN": {
        "MIX_A": {
          "dP": 0.0021602715150206286,
          "dS": -0.002721330842261116
        },
        "MIX_B": {
          "dP": 0.005772237337180908,
          "dS": -0.006525348578294898
        },
        "MIX_R": {
          "dP": 0.0069395657421797985,
          "dS": -0.007741064345905713
        }
      },
      "2_Ne_UP": {
        "MIX_A": {
          "dP": -0.0005878217313239897,
          "dS": 0.0006194240651300476
        },
        "MIX_B": {
          "dP": 0.00047489023201618963,
          "dS": -0.0004842272370202405
        },
        "MIX_R": {
          "dP": -0.00047948643139594793,
          "dS": 0.00048677488957182824
        }
      },
      "3_Ni_UP": {
        "MIX_A": {
          "dP": -0.005704408432721464,
          "dS": 0.0061616476605451664
        },
        "MIX_B": {
          "dP": -0.006852818807692396,
          "dS": 0.008337671389815227
        },
        "MIX_R": {
          "dP": 0.0026597575242585103,
          "dS": -0.0031089555420010795
        }
      },
      "4_Si_DOWN": {
        "MIX_A": {
          "dP": -0.007318695021979016,
          "dS": 0.008181577879320168
        },
        "MIX_B": {
          "dP": -0.010416817457124194,
          "dS": 0.012297811982750595
        },
        "MIX_R": {
          "dP": 0.0029741493515862416,
          "dS": -0.0032536781245169344
        }
      }
    },
    "outer": {
      "1_Se_UP": {
        "MIX_A": {
          "dP": 0.0027619993893017725,
          "dS": -0.003319273036889614
        },
        "MIX_B": {
          "dP": 0.0021280399278366113,
          "dS": -0.00241231915805884
        },
        "MIX_R": {
          "dP": -0.004993626812001994,
          "dS": 0.004524103445664007
        }
      },
      "2_Ne_DOWN": {
        "MIX_A": {
          "dP": -0.0007024886162950716,
          "dS": 0.0007162721117052184
        },
        "MIX_B": {
          "dP": -0.0007500996974869611,
          "dS": 0.0007599478931517023
        },
        "MIX_R": {
          "dP": 0.00017209022425201947,
          "dS": -0.00016295542556665765
        }
      },
      "3_Ni_DOWN": {
        "MIX_A": {
          "dP": -0.0014067883076746002,
          "dS": 0.0022134480188449324
        },
        "MIX_B": {
          "dP": -0.00366338425013657,
          "dS": 0.004891515151025372
        },
        "MIX_R": {
          "dP": -0.004490920428781298,
          "dS": 0.005389303494820474
        }
      },
      "4_Si_UP": {
        "MIX_A": {
          "dP": 0.0028013102461212913,
          "dS": -0.003453863292841808
        },
        "MIX_B": {
          "dP": 0.0030174067405237537,
          "dS": -0.0030879010422124598
        },
        "MIX_R": {
          "dP": 0.0015632784041119674,
          "dS": -0.0006319949446765838
        }
      }
    }
  }
}