{
  "SEQ01": [
    "Se",
    "Ne",
    "Ni",
    "Si"
  ],
  "SEQ02": [
    "Se",
    "Si",
    "Ni",
    "Ne"
  ],
  "cycles": 64,
  "entangle_reps": 1,
  "n_vec": [
    0.3,
    0.4,
    0.866025403784
  ],
  "runs": {
    "sign-1_BELL_REC1": {
      "SEQ01": {
        "dMI_mean": -0.024794405532425037,
        "dSAgB_mean": 0.024794405532425037,
        "frob_err_mean": 0.1250796027151932
      },
      "SEQ02": {
        "dMI_mean": -0.02475311673071612,
        "dSAgB_mean": 0.024753116730716132,
        "frob_err_mean": 0.12475557795699004
      }
    },
    "sign-1_BELL_REC3": {
      "SEQ01": {
        "dMI_mean": -0.022504145233778333,
        "dSAgB_mean": 0.02250414523377833,
        "frob_err_mean": 0.11816153264329549
      },
      "SEQ02": {
        "dMI_mean": -0.02241894520990746,
        "dSAgB_mean": 0.022418945209907472,
        "frob_err_mean": 0.1177163799365559
      }
    },
    "sign-1_BELL_REC9": {
      "SEQ01": {
        "dMI_mean": 1.2576745200831851e-17,
        "dSAgB_mean": -1.2576745200831851e-17,
        "frob_err_mean": 3.705017872878547e-16
      },
      "SEQ02": {
        "dMI_mean": 1.9949319973733282e-17,
        "dSAgB_mean": -2.0599841277224584e-17,
        "frob_err_mean": 3.7862684986065874e-16
      }
    },
    "sign-1_GINIBRE_REC1": {
      "SEQ01": {
        "dMI_mean": -0.004987971725911963,
        "dSAgB_mean": 0.00498797172591196,
        "frob_err_mean": 0.07283098154290284
      },
      "SEQ02": {
        "dMI_mean": -0.005031191541797582,
        "dSAgB_mean": 0.005031191541797587,
        "frob_err_mean": 0.0729148732477701
      }
    },
    "sign-1_GINIBRE_REC3": {
      "SEQ01": {
        "dMI_mean": -0.0039061207761942923,
        "dSAgB_mean": 0.0039061207761942945,
        "frob_err_mean": 0.06810722453613718
      },
      "SEQ02": {
        "dMI_mean": -0.003930409846569595,
        "dSAgB_mean": 0.0039304098465696,
        "frob_err_mean": 0.06812225130930928
      }
    },
    "sign-1_GINIBRE_REC9": {
      "SEQ01": {
        "dMI_mean": 2.8189256484623115e-17,
        "dSAgB_mean": -2.710505431213761e-17,
        "frob_err_mean": 3.5382973593382644e-16
      },
      "SEQ02": {
        "dMI_mean": 3.0791341698588326e-17,
        "dSAgB_mean": -3.5778671692021646e-17,
        "frob_err_mean": 3.6399932520767525e-16
      }
    },
    "sign1_BELL_REC1": {
      "SEQ01": {
        "dMI_mean": -0.025296410384477153,
        "dSAgB_mean": 0.025296410384477143,
        "frob_err_mean": 0.12472715457132641
      },
      "SEQ02": {
        "dMI_mean": -0.025370200134149753,
        "dSAgB_mean": 0.025370200134149742,
        "frob_err_mean": 0.12464570444345227
      }
    },
    "sign1_BELL_REC3": {
      "SEQ01": {
        "dMI_mean": -0.01972760552055834,
        "dSAgB_mean": 0.01972760552055835,
        "frob_err_mean": 0.11031634627772237
      },
      "SEQ02": {
        "dMI_mean": -0.019733550719746126,
        "dSAgB_mean": 0.019733550719746126,
        "frob_err_mean": 0.11005487618832865
      }
    },
    "sign1_BELL_REC9": {
      "SEQ01": {
        "dMI_mean": 1.214306433183765e-17,
        "dSAgB_mean": -1.1058862159352145e-17,
        "frob_err_mean": 3.831597339798049e-16
      },
      "SEQ02": {
        "dMI_mean": 1.474514954580286e-17,
        "dSAgB_mean": -1.3010426069826053e-17,
        "frob_err_mean": 3.795065885814055e-16
      }
    },
    "sign1_GINIBRE_REC1": {
      "SEQ01": {
        "dMI_mean": -0.005445352215660116,
        "dSAgB_mean": 0.005445352215660119,
        "frob_err_mean": 0.07392780652533784
      },
      "SEQ02": {
        "dMI_mean": -0.005501983039847414,
        "dSAgB_mean": 0.00550198303984741,
        "frob_err_mean": 0.07405799115670912
      }
    },
    "sign1_GINIBRE_REC3": {
      "SEQ01": {
        "dMI_mean": -0.0038551206282293306,
        "dSAgB_mean": 0.0038551206282293354,
        "frob_err_mean": 0.06716916190142591
      },
      "SEQ02": {
        "dMI_mean": -0.0038843042063433563,
        "dSAgB_mean": 0.003884304206343357,
        "frob_err_mean": 0.06719708262009531
      }
    },
    "sign1_GINIBRE_REC9": {
      "SEQ01": {
        "dMI_mean": 4.336808689942018e-18,
        "dSAgB_mean": -8.456776945386935e-18,
        "frob_err_mean": 3.603709826868924e-16
      },
      "SEQ02": {
        "dMI_mean": 8.673617379884035e-18,
        "dSAgB_mean": -1.235990476633475e-17,
        "frob_err_mean": 3.677566575180365e-16
      }
    }
  },
  "seed": 0,
  "terrain_params": {
    "gamma": 0.01,
    "p": 0.01,
    "q": 0.01
  },
  "theta": 0.07,
  "trials": 512
}