{
  "axis0_ab": {
    "T1_BELL_FWD_SEQ01": {
      "MI_lambda_fit": 0.09097638152801492,
      "MI_traj_mean": 0.1993230345386654,
      "SAgB_neg_frac_traj": 0.09690504807692309,
      "SAgB_traj_mean": 0.45889384950276846
    },
    "T1_BELL_FWD_SEQ02": {
      "MI_lambda_fit": 0.09103748634959803,
      "MI_traj_mean": 0.19886687294479483,
      "SAgB_neg_frac_traj": 0.09684495192307693,
      "SAgB_traj_mean": 0.4593165126828549
    },
    "T1_BELL_FWD_SEQ03": {
      "MI_lambda_fit": 0.0910483422210227,
      "MI_traj_mean": 0.19925588494327962,
      "SAgB_neg_frac_traj": 0.0969501201923077,
      "SAgB_traj_mean": 0.45883339872702034
    },
    "T1_BELL_FWD_SEQ04": {
      "MI_lambda_fit": 0.06408102282682124,
      "MI_traj_mean": 0.1470721597473662,
      "SAgB_neg_frac_traj": 0.0705078125,
      "SAgB_traj_mean": 0.5109377698459019
    },
    "T1_BELL_REV_SEQ01": {
      "MI_lambda_fit": 0.07412097749778922,
      "MI_traj_mean": 0.15783150383948086,
      "SAgB_neg_frac_traj": 0.07806490384615385,
      "SAgB_traj_mean": 0.49761909752686445
    },
    "T1_BELL_REV_SEQ02": {
      "MI_lambda_fit": 0.07401434355581687,
      "MI_traj_mean": 0.15765160023487634,
      "SAgB_neg_frac_traj": 0.07788461538461539,
      "SAgB_traj_mean": 0.4978404175781076
    },
    "T1_BELL_REV_SEQ03": {
      "MI_lambda_fit": 0.073804476129292,
      "MI_traj_mean": 0.15802663677541803,
      "SAgB_neg_frac_traj": 0.07809495192307692,
      "SAgB_traj_mean": 0.4975599979749829
    },
    "T1_BELL_REV_SEQ04": {
      "MI_lambda_fit": 0.06300713316580414,
      "MI_traj_mean": 0.2973863122585213,
      "SAgB_neg_frac_traj": 0.13826622596153848,
      "SAgB_traj_mean": 0.3582801477765466
    },
    "T1_GINIBRE_FWD_SEQ01": {
      "MI_lambda_fit": 0.06131849939030157,
      "MI_traj_mean": 0.04478893518469074,
      "SAgB_neg_frac_traj": 1.5024038461538462e-05,
      "SAgB_traj_mean": 0.6113923390132169
    },
    "T1_GINIBRE_FWD_SEQ02": {
      "MI_lambda_fit": 0.06103484990438991,
      "MI_traj_mean": 0.04500031326127109,
      "SAgB_neg_frac_traj": 1.5024038461538462e-05,
      "SAgB_traj_mean": 0.6111426244846061
    },
    "T1_GINIBRE_FWD_SEQ03": {
      "MI_lambda_fit": 0.061831362072682104,
      "MI_traj_mean": 0.04450734491161666,
      "SAgB_neg_frac_traj": 1.5024038461538462e-05,
      "SAgB_traj_mean": 0.6116702813780653
    },
    "T1_GINIBRE_FWD_SEQ04": {
      "MI_lambda_fit": 0.049964002576358364,
      "MI_traj_mean": 0.03884236653389077,
      "SAgB_neg_frac_traj": 1.5024038461538462e-05,
      "SAgB_traj_mean": 0.6172887013419026
    },
    "T1_GINIBRE_REV_SEQ01": {
      "MI_lambda_fit": 0.05963928893105832,
      "MI_traj_mean": 0.038480152480817695,
      "SAgB_neg_frac_traj": 1.5024038461538462e-05,
      "SAgB_traj_mean": 0.6149301414524557
    },
    "T1_GINIBRE_REV_SEQ02": {
      "MI_lambda_fit": 0.05961235895048849,
      "MI_traj_mean": 0.038590251612900986,
      "SAgB_neg_frac_traj": 1.5024038461538462e-05,
      "SAgB_traj_mean": 0.6148592367095033
    },
    "T1_GINIBRE_REV_SEQ03": {
      "MI_lambda_fit": 0.05907676513748604,
      "MI_traj_mean": 0.03874971785615439,
      "SAgB_neg_frac_traj": 1.5024038461538462e-05,
      "SAgB_traj_mean": 0.6146734301647198
    },
    "T1_GINIBRE_REV_SEQ04": {
      "MI_lambda_fit": 0.050892556231729974,
      "MI_traj_mean": 0.056211271898506915,
      "SAgB_neg_frac_traj": 1.5024038461538462e-05,
      "SAgB_traj_mean": 0.5972616806069609
    },
    "T2_BELL_FWD_SEQ01": {
      "MI_lambda_fit": 0.09130433304623373,
      "MI_traj_mean": 0.19980864791532177,
      "SAgB_neg_frac_traj": 0.10049579326923076,
      "SAgB_traj_mean": 0.4584075270014025
    },
    "T2_BELL_FWD_SEQ02": {
      "MI_lambda_fit": 0.09155593793320622,
      "MI_traj_mean": 0.19985296984248513,
      "SAgB_neg_frac_traj": 0.1001953125,
      "SAgB_traj_mean": 0.4584466179607312
    },
    "T2_BELL_FWD_SEQ03": {
      "MI_lambda_fit": 0.09129379215243862,
      "MI_traj_mean": 0.19978004684883177,
      "SAgB_neg_frac_traj": 0.10060096153846154,
      "SAgB_traj_mean": 0.45829603464509205
    },
    "T2_BELL_FWD_SEQ04": {
      "MI_lambda_fit": 0.06520239929116639,
      "MI_traj_mean": 0.14679999403998462,
      "SAgB_neg_frac_traj": 0.07148437499999999,
      "SAgB_traj_mean": 0.5112400449701122
    },
    "T2_BELL_REV_SEQ01": {
      "MI_lambda_fit": 0.07480522276085964,
      "MI_traj_mean": 0.1574151791042926,
      "SAgB_neg_frac_traj": 0.07814002403846154,
      "SAgB_traj_mean": 0.49810677172356743
    },
    "T2_BELL_REV_SEQ02": {
      "MI_lambda_fit": 0.0747909145772816,
      "MI_traj_mean": 0.1574703898764632,
      "SAgB_neg_frac_traj": 0.07835036057692307,
      "SAgB_traj_mean": 0.49795536051057093
    },
    "T2_BELL_REV_SEQ03": {
      "MI_lambda_fit": 0.07446133845285827,
      "MI_traj_mean": 0.15765114200321356,
      "SAgB_neg_frac_traj": 0.07818509615384615,
      "SAgB_traj_mean": 0.4980181644705734
    },
    "T2_BELL_REV_SEQ04": {
      "MI_lambda_fit": 0.06483777950829989,
      "MI_traj_mean": 0.29726104169856704,
      "SAgB_neg_frac_traj": 0.14184194711538461,
      "SAgB_traj_mean": 0.3584409064205118
    },
    "T2_GINIBRE_FWD_SEQ01": {
      "MI_lambda_fit": 0.06320575948815405,
      "MI_traj_mean": 0.04371080284001375,
      "SAgB_neg_frac_traj": 1.5024038461538462e-05,
      "SAgB_traj_mean": 0.612862519892076
    },
    "T2_GINIBRE_FWD_SEQ02": {
      "MI_lambda_fit": 0.06303634206941272,
      "MI_traj_mean": 0.043898746404678037,
      "SAgB_neg_frac_traj": 1.5024038461538462e-05,
      "SAgB_traj_mean": 0.612668121354959
    },
    "T2_GINIBRE_FWD_SEQ03": {
      "MI_lambda_fit": 0.06367872124814641,
      "MI_traj_mean": 0.04348054176235623,
      "SAgB_neg_frac_traj": 1.5024038461538462e-05,
      "SAgB_traj_mean": 0.6130852569229751
    },
    "T2_GINIBRE_FWD_SEQ04": {
      "MI_lambda_fit": 0.04995452630154515,
      "MI_traj_mean": 0.03964106095177922,
      "SAgB_neg_frac_traj": 1.5024038461538462e-05,
      "SAgB_traj_mean": 0.6168949286257229
    },
    "T2_GINIBRE_REV_SEQ01": {
      "MI_lambda_fit": 0.06038964776716304,
      "MI_traj_mean": 0.03892172537833258,
      "SAgB_neg_frac_traj": 1.5024038461538462e-05,
      "SAgB_traj_mean": 0.6149260837957851
    },
    "T2_GINIBRE_REV_SEQ02": {
      "MI_lambda_fit": 0.06026725831559679,
      "MI_traj_mean": 0.03908887550269144,
      "SAgB_neg_frac_traj": 1.5024038461538462e-05,
      "SAgB_traj_mean": 0.6147664786669138
    },
    "T2_GINIBRE_REV_SEQ03": {
      "MI_lambda_fit": 0.05983645504489881,
      "MI_traj_mean": 0.039211593143213236,
      "SAgB_neg_frac_traj": 1.5024038461538462e-05,
      "SAgB_traj_mean": 0.6146513447620532
    },
    "T2_GINIBRE_REV_SEQ04": {
      "MI_lambda_fit": 0.05358697411388326,
      "MI_traj_mean": 0.05454467213165476,
      "SAgB_neg_frac_traj": 1.5024038461538462e-05,
      "SAgB_traj_mean": 0.5993480266128799
    }
  },
  "axis0_cycles": 64,
  "axis0_trials": 256,
  "entangle_reps": 1,
  "n_vec": [
    0.3,
    0.4,
    0.866025403784
  ],
  "oparams_1q": {
    "d_fe": 0.04,
    "q_fi": 0.06,
    "theta_te": 0.05
  },
  "seeds": [
    0,
    1,
    2,
    3
  ],
  "seqs": {
    "SEQ01": [
      "Se",
      "Ne",
      "Ni",
      "Si"
    ],
    "SEQ02": [
      "Se",
      "Si",
      "Ni",
      "Ne"
    ],
    "SEQ03": [
      "Se",
      "Ne",
      "Si",
      "Ni"
    ],
    "SEQ04": [
      "Se",
      "Si",
      "Ne",
      "Ni"
    ]
  },
  "stage16": {
    "T1_inner_1_Se_DOWN": {
      "dP_mean_over_seeds": 0.0012943246636085148,
      "dS_max_over_seeds": -0.0013214827897445325,
      "dS_mean_over_seeds": -0.001499012278347367,
      "dS_min_over_seeds": -0.0015677170347794256
    },
    "T1_inner_2_Ne_UP": {
      "dP_mean_over_seeds": -2.7755575615628914e-17,
      "dS_max_over_seeds": 0.0,
      "dS_mean_over_seeds": 0.0,
      "dS_min_over_seeds": 0.0
    },
    "T1_inner_3_Ni_UP": {
      "dP_mean_over_seeds": 5.8414645623311445e-05,