{
  "BELL_SEQ01": {
    "MI_final_mean": 0.007604717912032751,
    "MI_init_mean": 1.3862943611198786,
    "MI_traj_mean": 0.19953947697263213,
    "SAgB_final_mean": 0.6460960417722459,
    "SAgB_init_mean": -0.6931471805599332,
    "SAgB_postinit_max": 0.6539579524026766,
    "SAgB_postinit_mean": 0.4766021539488498,
    "SAgB_postinit_min": -0.5339091007673745,
    "SAgB_postinit_neg_frac": 0.08343505859375,
    "SAgB_traj_mean": 0.45860601034102233,
    "SAgB_traj_neg_frac": 0.09753605769230769
  },
  "BELL_SEQ02": {
    "MI_final_mean": 0.00758821295932362,
    "MI_init_mean": 1.3862943611198786,
    "MI_traj_mean": 0.19904219278757065,
    "SAgB_final_mean": 0.6460646351342534,
    "SAgB_init_mean": -0.6931471805599332,
    "SAgB_postinit_max": 0.6538759681693452,
    "SAgB_postinit_mean": 0.47707990455829785,
    "SAgB_postinit_min": -0.5299057220045956,
    "SAgB_postinit_neg_frac": 0.0831298828125,
    "SAgB_traj_mean": 0.4590764109410943,
    "SAgB_traj_neg_frac": 0.09723557692307692
  },
  "BELL_delta_SAgB_postinit_mean_SEQ02_minus_SEQ01": 0.0004777506094480466,
  "BELL_delta_SAgB_postinit_neg_frac_SEQ02_minus_SEQ01": -0.00030517578125,
  "GINIBRE_SEQ01": {
    "MI_final_mean": 0.004690102138643413,
    "MI_init_mean": 0.27570814574973346,
    "MI_traj_mean": 0.042747208558310636,
    "SAgB_final_mean": 0.6488507737880455,
    "SAgB_init_mean": 0.32673009003320846,
    "SAgB_postinit_max": 0.6802121205161211,
    "SAgB_postinit_mean": 0.6179896289406338,
    "SAgB_postinit_min": 0.12498353412842622,
    "SAgB_postinit_neg_frac": 0.0,
    "SAgB_traj_mean": 0.6135087129574427,
    "SAgB_traj_neg_frac": 0.0
  },
  "GINIBRE_SEQ02": {
    "MI_final_mean": 0.004751690465546595,
    "MI_init_mean": 0.27570814574973346,
    "MI_traj_mean": 0.04292466237318375,
    "SAgB_final_mean": 0.6487357467902937,
    "SAgB_init_mean": 0.32673009003320846,
    "SAgB_postinit_max": 0.6801568484214568,
    "SAgB_postinit_mean": 0.6177768764678965,
    "SAgB_postinit_min": 0.11746170894454855,
    "SAgB_postinit_neg_frac": 0.0,
    "SAgB_traj_mean": 0.6132992335996705,
    "SAgB_traj_neg_frac": 0.0
  },
  "GINIBRE_delta_SAgB_postinit_mean_SEQ02_minus_SEQ01": -0.000212752472737332,
  "GINIBRE_delta_SAgB_postinit_neg_frac_SEQ02_minus_SEQ01": 0.0,
  "SEQ01": [
    "Se",
    "Ne",
    "Ni",
    "Si"
  ],
  "SEQ02": [
    "Se",
    "Si",
    "Ni",
    "Ne"
  ],
  "axis3_sign": 1,
  "cycles": 64,
  "entangle_reps": 1,
  "n_vec": [
    0.3,
    0.4,
    0.866025403784
  ],
  "seed": 0,
  "terrain_params": {
    "gamma": 0.02,
    "p": 0.02,
    "q": 0.02
  },
  "theta": 0.07,
  "trials": 256
}