{
  "axis12_edges": {
    "SEQ01": {
      "NESI": 0,
      "SENI": 0
    },
    "SEQ02": {
      "NESI": 0,
      "SENI": 0
    },
    "SEQ03": {
      "NESI": 1,
      "SENI": 1
    },
    "SEQ04": {
      "NESI": 1,
      "SENI": 1
    }
  },
  "cycles": 64,
  "n_vec": [
    0.3,
    0.4,
    0.866025403784
  ],
  "results": {
    "axis3_-1_SEQ01": {
      "purity_mean": 0.5519493503530402,
      "vn_entropy_mean": 0.6402586401227719
    },
    "axis3_-1_SEQ02": {
      "purity_mean": 0.551994589317754,
      "vn_entropy_mean": 0.6402117280644419
    },
    "axis3_-1_SEQ03": {
      "purity_mean": 0.5506632157563436,
      "vn_entropy_mean": 0.6415916903317984
    },
    "axis3_-1_SEQ04": {
      "purity_mean": 0.5506897348338171,
      "vn_entropy_mean": 0.6415642165589492
    },
    "axis3_1_SEQ01": {
      "purity_mean": 0.5561877539285796,
      "vn_entropy_mean": 0.6358567050505305
    },
    "axis3_1_SEQ02": {
      "purity_mean": 0.558751368096289,
      "vn_entropy_mean": 0.6331874849867805
    },
    "axis3_1_SEQ03": {
      "purity_mean": 0.5544867055366941,
      "vn_entropy_mean": 0.6376250358597653
    },
    "axis3_1_SEQ04": {
      "purity_mean": 0.555546674667087,
      "vn_entropy_mean": 0.6365234019087505
    }
  },
  "seed": 0,
  "seqs": {
    "SEQ01": [
      "Se",
      "Ne",
      "Ni",
      "Si"
    ],
    "SEQ02": [
      "Se",
      "Si",
      "Ni",
      "Ne"
    ],
    "SEQ03": [
      "Se",
      "Ne",
      "Si",
      "Ni"
    ],
    "SEQ04": [
      "Se",
      "Si",
      "Ne",
      "Ni"
    ]
  },
  "states": 256,
  "terrain_params": {
    "gamma": 0.12,
    "p": 0.08,
    "q": 0.1
  },
  "theta": 0.07
}