{
  "Ne_sign-1_DOWN": {
    "entropy_mean": 0.4122141413691711,
    "purity_mean": 0.7460176946427396
  },
  "Ne_sign-1_UP": {
    "entropy_mean": 0.4122784413126297,
    "purity_mean": 0.7459654211335811
  },
  "Ne_sign1_DOWN": {
    "entropy_mean": 0.41590691390880963,
    "purity_mean": 0.7435074855791969
  },
  "Ne_sign1_UP": {
    "entropy_mean": 0.41606206200081436,
    "purity_mean": 0.7433908828926683
  },
  "Ni_sign-1_DOWN": {
    "entropy_mean": 0.4371846694682789,
    "purity_mean": 0.7271238624823475
  },
  "Ni_sign-1_UP": {
    "entropy_mean": 0.4368071080353698,
    "purity_mean": 0.7273749174093158
  },
  "Ni_sign1_DOWN": {
    "entropy_mean": 0.4355760387378659,
    "purity_mean": 0.7283086690776461
  },
  "Ni_sign1_UP": {
    "entropy_mean": 0.4352372604088307,
    "purity_mean": 0.7285403974234675
  },
  "Se_sign-1_DOWN": {
    "entropy_mean": 0.39948215918498825,
    "purity_mean": 0.7530100192784042
  },
  "Se_sign-1_UP": {
    "entropy_mean": 0.39937032405262596,
    "purity_mean": 0.7530997968578683
  },
  "Se_sign1_DOWN": {
    "entropy_mean": 0.3858410093859823,
    "purity_mean": 0.7648592814132923
  },
  "Se_sign1_UP": {
    "entropy_mean": 0.38586662817857914,
    "purity_mean": 0.7648246261125479
  },
  "Si_sign-1_DOWN": {
    "entropy_mean": 0.32534208782053975,
    "purity_mean": 0.8057525632184777
  },
  "Si_sign-1_UP": {
    "entropy_mean": 0.32534208782053975,
    "purity_mean": 0.8057525632184778
  },
  "Si_sign1_DOWN": {
    "entropy_mean": 0.3356112322089312,
    "purity_mean": 0.7983875442278014
  },
  "Si_sign1_UP": {
    "entropy_mean": 0.3356112322089312,
    "purity_mean": 0.7983875442278014
  },
  "n_vec": [
    0.3,
    0.4,
    0.866025403784
  ],
  "params": {
    "gamma": 0.12,
    "p": 0.08,
    "q": 0.1
  },
  "seed": 0,
  "theta": 0.07,
  "trials": 512
}