{
  "schema": "AX3_PHASE_MAG_AX0_FIBER_COHERENCE_v1",
  "timestamp": "2026-03-29T09:41:51.833851+00:00Z",
  "ax3_phase_mag": {
    "n_trials": 1200,
    "gamma5_vs_phase_mean": 0.4497418780590554,
    "gamma5_vs_phase_std": 0.19495054464724745,
    "gamma5_vs_mag_mean": 0.45250580365760784,
    "gamma5_vs_mag_std": 0.19356538993061964,
    "gamma5_norm": 0.8699310682224606
  },
  "ax0_fiber_coherence": {
    "inner": {
      "low_to_high": {
        "mean_norm": 1.0,
        "std_norm": 1.072098405376252e-16,
        "sample_counts": [
          2,
          7
        ]
      },
      "low_to_mid": {
        "mean_norm": 1.0,
        "std_norm": 1.0821115497893178e-16,
        "sample_counts": [
          2,
          5
        ]
      },
      "mid_to_high": {
        "mean_norm": 6.763280558601318e-17,
        "std_norm": 2.946540900857089e-17,
        "sample_counts": [
          5,
          7
        ]
      }
    },
    "clifford": {
      "low_to_high": {
        "mean_norm": 1.0,
        "std_norm": 9.976575541032722e-17,
        "sample_counts": [
          2,
          7
        ]
      },
      "low_to_mid": {
        "mean_norm": 1.0,
        "std_norm": 9.630824789273724e-17,
        "sample_counts": [
          2,
          5
        ]
      },
      "mid_to_high": {
        "mean_norm": 6.968402900012041e-17,
        "std_norm": 2.439402036716431e-17,
        "sample_counts": [
          5,
          7
        ]
      }
    },
    "outer": {
      "low_to_high": {
        "mean_norm": 1.0,
        "std_norm": 1.178223367581173e-16,
        "sample_counts": [
          2,
          7
        ]
      },
      "low_to_mid": {
        "mean_norm": 1.0,
        "std_norm": 1.1775693440128312e-16,
        "sample_counts": [
          2,
          5
        ]
      },
      "mid_to_high": {
        "mean_norm": 6.863459789344646e-17,
        "std_norm": 2.830871522688015e-17,
        "sample_counts": [
          5,
          7
        ]
      }
    }
  },
  "note": "Exploratory spinor-phase split and pre-density fiber-coherence coarse comparator."
}