{
  "schema": "AX3_AX5_NARROW_CORE_v1",
  "timestamp": "2026-04-14T11:18:07.728941+00:00Z",
  "ax3_core": {
    "n_trials": 800,
    "mean_overlap": 0.46653570841655595,
    "std_overlap": 0.19367437441734348,
    "gamma5_norm": 0.8699310682224719,
    "relative_coherence_norm": 1.918102463435853
  },
  "ax5_core": {
    "inner_to_cliff": {
      "mean_overlap": 0.0,
      "std_overlap": 0.0,
      "coarse_norm": 1.5050726994582116e-16,
      "hysteresis_norm": 0.2772343383981855
    },
    "cliff_to_outer": {
      "mean_overlap": 0.0,
      "std_overlap": 0.0,
      "coarse_norm": 1.4373671476054903e-16,
      "hysteresis_norm": 0.2772343383981855
    },
    "inner_to_outer": {
      "mean_overlap": 0.0,
      "std_overlap": 0.0,
      "coarse_norm": 1.5308445086281923e-16,
      "hysteresis_norm": 0.5517987585658901
    }
  },
  "note": "Narrow core wiggle: spinor coherence vs gamma5, torus hysteresis vs torus coarse-graining."
}