{
  "schema": "AX3_AX5_REFINED_WIGGLE_v1",
  "timestamp": "2026-04-14T11:44:51.600138+00:00Z",
  "ax3_refined": {
    "names": [
      "rel_phase_scalar",
      "gamma5_phase",
      "cp_spinor",
      "opposite_rot"
    ],
    "overlap": [
      [
        0.0,
        0.4727362586774972,
        0.4569452541193807,
        0.4588643656817778
      ],
      [
        0.4727362586774972,
        0.0,
        0.26864493447185844,
        0.36676781839972816
      ],
      [
        0.4569452541193807,
        0.26864493447185844,
        0.0,
        0.4231549388566902
      ],
      [
        0.4588643656817778,
        0.36676781839972816,
        0.4231549388566902,
        0.0
      ]
    ],
    "norms": [
      1.737573915319125,
      0.8699310682224571,
      1.3515009673602334,
      0.7055874421524817
    ]
  },
  "ax5_refined": {
    "inner_to_cliff": {
      "names": [
        "signed_eta",
        "eta_second_difference",
        "partial_transport_hysteresis",
        "torus_radius_delta"
      ],
      "overlap": [
        [
          0.0,
          1.0,
          0.21455869413524487,
          0.2684112186480821
        ],
        [
          1.0,
          0.0,
          0.21455869413524487,
          0.2684112186480821
        ],
        [
          0.21455869413524487,
          0.21455869413524487,
          0.0,
          0.35191662033777843
        ],
        [
          0.2684112186480821,
          0.2684112186480821,
          0.35191662033777843,
          0.0
        ]
      ],
      "norms": [
        0.5411961001462009,
        0.0017648144917437047,
        0.2772343383981844,
        0.8076143479269163
      ]
    },
    "cliff_to_outer": {
      "names": [
        "signed_eta",
        "eta_second_difference",
        "partial_transport_hysteresis",
        "torus_radius_delta"
      ],
      "overlap": [
        [
          0.0,
          1.0,
          0.354500753677676,
          0.40170577659278256
        ],
        [
          1.0,
          0.0,
          0.35450075367767586,
          0.40170577659278256
        ],
        [
          0.354500753677676,
          0.35450075367767586,
          0.0,
          0.2806372972887354
        ],
        [
          0.40170577659278256,
          0.40170577659278256,
          0.2806372972887354,
          0.0
        ]
      ],
      "norms": [
        0.5411961001462009,
        0.0017648144917433717,
        0.2772343383981844,
        0.8076143479269163
      ]
    },
    "inner_to_outer": {
      "names": [
        "signed_eta",
        "eta_second_difference",
        "partial_transport_hysteresis",
        "torus_radius_delta"
      ],
      "overlap": [
        [
          0.0,
          0.0,
          0.2440969876474357,
          0.3365567705907764
        ],
        [
          0.0,
          0.0,
          0.0,
          0.0
        ],
        [
          0.2440969876474357,
          0.0,
          0.0,
          0.3143026978648762
        ],
        [
          0.3365567705907764,
          0.0,
          0.3143026978648762,
          0.0
        ]
      ],
      "norms": [
        1.0823922002924018,
        1.1102230246251565e-16,
        0.5517987585658881,
        1.6080380709507127
      ]
    }
  },
  "note": "Exploratory refined wiggle; spinor/torus layers only."
}