{
  "schema": "AX5_TORUS_HYSTERESIS_VS_GA0_v1",
  "timestamp": "2026-04-14T12:19:42.382516+00:00Z",
  "n_trials": 800,
  "results": {
    "inner_to_cliff": {
      "low_to_high": {
        "mean_overlap": 0.0,
        "std_overlap": 0.0,
        "axis0_norm": 1.4712110810019356e-16,
        "hysteresis_norm": 0.27723433839818606,
        "ga0_sample_counts": [
          2,
          7
        ]
      },
      "mid_to_high": {
        "mean_overlap": 0.0,
        "std_overlap": 0.0,
        "axis0_norm": 1.8476483590696572e-16,
        "hysteresis_norm": 0.27723433839818606,
        "ga0_sample_counts": [
          5,
          7
        ]
      },
      "low_to_mid": {
        "mean_overlap": 0.0,
        "std_overlap": 0.0,
        "axis0_norm": 1.6199452291711392e-16,
        "hysteresis_norm": 0.277234338398186,
        "ga0_sample_counts": [
          2,
          5
        ]
      }
    },
    "cliff_to_outer": {
      "low_to_high": {
        "mean_overlap": 0.0,
        "std_overlap": 0.0,
        "axis0_norm": 1.5793650828796133e-16,
        "hysteresis_norm": 0.27723433839818606,
        "ga0_sample_counts": [
          2,
          7
        ]
      },
      "mid_to_high": {
        "mean_overlap": 0.0,
        "std_overlap": 0.0,
        "axis0_norm": 1.694714092047481e-16,
        "hysteresis_norm": 0.27723433839818606,
        "ga0_sample_counts": [
          5,
          7
        ]
      },
      "low_to_mid": {
        "mean_overlap": 0.0,
        "std_overlap": 0.0,
        "axis0_norm": 1.4901698777513972e-16,
        "hysteresis_norm": 0.27723433839818606,
        "ga0_sample_counts": [
          2,
          5
        ]
      }
    },
    "inner_to_outer": {
      "low_to_high": {
        "mean_overlap": 0.0,
        "std_overlap": 0.0,
        "axis0_norm": 1.4821156212108295e-16,
        "hysteresis_norm": 0.5517987585658912,
        "ga0_sample_counts": [
          2,
          7
        ]
      },
      "mid_to_high": {
        "mean_overlap": 0.0,
        "std_overlap": 0.0,
        "axis0_norm": 1.852038225677529e-16,
        "hysteresis_norm": 0.5517987585658912,
        "ga0_sample_counts": [
          5,
          7
        ]
      },
      "low_to_mid": {
        "mean_overlap": 0.0,
        "std_overlap": 0.0,
        "axis0_norm": 1.5880131523248828e-16,
        "hysteresis_norm": 0.5517987585658912,
        "ga0_sample_counts": [
          2,
          5
        ]
      }
    }
  },
  "note": "Engine-style GA0 fiber coarse-graining vs torus hysteresis on torus layer."
}