{
  "schema": "AXIS_DSCALE_v1",
  "timestamp": "2026-04-14T11:23:23.077723+00:00Z",
  "d_values": [
    2,
    4,
    8,
    16,
    32
  ],
  "n_trials": 100,
  "tracking": {
    "d=2": {
      "Ax0_Ax1": 0.41141889807652576,
      "Ax0_Ax2": 0.46379036131897594,
      "Ax1_Ax2": 0.849807773556525,
      "Ax3_max": 0.49135545322464513,
      "Ax3_norm": 0.6751770152608917,
      "Ax4_norm": 0.013823947031944298,
      "Ax4_max": 0.5863015336575126,
      "meas_max": 0.5246048986683843
    },
    "d=4": {
      "Ax0_Ax1": 0.3830889367301926,
      "Ax0_Ax2": 0.548385517877913,
      "Ax1_Ax2": 0.8658842633266066,
      "Ax3_max": 0.39530917199711313,
      "Ax3_norm": 0.6783100861251975,
      "Ax4_norm": 0.010505772586730371,
      "Ax4_max": 0.29928848458839236,
      "meas_max": 0.33426260551195724
    },
    "d=8": {
      "Ax0_Ax1": 0.5449085136224752,
      "Ax0_Ax2": 0.6508794361096419,
      "Ax1_Ax2": 0.7767612693597773,
      "Ax3_max": 0.38076031424260587,
      "Ax3_norm": 0.6082319314375977,
      "Ax4_norm": 0.004772070008126303,
      "Ax4_max": 0.1453042359214937,
      "meas_max": 0.2500613874383585
    },
    "d=16": {
      "Ax0_Ax1": 0.6697833783914214,
      "Ax0_Ax2": 0.6152901976304991,
      "Ax1_Ax2": 0.6216600422855647,
      "Ax3_max": 0.3723690279893917,
      "Ax3_norm": 0.4971806227883313,
      "Ax4_norm": 0.0018435000112659247,
      "Ax4_max": 0.07233037978934972,
      "meas_max": 0.17948347526458452
    },
    "d=32": {
      "Ax0_Ax1": 0.6618700237376879,
      "Ax0_Ax2": 0.5906869752788795,
      "Ax1_Ax2": 0.4262869698763667,
      "Ax3_max": 0.3387528194146007,
      "Ax3_norm": 0.3572185945069563,
      "Ax4_norm": 0.0006443902499693919,
      "Ax4_max": 0.03160342967967574,
      "meas_max": 0.12273858517647751
    }
  }
}