{
  "test1_ax1_ax5_overlap": 0.9997251976314756,
  "test2_best_pair": "C: e^{\u00b1i\u03b8} (fiber) \u00d7 X: A\u03c1 \u2212 \u03c1A (commutator)",
  "test2_best_overlap": 0.0,
  "test2_all": {
    "A: \u00b1G sign \u00d7 X: A\u03c1 \u2212 \u03c1A (commutator)": 0.7121081810309025,
    "A: \u00b1G sign \u00d7 Y: O vs O\u2020 (adjoint)": 0.8844122816697016,
    "B: U vs U* (Weyl) \u00d7 X: A\u03c1 \u2212 \u03c1A (commutator)": 0.1507066961065047,
    "B: U vs U* (Weyl) \u00d7 Y: O vs O\u2020 (adjoint)": 0.23273137277102462,
    "C: e^{\u00b1i\u03b8} (fiber) \u00d7 X: A\u03c1 \u2212 \u03c1A (commutator)": 0.0,
    "C: e^{\u00b1i\u03b8} (fiber) \u00d7 Y: O vs O\u2020 (adjoint)": 0.0
  },
  "test3_torus_overlaps": [
    [
      0.0,
      0.4689648653250051,
      0.522218146649476,
      0.6434236736765696
    ],
    [
      0.4689648653250051,
      0.0,
      0.2641010908984421,
      0.4458734527092822
    ],
    [
      0.522218146649476,
      0.2641010908984421,
      0.0,
      0.6547703512704068
    ],
    [
      0.6434236736765696,
      0.4458734527092822,
      0.6547703512704068,
      0.0
    ]
  ]
}