{
  "schema": "AXIS_7_12_AUDIT_v1",
  "timestamp": "2026-03-31T09:04:24.699849+00:00Z",
  "ti_fe_contract": {
    "mv_ti": "(0.2^e1) + (0.8^e3)",
    "mv_fe": "(0.8^e1) + (0.2^e2)",
    "commutator": "(0.08^e12) - (1.28^e13) - (0.32^e23)",
    "norm": 1.3218169313486647,
    "fallback_used": true
  },
  "d": 8,
  "n_trials": 100,
  "comm_norms": {
    "A7=[A1,A3]": 0.3604707442424489,
    "A8=[A1,A6]": 0.39422424151996194,
    "A9=[A3,A6]": 0.17162174372351263,
    "A10=[A4,A6]": 0.17162174372351263,
    "A11=[A2,A6]": 0.5059340271481944,
    "A12=[A1,A5]": 0.4507195160572342
  },
  "comm_overlap": [
    [
      0.0,
      0.23791056977958364,
      0.14175304115488657,
      0.14175304115488654,
      0.3199059040923547,
      0.12896472100825332
    ],
    [
      0.23791056977958364,
      0.0,
      0.13962588638022136,
      0.13962588638022136,
      0.8495535527901376,
      0.5587349518382968
    ],
    [
      0.14175304115488657,
      0.13962588638022136,
      0.0,
      1.0,
      0.1043861232073152,
      0.1572759094627199
    ],
    [
      0.14175304115488654,
      0.13962588638022136,
      1.0,
      0.0,
      0.10438612320731526,
      0.1572759094627199
    ],
    [
      0.3199059040923547,
      0.8495535527901376,
      0.1043861232073152,
      0.10438612320731526,
      0.0,
      0.38955709481013867
    ],
    [
      0.12896472100825332,
      0.5587349518382968,
      0.1572759094627199,
      0.1572759094627199,
      0.38955709481013867,
      0.0
    ]
  ],
  "trivial_axes": [],
  "redundant_pairs": [
    [
      "A8=[A1,A6]",
      "A11=[A2,A6]",
      0.8495535527901376
    ],
    [
      "A9=[A3,A6]",
      "A10=[A4,A6]",
      1.0
    ]
  ]
}