{
  "schema": "BROAD_AXIS_SEARCH_v1",
  "timestamp": "2026-03-27T07:10:15.619023+00:00Z",
  "d": 8,
  "n_trials": 150,
  "residuals": {
    "C01: measurement basis": 0.9463577396719081,
    "C02: squeezing": 0.8850720271744077,
    "C03: purity gradient": 0.5529571523187702,
    "C04: transposition": 0.7064825115190762,
    "C05: time reversal": 0.7129602907318039,
    "C06: R\u00e9nyi order": 0.6082481931283902,
    "C07: random basis rot": 0.9494417934450212,
    "C08: depol asymmetry": 0.8925853106897961,
    "C09: rank change": 0.7956689543716357,
    "C11: conditional entropy": 0.990926982777497,
    "C12: swap symmetry": 0.7326320062461739,
    "C13: non-Markovianity": 0.8445555753967762,
    "C14: quantum Fisher": 0.7667779185280934,
    "C15: majorization": 0.5514001498313981
  },
  "max_overlaps": {
    "C01: measurement basis": 0.23173032348669972,
    "C02: squeezing": 0.4396779813257086,
    "C03: purity gradient": 0.818048305139102,
    "C04: transposition": 0.7003554661434036,
    "C05: time reversal": 0.6948260584141098,
    "C06: R\u00e9nyi order": 0.776386236845133,
    "C07: random basis rot": 0.22586399874900062,
    "C08: depol asymmetry": 0.42347088113960507,
    "C09: rank change": 0.5925966304559964,
    "C11: conditional entropy": 0.14396194169515444,
    "C12: swap symmetry": 0.6615147193144828,
    "C13: non-Markovianity": 0.4986676576820781,
    "C14: quantum Fisher": 0.5884638160825225,
    "C15: majorization": 0.8179485338711754
  },
  "strong_candidates": [
    "C11: conditional entropy",
    "C07: random basis rot",
    "C01: measurement basis",
    "C08: depol asymmetry",
    "C02: squeezing",
    "C13: non-Markovianity"
  ]
}