{
  "schema": "DEFINITIVE_7AXIS_v1",
  "timestamp": "2026-03-27T19:24:14.793063+00:00Z",
  "n_trials": 200,
  "axes": [
    "Ax0",
    "Ax1",
    "Ax2",
    "Ax3",
    "Ax4",
    "Ax5",
    "Ax6"
  ],
  "r_values": [
    1.0,
    0.7,
    0.5,
    0.3,
    0.1
  ],
  "results": {
    "r=1.0": {
      "overlap": [
        [
          0.0,
          0.09197031619940947,
          0.1361305482166635,
          0.4591204140038355,
          0.0439108923195519,
          0.6784164711953043,
          0.04614997651906249
        ],
        [
          0.09197031619940947,
          0.0,
          0.22109784267923033,
          0.29353984757325924,
          0.5723193047311738,
          0.18449101967331344,
          0.6053306042328622
        ],
        [
          0.1361305482166635,
          0.22109784267923033,
          0.0,
          0.2480961599682693,
          0.22959723285927222,
          0.13563778037706242,
          0.2975674621669173
        ],
        [
          0.4591204140038355,
          0.29353984757325924,
          0.2480961599682693,
          0.0,
          0.24193601332699402,
          0.4725287405218987,
          0.24078584191262692
        ],
        [
          0.0439108923195519,
          0.5723193047311738,
          0.22959723285927222,
          0.24193601332699402,
          0.0,
          0.190100700979282,
          0.9715027086809456
        ],
        [
          0.6784164711953043,
          0.18449101967331344,
          0.13563778037706242,
          0.4725287405218987,
          0.190100700979282,
          0.0,
          0.187798525073491
        ],
        [
          0.04614997651906249,
          0.6053306042328622,
          0.2975674621669173,
          0.24078584191262692,
          0.9715027086809456,
          0.187798525073491,
          0.0
        ]
      ],
      "norms": [
        0.4929724523370423,
        0.29765741330260603,
        0.48843544616588663,
        0.923288137848234,
        0.8525888702659513,
        0.02566680647130459,
        0.6395387795345198
      ],
      "max_overlaps": [
        0.6784164711953043,
        0.6053306042328622,
        0.2975674621669173,
        0.4725287405218987,
        0.9715027086809456,
        0.6784164711953043,
        0.9715027086809456
      ]
    },
    "r=0.7": {
      "overlap": [
        [
          0.0,
          0.0883609943697574,
          0.14030319742231576,
          0.4557039843007836,
          0.045070161941792766,
          0.6708268378292526,
          0.04779854014945398
        ],
        [
          0.0883609943697574,
          0.0,
          0.21885798705574705,
          0.28876897619112785,
          0.5620101697225951,
          0.17921721191894258,
          0.5882161267861481
        ],
        [
          0.14030319742231576,
          0.21885798705574705,
          0.0,
          0.22924880171915646,
          0.24203733988743806,
          0.1600557153721548,
          0.30055183345034153
        ],
        [
          0.4557039843007836,
          0.28876897619112785,
          0.22924880171915646,
          0.0,
          0.2343005817040978,
          0.46987606781395685,
          0.23399672125714624
        ],
        [
          0.045070161941792766,
          0.5620101697225951,
          0.24203733988743806,
          0.2343005817040978,
          0.0,
          0.17648117496090726,
          0.97224757175589
        ],
        [
          0.6708268378292526,
          0.17921721191894258,
          0.1600557153721548,
          0.46987606781395685,
          0.17648117496090726,
          0.0,
          0.17781775858696774
        ],
        [
          0.04779854014945398,
          0.5882161267861481,
          0.30055183345034153,
          0.23399672125714624,
          0.97224757175589,
          0.17781775858696774,
          0.0
        ]
      ],
      "norms": [
        0.3418570419645577,
        0.2202410405248889,
        0.349433743496962,
        0.6283884284998301,
        0.6045063050654926,
        0.0179722844250685,
        0.45509485810015476
      ],
      "max_overlaps": [
        0.6708268378292526,
        0.5882161267861481,
        0.30055183345034153,
        0.46987606781395685,
        0.97224757175589,
        0.6708268378292526,
        0.97224757175589
      ]
    },
    "r=0.5": {
      "overlap": [
        [
          0.0,
          0.08410593682554056,
          0.12772617018344876,
          0.45864407551594943,
          0.041345858545441115,
          0.6672872952284677,
          0.04416715369143051
        ],
        [
          0.08410593682554056,
          0.0,
          0.26857576054420007,
          0.2749331749812591,
          0.5109860515863573,
          0.18226813633373548,
          0.5400228643428676
        ],
        [
          0.12772617018344876,
          0.26857576054420007,
          0.0,
          0.20817969316503585,
          0.23007110965852565,
          0.1934078284002368,
          0.2777329317490677
        ],
        [
          0.45864407551594943,
          0.2749331749812591,
          0.20817969316503585,
          0.0,
          0.2185762849304938,
          0.4603761714480349,
          0.22271761844158777
        ],
        [
          0.041345858545441115,
          0.5109860515863573,
          0.23007110965852565,
          0.2185762849304938,
          0.0,
          0.17547574436958466,
          0.9707716185993378
        ],
        [
          0.6672872952284677,
          0.18226813633373548,
          0.1934078284002368,
          0.4603761714480349,
          0.17547574436958466,
          0.0,
          0.17765119670415397
        ],
        [
          0.04416715369143051,
          0.5400228643428676,
          0.2777329317490677,
          0.22271761844158777,
          0.9707716185993378,
          0.17765119670415397,
          0.0
        ]
      ],
      "norms": [
        0.24581203028088552,
        0.17522913886458877,
        0.2742480393958458,
        0.44654927767182306,
        0.4269255918965019,
        0.012623412260362605,
        0.32132116798694227
      ],
      "max_overlaps": [
        0.6672872952284677,
        0.5400228643428676,
        0.2777329317490677,
        0.4603761714480349,
        0.9707716185993378,
        0.6672872952284677,
        0.9707716185993378
      ]
    },
    "r=0.3": {
      "overlap": [
        [
          0.0,
          0.0630699792766641,
          0.10639547684472493,
          0.4763028435462865,
          0.04857395822300585,
          0.6494776291034031,
          0.04985335362419621
        ],
        [
          0.0630699792766641,
          0.0,
          0.41846597461543683,
          0.2952401994378468,
          0.38652382350031056,
          0.17486519799265637,
          0.4162135535054027
        ],
        [
          0.10639547684472493,
          0.41846597461543683,
          0.0,
          0.162205603330587,
          0.21793128151531904,
          0.21071381336421896,
          0.253681087967181
        ],
        [
          0.4763028435462865,
          0.2952401994378468,
          0.162205603330587,
          0.0,
          0.2450129677766966,
          0.4981369543398618,
          0.24360916825083342
        ],
        [
          0.04857395822300585,
          0.38652382350031056,
          0.21793128151531904,
          0.2450129677766966,
          0.0,
          0.1980793203291805,
          0.9698290783860776
        ],
        [
          0.6494776291034031,
          0.17486519799265637,
          0.21071381336421896,
          0.4981369543398618,
          0.1980793203291805,
          0.0,
          0.19470567482174608
        ],
        [
          0.04985335362419621,
          0.4162135535054027,
          0.253681087967181,
          0.24360916825083342,
          0.9698290783860776,
          0.19470567482174608,
          0.0
        ]
      ],