{
  "schema": "DEFINITIVE_7AXIS_v1",
  "timestamp": "2026-03-27T08:20:49.081098+00:00Z",
  "n_trials": 200,
  "axes": [
    "Ax0",
    "Ax1",
    "Ax2",
    "Ax3",
    "Ax4",
    "Ax5",
    "Ax6"
  ],
  "r_values": [
    1.0,
    0.7,
    0.5,
    0.3,
    0.1
  ],
  "results": {
    "r=1.0": {
      "overlap": [
        [
          0.0,
          0.7031818233788047,
          0.5465667916965063,
          0.4591204140038356,
          0.043910892319551885,
          0.6784164711953043,
          0.04614997651906247
        ],
        [
          0.7031818233788047,
          0.0,
          0.6032912835079047,
          0.4067454509761594,
          0.2996925093038742,
          0.597907787292847,
          0.3161128445499895
        ],
        [
          0.5465667916965063,
          0.6032912835079047,
          0.0,
          0.3514387158039324,
          0.16956251395543487,
          0.44987609364096914,
          0.22730562467254462
        ],
        [
          0.4591204140038356,
          0.4067454509761594,
          0.3514387158039324,
          0.0,
          0.24193601332699394,
          0.4725287405218988,
          0.24078584191262695
        ],
        [
          0.043910892319551885,
          0.2996925093038742,
          0.16956251395543487,
          0.24193601332699394,
          0.0,
          0.19010070097928214,
          0.9715027086809453
        ],
        [
          0.6784164711953043,
          0.597907787292847,
          0.44987609364096914,
          0.4725287405218988,
          0.19010070097928214,
          0.0,
          0.1877985250734909
        ],
        [
          0.04614997651906247,
          0.3161128445499895,
          0.22730562467254462,
          0.24078584191262695,
          0.9715027086809453,
          0.1877985250734909,
          0.0
        ]
      ],
      "norms": [
        0.9859449046740846,
        1.1330241628067494,
        1.22038048994361,
        1.8465762756964688,
        1.7051777405319026,
        0.051333612942609165,
        1.2790775590690397
      ],
      "max_overlaps": [
        0.7031818233788047,
        0.7031818233788047,
        0.6032912835079047,
        0.4725287405218988,
        0.9715027086809453,
        0.6784164711953043,
        0.9715027086809453
      ]
    },
    "r=0.7": {
      "overlap": [
        [
          0.0,
          0.6345481286254935,
          0.4495643060865874,
          0.4557039843007836,
          0.04507016194179278,
          0.6708268378292521,
          0.047798540149454005
        ],
        [
          0.6345481286254935,
          0.0,
          0.5398571871768412,
          0.38437907384508513,
          0.33772027855624337,
          0.5602677158617775,
          0.35286316243829946
        ],
        [
          0.4495643060865874,
          0.5398571871768412,
          0.0,
          0.3124353437887952,
          0.18413637671513217,
          0.38743790510346715,
          0.24233496221440684
        ],
        [
          0.4557039843007836,
          0.38437907384508513,
          0.3124353437887952,
          0.0,
          0.2343005817040978,
          0.46987606781395674,
          0.23399672125714624
        ],
        [
          0.04507016194179278,
          0.33772027855624337,
          0.18413637671513217,
          0.2343005817040978,
          0.0,
          0.17648117496090715,
          0.97224757175589
        ],
        [
          0.6708268378292521,
          0.5602677158617775,
          0.38743790510346715,
          0.46987606781395674,
          0.17648117496090715,
          0.0,
          0.17781775858696755
        ],
        [
          0.047798540149454005,
          0.35286316243829946,
          0.24233496221440684,
          0.23399672125714624,
          0.97224757175589,
          0.17781775858696755,
          0.0
        ]
      ],
      "norms": [
        0.6837140839291154,
        0.7260975687428493,
        0.8020822611088839,
        1.2567768569996602,
        1.2090126101309853,
        0.03594456885013703,
        0.9101897162003095
      ],
      "max_overlaps": [
        0.6708268378292521,
        0.6345481286254935,
        0.5398571871768412,
        0.46987606781395674,
        0.97224757175589,
        0.6708268378292521,
        0.97224757175589
      ]
    },
    "r=0.5": {
      "overlap": [
        [
          0.0,
          0.5615876918676773,
          0.3575953114440827,
          0.45864407551594943,
          0.041345858545441115,
          0.6672872952284682,
          0.04416715369143054
        ],
        [
          0.5615876918676773,
          0.0,
          0.48329275627861795,
          0.3660553116981191,
          0.36290818617671766,
          0.4853841105768864,
          0.3814266589910683
        ],
        [
          0.3575953114440827,
          0.48329275627861795,
          0.0,
          0.26019792244743756,
          0.187038215879241,
          0.3212484469846567,
          0.24751274612313298
        ],
        [
          0.45864407551594943,
          0.3660553116981191,
          0.26019792244743756,
          0.0,
          0.21857628493049375,
          0.46037617144803483,
          0.22271761844158783
        ],
        [
          0.041345858545441115,
          0.36290818617671766,
          0.187038215879241,
          0.21857628493049375,
          0.0,
          0.17547574436958466,
          0.9707716185993381
        ],
        [
          0.6672872952284682,
          0.4853841105768864,
          0.3212484469846567,
          0.46037617144803483,
          0.17547574436958466,
          0.0,
          0.17765119670415394
        ],
        [
          0.04416715369143054,
          0.3814266589910683,
          0.24751274612313298,
          0.22271761844158783,
          0.9707716185993381,
          0.17765119670415394,
          0.0
        ]
      ],
      "norms": [
        0.4916240605617712,
        0.4864155345902674,
        0.5598080177691196,
        0.8930985553436461,
        0.853851183793004,
        0.02524682452072523,
        0.6426423359738845
      ],
      "max_overlaps": [
        0.6672872952284682,
        0.5615876918676773,
        0.48329275627861795,
        0.46037617144803483,
        0.9707716185993381,
        0.6672872952284682,
        0.9707716185993381
      ]
    },
    "r=0.3": {
      "overlap": [
        [
          0.0,
          0.4210269493342091,
          0.197725234634168,
          0.4763028435462865,
          0.04857395822300584,
          0.6494776291034035,
          0.04985335362419621
        ],
        [
          0.4210269493342091,
          0.0,
          0.4356518304852282,
          0.30628791171963554,
          0.37171865316652186,
          0.38343244443016766,
          0.3929890740798556
        ],
        [
          0.197725234634168,
          0.4356518304852282,
          0.0,
          0.21413516508479988,
          0.20753933607157907,
          0.22747491584513335,
          0.26516109934858095
        ],
        [
          0.4763028435462865,
          0.30628791171963554,
          0.21413516508479988,
          0.0,
          0.24501296777669662,
          0.4981369543398605,
          0.24360916825083342
        ],
        [
          0.04857395822300584,
          0.37171865316652186,
          0.20753933607157907,
          0.24501296777669662,
          0.0,
          0.19807932032918057,
          0.9698290783860775
        ],
        [
          0.6494776291034035,
          0.38343244443016766,
          0.22747491584513335,
          0.4981369543398605,
          0.19807932032918057,
          0.0,
          0.19470567482174606
        ],
        [
          0.04985335362419621,
          0.3929890740798556,
          0.26516109934858095,
          0.24360916825083342,
          0.9698290783860775,
          0.19470567482174606,
          0.0
        ]
      ],