{
  "schema": "MISSING_AXIS_SEARCH_v1",
  "timestamp": "2026-03-27T07:01:35.949213+00:00Z",
  "d": 8,
  "n_trials": 200,
  "known_axes": [
    "Ax0",
    "Ax1=5",
    "Ax2",
    "Ax3",
    "Ax4",
    "Ax6"
  ],
  "candidates": {
    "A: measurement_basis": {
      "residual": 0.9459762214871965,
      "overlaps": {
        "Ax0": 0.2442259069454096,
        "Ax1=5": 0.11091564326651378,
        "Ax2": 0.12312327913926699,
        "Ax3": 0.0,
        "Ax4": 0.0,
        "Ax6": 0.12527935065267667
      }
    },
    "B: coupling_strength": {
      "residual": 0.7900410482040878,
      "overlaps": {
        "Ax0": 0.604425053763367,
        "Ax1=5": 0.354123179735255,
        "Ax2": 0.38431850831044545,
        "Ax3": 0.0,
        "Ax4": 0.0,
        "Ax6": 0.09102476060526313
      }
    },
    "C: coherence_class": {
      "residual": 1.3469822409568326e-16,
      "overlaps": {
        "Ax0": 1.0,
        "Ax1=5": 0.5348111953628929,
        "Ax2": 0.6095850445330755,
        "Ax3": 0.0,
        "Ax4": 0.0,
        "Ax6": 0.04190930711746408
      }
    },
    "D: spectral_gap": {
      "residual": 0.3413514275698662,
      "overlaps": {
        "Ax0": 0.9312551826377606,
        "Ax1=5": 0.5742396367133294,
        "Ax2": 0.6417444034488123,
        "Ax3": 0.0,
        "Ax4": 0.0,
        "Ax6": 1.0234844621412606e-16
      }
    },
    "E: partial_transpose": {
      "residual": 0.7031988521737952,
      "overlaps": {
        "Ax0": 0.7024113985605177,
        "Ax1=5": 0.380996741979075,
        "Ax2": 0.43203991800152153,
        "Ax3": 0.0,
        "Ax4": 0.0,
        "Ax6": 0.0910318214377735
      }
    },
    "F: phase_structure": {
      "residual": 0.7031988521737952,
      "overlaps": {
        "Ax0": 0.7024113985605177,
        "Ax1=5": 0.380996741979075,
        "Ax2": 0.43203991800152153,
        "Ax3": 0.0,
        "Ax4": 0.0,
        "Ax6": 0.0910318214377735
      }
    },
    "G: squeezing": {
      "residual": 0.8829578544659955,
      "overlaps": {
        "Ax0": 0.437035342297434,
        "Ax1=5": 0.2844331987067648,
        "Ax2": 0.30611292180469496,
        "Ax3": 0.0,
        "Ax4": 0.0,
        "Ax6": 0.09563743743077704
      }
    }
  },
  "best_candidate": "A: measurement_basis",
  "best_residual": 0.9459762214871965
}