{
  "schema": "RECON_AX4_PROCESS_v1",
  "timestamp": "2026-04-14T12:03:51.204210+00:00Z",
  "n_trials": 300,
  "norm_ax4": 0.07798187061980674,
  "norm_ax6": 0.4436618916882875,
  "overlap_4_6": 0.33805530240169634
}