{
  "schema": "RECON_AX5_TORUS_v1",
  "timestamp": "2026-04-06T06:00:25.973256+00:00Z",
  "n_trials": 1000,
  "norm_ax0": 1.5,
  "norm_ax5": 0.8935925389341773,
  "overlap_0_5": 0.0
}