{
  "schema": "SPINOR_TORUS_WIGGLE_v1",
  "timestamp": "2026-04-14T11:52:46.449998+00:00Z",
  "ax3_spinor": {
    "names": [
      "gamma5_phase",
      "cp_spinor",
      "parity_spinor",
      "opposite_rot"
    ],
    "overlap": [
      [
        0.0,
        0.27108380173464136,
        0.4492238010056353,
        0.3604539314956574
      ],
      [
        0.27108380173464136,
        0.0,
        0.5592348891234957,
        0.28473907865452314
      ],
      [
        0.4492238010056353,
        0.5592348891234957,
        0.0,
        0.47503468445777747
      ],
      [
        0.3604539314956574,
        0.28473907865452314,
        0.47503468445777747,
        0.0
      ]
    ],
    "norms": [
      0.8699310682224574,
      1.383470187484113,
      1.34863392306784,
      0.7055874421524827
    ]
  },
  "ax5_torus": {
    "inner_vs_cliff": {
      "names": [
        "eta_scalar",
        "stage_onehot",
        "stage_invariants",
        "torus_second_difference"
      ],
      "overlap": [
        [
          0.0,
          0.8805499726853481,
          0.2698023285528553,
          0.02871444019277311
        ],
        [
          0.8805499726853481,
          0.0,
          0.42799381523161406,
          0.39284747919359053
        ],
        [
          0.2698023285528553,
          0.42799381523161406,
          0.0,
          0.270875103846592
        ],
        [
          0.02871444019277311,
          0.39284747919359053,
          0.270875103846592,
          0.0
        ]
      ],
      "norms": [
        0.8831755241139375,
        1.4142135623731034,
        0.8941330896522409,
        0.0024958245892964023
      ]
    },
    "cliff_vs_outer": {
      "names": [
        "eta_scalar",
        "stage_onehot",
        "stage_invariants",
        "torus_second_difference"
      ],
      "overlap": [
        [
          0.0,
          0.39463065710921574,
          0.37530263789394325,
          0.5539556902106141
        ],
        [
          0.39463065710921574,
          0.0,
          0.11581429184501961,
          0.39284747919359053
        ],
        [
          0.37530263789394325,
          0.11581429184501961,
          0.0,
          0.21069210091161622
        ],
        [
          0.5539556902106141,
          0.39284747919359053,
          0.21069210091161622,
          0.0
        ]
      ],
      "norms": [
        0.8831755241139375,
        1.4142135623731034,
        0.8941330896522409,
        0.002495824589296765
      ]
    },
    "expanding_vs_compressing": {
      "names": [
        "eta_scalar",
        "stage_onehot",
        "stage_invariants",
        "torus_second_difference"
      ],
      "overlap": [
        [
          0.0,
          0.4800093200557341,
          0.23570204367181766,
          0.2358768157522061
        ],
        [
          0.4800093200557341,
          0.0,
          0.1667283367005849,
          0.5
        ],
        [
          0.23570204367181766,
          0.1667283367005849,
          0.0,
          0.1667283367005849
        ],
        [
          0.2358768157522061,
          0.5,
          0.1667283367005849,
          0.0
        ]
      ],
      "norms": [
        0.29977799171639696,
        1.4142135623731034,
        0.29976409685194794,
        0.0006393922483145807
      ]
    }
  },
  "note": "Exploratory spinor/torus layer probe; no density projection for Ax3 candidates."
}