{
  "type1_seed42": {
    "engine_type": 1,
    "seed": 42,
    "operators": {
      "Ti": {
        "avg_dphi_L": -0.4613009887770886,
        "avg_dphi_R": -0.4613009887770886,
        "avg_dga0": -9.516197353929913e-17,
        "count": 14,
        "classification": "DISSIPATOR (destroys order, stable ceiling)"
      },
      "Fe": {
        "avg_dphi_L": -1.0177044392397268e-16,
        "avg_dphi_R": -1.0177044392397268e-16,
        "avg_dga0": -1.850371707708594e-17,
        "count": 12,
        "classification": "NEUTRAL (minimal effect)"
      },
      "Te": {
        "avg_dphi_L": -0.0016234922002266172,
        "avg_dphi_R": -0.0016234922002266172,
        "avg_dga0": -1.4802973661668754e-17,
        "count": 15,
        "classification": "NEUTRAL (minimal effect)"
      },
      "Fi": {
        "avg_dphi_L": 5.181040781584064e-17,
        "avg_dphi_R": 5.181040781584064e-17,
        "avg_dga0": 1.0022768043006653e-16,
        "count": 15,
        "classification": "NEUTRAL (minimal effect)"
      }
    }
  },
  "type1_seed123": {
    "engine_type": 1,
    "seed": 123,
    "operators": {
      "Ti": {
        "avg_dphi_L": -0.4613009887770886,
        "avg_dphi_R": -0.4613009887770886,
        "avg_dga0": -9.516197353929913e-17,
        "count": 14,
        "classification": "DISSIPATOR (destroys order, stable ceiling)"
      },
      "Fe": {
        "avg_dphi_L": -1.0177044392397268e-16,
        "avg_dphi_R": -1.0177044392397268e-16,
        "avg_dga0": -1.850371707708594e-17,
        "count": 12,
        "classification": "NEUTRAL (minimal effect)"
      },
      "Te": {
        "avg_dphi_L": -0.0016234922002266172,
        "avg_dphi_R": -0.0016234922002266172,
        "avg_dga0": -1.4802973661668754e-17,
        "count": 15,
        "classification": "NEUTRAL (minimal effect)"
      },
      "Fi": {
        "avg_dphi_L": 5.181040781584064e-17,
        "avg_dphi_R": 5.181040781584064e-17,
        "avg_dga0": 1.0022768043006653e-16,
        "count": 15,
        "classification": "NEUTRAL (minimal effect)"
      }
    }
  },
  "type2_seed42": {
    "engine_type": 2,
    "seed": 42,
    "operators": {
      "Ti": {
        "avg_dphi_L": -0.40609664410846485,
        "avg_dphi_R": -0.40609664410846485,
        "avg_dga0": 2.960594732333751e-17,
        "count": 15,
        "classification": "DISSIPATOR (destroys order, stable ceiling)"
      },
      "Fe": {
        "avg_dphi_L": -2.7385501274087196e-16,
        "avg_dphi_R": -2.7385501274087196e-16,
        "avg_dga0": -5.181040781584064e-17,
        "count": 15,
        "classification": "NEUTRAL (minimal effect)"
      },
      "Te": {
        "avg_dphi_L": -0.046003204512524876,
        "avg_dphi_R": -0.046003204512524876,
        "avg_dga0": -5.088522196198634e-17,
        "count": 12,
        "classification": "DISSIPATOR (destroys order, stable ceiling)"
      },
      "Fi": {
        "avg_dphi_L": -3.1720657846433045e-16,
        "avg_dphi_R": -3.1720657846433045e-16,
        "avg_dga0": -2.299747693866396e-16,
        "count": 14,
        "classification": "NEUTRAL (minimal effect)"
      }
    }
  },
  "type2_seed123": {
    "engine_type": 2,
    "seed": 123,
    "operators": {
      "Ti": {
        "avg_dphi_L": -0.40609664410846485,
        "avg_dphi_R": -0.40609664410846485,
        "avg_dga0": 2.960594732333751e-17,
        "count": 15,
        "classification": "DISSIPATOR (destroys order, stable ceiling)"
      },
      "Fe": {
        "avg_dphi_L": -2.7385501274087196e-16,
        "avg_dphi_R": -2.7385501274087196e-16,
        "avg_dga0": -5.181040781584064e-17,
        "count": 15,
        "classification": "NEUTRAL (minimal effect)"
      },
      "Te": {
        "avg_dphi_L": -0.046003204512524876,
        "avg_dphi_R": -0.046003204512524876,
        "avg_dga0": -5.088522196198634e-17,
        "count": 12,
        "classification": "DISSIPATOR (destroys order, stable ceiling)"
      },
      "Fi": {
        "avg_dphi_L": -3.1720657846433045e-16,
        "avg_dphi_R": -3.1720657846433045e-16,
        "avg_dga0": -2.299747693866396e-16,
        "count": 14,
        "classification": "NEUTRAL (minimal effect)"
      }
    }
  }
}