{
  "type1_seed42": {
    "engine_type": 1,
    "seed": 42,
    "operators": {
      "Ti": {
        "avg_dphi_L": -0.1058564903458739,
        "avg_dphi_R": -0.11560176408363008,
        "avg_dga0": -0.11115595368435335,
        "count": 16,
        "classification": "ERASER (destroys order, lowers ceiling)"
      },
      "Fe": {
        "avg_dphi_L": 0.00615473319630664,
        "avg_dphi_R": 0.01017785222064687,
        "avg_dga0": 0.03866453341509317,
        "count": 16,
        "classification": "EXTRACTOR (creates order, raises ceiling)"
      },
      "Te": {
        "avg_dphi_L": 0.0013018201174333222,
        "avg_dphi_R": -0.0013789957871535516,
        "avg_dga0": 0.0950902587926061,
        "count": 16,
        "classification": "REGULATOR (neutral work, shifts ceiling)"
      },
      "Fi": {
        "avg_dphi_L": 0.06667854588674206,
        "avg_dphi_R": 0.07512133834742554,
        "avg_dga0": -0.05156962979097543,
        "count": 16,
        "classification": "CONCENTRATOR (creates order, stable ceiling)"
      }
    }
  },
  "type1_seed123": {
    "engine_type": 1,
    "seed": 123,
    "operators": {
      "Ti": {
        "avg_dphi_L": -0.1058564903458739,
        "avg_dphi_R": -0.11560176408363008,
        "avg_dga0": -0.11115595368435335,
        "count": 16,
        "classification": "ERASER (destroys order, lowers ceiling)"
      },
      "Fe": {
        "avg_dphi_L": 0.00615473319630664,
        "avg_dphi_R": 0.01017785222064687,
        "avg_dga0": 0.03866453341509317,
        "count": 16,
        "classification": "EXTRACTOR (creates order, raises ceiling)"
      },
      "Te": {
        "avg_dphi_L": 0.0013018201174333222,
        "avg_dphi_R": -0.0013789957871535516,
        "avg_dga0": 0.0950902587926061,
        "count": 16,
        "classification": "REGULATOR (neutral work, shifts ceiling)"
      },
      "Fi": {
        "avg_dphi_L": 0.06667854588674206,
        "avg_dphi_R": 0.07512133834742554,
        "avg_dga0": -0.05156962979097543,
        "count": 16,
        "classification": "CONCENTRATOR (creates order, stable ceiling)"
      }
    }
  },
  "type2_seed42": {
    "engine_type": 2,
    "seed": 42,
    "operators": {
      "Ti": {
        "avg_dphi_L": -0.10053575946980528,
        "avg_dphi_R": -0.09016963827749878,
        "avg_dga0": -0.1072927188151745,
        "count": 16,
        "classification": "ERASER (destroys order, lowers ceiling)"
      },
      "Fe": {
        "avg_dphi_L": 0.00948605532354186,
        "avg_dphi_R": -0.004944195754044558,
        "avg_dga0": 0.039110763461784756,
        "count": 16,
        "classification": "REGULATOR (neutral work, shifts ceiling)"
      },
      "Te": {
        "avg_dphi_L": 0.0008391463954354958,
        "avg_dphi_R": -0.0017911736065366057,
        "avg_dga0": 0.09266034706737056,
        "count": 16,
        "classification": "REGULATOR (neutral work, shifts ceiling)"
      },
      "Fi": {
        "avg_dphi_L": 0.07376263692861776,
        "avg_dphi_R": 0.07674357534055146,
        "avg_dga0": -0.050330993734392045,
        "count": 16,
        "classification": "CONCENTRATOR (creates order, stable ceiling)"
      }
    }
  },
  "type2_seed123": {
    "engine_type": 2,
    "seed": 123,
    "operators": {
      "Ti": {
        "avg_dphi_L": -0.10053575946980528,
        "avg_dphi_R": -0.09016963827749878,
        "avg_dga0": -0.1072927188151745,
        "count": 16,
        "classification": "ERASER (destroys order, lowers ceiling)"
      },
      "Fe": {
        "avg_dphi_L": 0.00948605532354186,
        "avg_dphi_R": -0.004944195754044558,
        "avg_dga0": 0.039110763461784756,
        "count": 16,
        "classification": "REGULATOR (neutral work, shifts ceiling)"
      },
      "Te": {
        "avg_dphi_L": 0.0008391463954354958,
        "avg_dphi_R": -0.0017911736065366057,
        "avg_dga0": 0.09266034706737056,
        "count": 16,
        "classification": "REGULATOR (neutral work, shifts ceiling)"
      },
      "Fi": {
        "avg_dphi_L": 0.07376263692861776,
        "avg_dphi_R": 0.07674357534055146,
        "avg_dga0": -0.050330993734392045,
        "count": 16,
        "classification": "CONCENTRATOR (creates order, stable ceiling)"
      }
    }
  }
}