{
  "cycles": 64,
  "entangle_reps": 1,
  "n_vec": [
    0.3,
    0.4,
    0.866025403784
  ],
  "results": {
    "sign-1_BELL_FWD_SEQ01": {
      "MI_final_mean": 0.007519084751131477,
      "MI_init_mean": 1.3862943611198784,
      "MI_lambda_fit": 0.09132079404389126,
      "MI_traj_mean": 0.19984202942337412,
      "SAgB_final_mean": 0.6466203558800836,
      "SAgB_init_mean": -0.6931471805599331,
      "SAgB_neg_frac_traj": 0.10024038461538462,
      "SAgB_traj_mean": 0.4583983320132541
    },
    "sign-1_BELL_FWD_SEQ02": {
      "MI_final_mean": 0.007437901000115897,
      "MI_init_mean": 1.3862943611198784,
      "MI_lambda_fit": 0.09157511964694368,
      "MI_traj_mean": 0.19986577230424032,
      "SAgB_final_mean": 0.6466846432307723,
      "SAgB_init_mean": -0.6931471805599331,
      "SAgB_neg_frac_traj": 0.10012019230769231,
      "SAgB_traj_mean": 0.4584668260207166
    },
    "sign-1_BELL_FWD_SEQ03": {
      "MI_final_mean": 0.0075130337322441305,
      "MI_init_mean": 1.3862943611198784,
      "MI_lambda_fit": 0.09131303251643164,
      "MI_traj_mean": 0.1998092441671634,
      "SAgB_final_mean": 0.6466171194881873,
      "SAgB_init_mean": -0.6931471805599331,
      "SAgB_neg_frac_traj": 0.10024038461538462,
      "SAgB_traj_mean": 0.458292818820466
    },
    "sign-1_BELL_FWD_SEQ04": {
      "MI_final_mean": 0.014025097913538875,
      "MI_init_mean": 1.3862943611198784,
      "MI_lambda_fit": 0.06512288507431759,
      "MI_traj_mean": 0.1467955535553338,
      "SAgB_final_mean": 0.640056350408945,
      "SAgB_init_mean": -0.6931471805599331,
      "SAgB_neg_frac_traj": 0.07223557692307692,
      "SAgB_traj_mean": 0.5112793241209147
    },
    "sign-1_BELL_REV_SEQ01": {
      "MI_final_mean": 0.010667012238016223,
      "MI_init_mean": 1.3862943611198784,
      "MI_lambda_fit": 0.07483514694125896,
      "MI_traj_mean": 0.15742144642965497,
      "SAgB_final_mean": 0.6393767919002057,
      "SAgB_init_mean": -0.6931471805599331,
      "SAgB_neg_frac_traj": 0.078125,
      "SAgB_traj_mean": 0.4981447198788344
    },
    "sign-1_BELL_REV_SEQ02": {
      "MI_final_mean": 0.010707466147307035,
      "MI_init_mean": 1.3862943611198784,
      "MI_lambda_fit": 0.07482744345682026,
      "MI_traj_mean": 0.15747490119964558,
      "SAgB_final_mean": 0.6393533867263212,
      "SAgB_init_mean": -0.6931471805599331,
      "SAgB_neg_frac_traj": 0.07824519230769231,
      "SAgB_traj_mean": 0.49798517633160116
    },
    "sign-1_BELL_REV_SEQ03": {
      "MI_final_mean": 0.010862886901252228,
      "MI_init_mean": 1.3862943611198784,
      "MI_lambda_fit": 0.0744941838970109,
      "MI_traj_mean": 0.1576594239654829,
      "SAgB_final_mean": 0.6392040894803969,
      "SAgB_init_mean": -0.6931471805599331,
      "SAgB_neg_frac_traj": 0.078125,
      "SAgB_traj_mean": 0.4980556412875596
    },
    "sign-1_BELL_REV_SEQ04": {
      "MI_final_mean": 0.0202768943603022,
      "MI_init_mean": 1.3862943611198784,
      "MI_lambda_fit": 0.06487867790204596,
      "MI_traj_mean": 0.29715872560019674,
      "SAgB_final_mean": 0.6298383942158109,
      "SAgB_init_mean": -0.6931471805599331,
      "SAgB_neg_frac_traj": 0.14182692307692307,
      "SAgB_traj_mean": 0.35858002468670974
    },
    "sign-1_GINIBRE_FWD_SEQ01": {
      "MI_final_mean": 0.004258992694741585,
      "MI_init_mean": 0.2729332667831374,
      "MI_lambda_fit": 0.06353520364438651,
      "MI_traj_mean": 0.04173029989955883,
      "SAgB_final_mean": 0.649710762084349,
      "SAgB_init_mean": 0.3255873031967841,
      "SAgB_neg_frac_traj": 0.0,
      "SAgB_traj_mean": 0.6149448502802611
    },
    "sign-1_GINIBRE_FWD_SEQ02": {
      "MI_final_mean": 0.004283996367008601,
      "MI_init_mean": 0.2729332667831374,
      "MI_lambda_fit": 0.06335234922753502,
      "MI_traj_mean": 0.041908692996211784,
      "SAgB_final_mean": 0.6496673697121927,
      "SAgB_init_mean": 0.3255873031967841,
      "SAgB_neg_frac_traj": 0.0,
      "SAgB_traj_mean": 0.614768350489837
    },
    "sign-1_GINIBRE_FWD_SEQ03": {
      "MI_final_mean": 0.004154922488689374,
      "MI_init_mean": 0.2729332667831374,
      "MI_lambda_fit": 0.06404030119654948,
      "MI_traj_mean": 0.041520265399124,
      "SAgB_final_mean": 0.6498106629673194,
      "SAgB_init_mean": 0.3255873031967841,
      "SAgB_neg_frac_traj": 0.0,
      "SAgB_traj_mean": 0.6151509779262834
    },
    "sign-1_GINIBRE_FWD_SEQ04": {
      "MI_final_mean": 0.006328506814354139,
      "MI_init_mean": 0.2729332667831374,
      "MI_lambda_fit": 0.05037484424596279,
      "MI_traj_mean": 0.03850779551555131,
      "SAgB_final_mean": 0.6475896294868897,
      "SAgB_init_mean": 0.3255873031967841,
      "SAgB_neg_frac_traj": 0.0,
      "SAgB_traj_mean": 0.6181378280128359
    },
    "sign-1_GINIBRE_REV_SEQ01": {
      "MI_final_mean": 0.004250644179527066,
      "MI_init_mean": 0.2729332667831374,
      "MI_lambda_fit": 0.06098466853746867,
      "MI_traj_mean": 0.03774577166699398,
      "SAgB_final_mean": 0.6456329972794972,
      "SAgB_init_mean": 0.3255873031967841,
      "SAgB_neg_frac_traj": 0.0,
      "SAgB_traj_mean": 0.6162271122753089
    },
    "sign-1_GINIBRE_REV_SEQ02": {
      "MI_final_mean": 0.004265855725170591,
      "MI_init_mean": 0.2729332667831374,
      "MI_lambda_fit": 0.060909787759843986,
      "MI_traj_mean": 0.03794692734742346,
      "SAgB_final_mean": 0.6456362475993838,
      "SAgB_init_mean": 0.3255873031967841,
      "SAgB_neg_frac_traj": 0.0,
      "SAgB_traj_mean": 0.616027111402243
    },
    "sign-1_GINIBRE_REV_SEQ03": {
      "MI_final_mean": 0.004381028449761881,
      "MI_init_mean": 0.2729332667831374,
      "MI_lambda_fit": 0.06042633523118248,
      "MI_traj_mean": 0.03800787446514438,
      "SAgB_final_mean": 0.6455202902344853,
      "SAgB_init_mean": 0.3255873031967841,
      "SAgB_neg_frac_traj": 0.0,
      "SAgB_traj_mean": 0.6159774868853989
    },
    "sign-1_GINIBRE_REV_SEQ04": {
      "MI_final_mean": 0.0066032466217071945,
      "MI_init_mean": 0.2729332667831374,
      "MI_lambda_fit": 0.054474916655389005,
      "MI_traj_mean": 0.05182806934420419,
      "SAgB_final_mean": 0.6433448154421088,
      "SAgB_init_mean": 0.3255873031967841,
      "SAgB_neg_frac_traj": 0.0,
      "SAgB_traj_mean": 0.6021824863067211
    },
    "sign1_BELL_FWD_SEQ01": {
      "MI_final_mean": 0.007513492534590438,
      "MI_init_mean": 1.3862943611198784,
      "MI_lambda_fit": 0.09098424734828771,
      "MI_traj_mean": 0.1989876066649014,
      "SAgB_final_mean": 0.6461725010829532,
      "SAgB_init_mean": -0.6931471805599331,
      "SAgB_neg_frac_traj": 0.09699519230769231,
      "SAgB_traj_mean": 0.459286937495509
    },
    "sign1_BELL_FWD_SEQ02": {
      "MI_final_mean": 0.007497834739120083,
      "MI_init_mean": 1.3862943611198784,
      "MI_lambda_fit": 0.09104933564103042,
      "MI_traj_mean": 0.19852105584823623,
      "SAgB_final_mean": 0.64614193744791,
      "SAgB_init_mean": -0.6931471805599331,
      "SAgB_neg_frac_traj": 0.09663461538461539,
      "SAgB_traj_mean": 0.4597274265666557
    },
    "sign1_BELL_FWD_SEQ03": {
      "MI_final_mean": 0.007478295500191736,
      "MI_init_mean": 1.3862943611198784,
      "MI_lambda_fit": 0.0910557904370671,
      "MI_traj_mean": 0.19891502215037501,
      "SAgB_final_mean": 0.646192370792432,
      "SAgB_init_mean": -0.6931471805599331,
      "SAgB_neg_frac_traj": 0.096875,
      "SAgB_traj_mean": 0.4592297553947523
    },
    "sign1_BELL_FWD_SEQ04": {
      "MI_final_mean": 0.014562022662501168,
      "MI_init_mean": 1.3862943611198784,
      "MI_lambda_fit": 0.06411563810587886,
      "MI_traj_mean": 0.1470168871279225,
      "SAgB_final_mean": 0.6390434843080834,
      "SAgB_init_mean": -0.6931471805599331,
      "SAgB_neg_frac_traj": 0.06995192307692308,
      "SAgB_traj_mean": 0.5110568647917669
    },
    "sign1_BELL_REV_SEQ01": {
      "MI_final_mean": 0.010923301623549724,
      "MI_init_mean": 1.3862943611198784,
      "MI_lambda_fit": 0.0741664664475676,