{
  "metrics": {
    "MI_max": 0.5763919004845633,
    "MI_mean": 0.2724236385732822,
    "MI_min": 0.07228029839730787,
    "SAB_mean": 0.931725964050409,
    "SA_mean": 0.6047316571225809,
    "SAgB_max": 0.5886320431593128,
    "SAgB_mean": 0.3323080185492987,
    "SAgB_min": -0.002114071978150056,
    "SB_mean": 0.5994179455011104,
    "neg_SAgB_frac": 0.001953125
  },
  "seed": 0,
  "trials": 512
}