{
  "n_vec": [
    0.3,
    0.4,
    0.866025403784
  ],
  "num_states": 512,
  "operator_params": {
    "d_fe": 0.04,
    "q_fi": 0.06,
    "theta_te": 0.05
  },
  "seed": 0,
  "terrain_order": [
    "Se",
    "Ne",
    "Ni",
    "Si"
  ],
  "terrain_params": {
    "gamma": 0.12,
    "p": 0.08,
    "q": 0.1
  },
  "theta": 0.07,
  "type1": {
    "inner": {
      "1_Se_DOWN": {
        "M_Pmean": 0.6105176051284802,
        "M_Smean": 0.5726737505570623,
        "U_Pmean": 0.6077734155352288,
        "U_Smean": 0.5758532170682593,
        "dP": 0.0027441895932514004,
        "dS": -0.003179466511197049
      },
      "2_Ne_UP": {
        "M_Pmean": 0.5227150821004735,
        "M_Smean": 0.6700445860354091,
        "U_Pmean": 0.5227150821004735,
        "U_Smean": 0.6700445860354092,
        "dP": 0.0,
        "dS": -1.1102230246251565e-16
      },
      "3_Ni_UP": {
        "M_Pmean": 0.5799646224484967,
        "M_Smean": 0.6071103646504589,
        "U_Pmean": 0.5798549140997931,
        "U_Smean": 0.607239571666791,
        "dP": 0.00010970834870360768,
        "dS": -0.0001292070163321224
      },
      "4_Si_DOWN": {
        "M_Pmean": 0.5873326284614111,
        "M_Smean": 0.5986592145369128,
        "U_Pmean": 0.5873326284614112,
        "U_Smean": 0.5986592145369128,
        "dP": -1.1102230246251565e-16,
        "dS": 0.0
      }
    },
    "outer": {
      "1_Se_UP": {
        "M_Pmean": 0.5968023583619182,
        "M_Smean": 0.5881376579435402,
        "U_Pmean": 0.5993703252611948,
        "U_Smean": 0.5851933509748254,
        "dP": -0.0025679668992766302,
        "dS": 0.002944306968714838
      },
      "2_Ne_DOWN": {
        "M_Pmean": 0.5233069183561471,
        "M_Smean": 0.669428728631253,
        "U_Pmean": 0.5233069183561471,
        "U_Smean": 0.6694287286312529,
        "dP": 0.0,
        "dS": 1.1102230246251565e-16
      },
      "3_Ni_DOWN": {
        "M_Pmean": 0.5863557029336506,
        "M_Smean": 0.6003549548094405,
        "U_Pmean": 0.5864743423646335,
        "U_Smean": 0.6002157001832906,
        "dP": -0.00011863943098289198,
        "dS": 0.00013925462614983175
      },
      "4_Si_UP": {
        "M_Pmean": 0.58576107677008,
        "M_Smean": 0.6007903051029663,
        "U_Pmean": 0.5857610767700802,
        "U_Smean": 0.6007903051029663,
        "dP": -1.1102230246251565e-16,
        "dS": 0.0
      }
    }
  },
  "type2": {
    "inner": {
      "1_Se_DOWN": {
        "M_Pmean": 0.6025877839449033,
        "M_Smean": 0.5815618020793687,
        "U_Pmean": 0.6001888114344643,
        "U_Smean": 0.5843519118877273,
        "dP": 0.002398972510438968,
        "dS": -0.0027901098083585874
      },
      "2_Ne_UP": {
        "M_Pmean": 0.5224427900155864,
        "M_Smean": 0.6703054812599413,
        "U_Pmean": 0.5224427900155866,
        "U_Smean": 0.6703054812599413,
        "dP": -2.220446049250313e-16,
        "dS": 0.0
      },
      "3_Ni_UP": {
        "M_Pmean": 0.5859481450466214,
        "M_Smean": 0.5997599432860534,
        "U_Pmean": 0.58592764187611,
        "U_Smean": 0.5997847325015371,
        "dP": 2.0503170511387836e-05,
        "dS": -2.478921548365598e-05
      },
      "4_Si_DOWN": {
        "M_Pmean": 0.5906696153568232,
        "M_Smean": 0.5948867945293321,
        "U_Pmean": 0.5906696153568232,
        "U_Smean": 0.5948867945293321,
        "dP": 0.0,
        "dS": 0.0
      }
    },
    "outer": {
      "1_Se_UP": {
        "M_Pmean": 0.6048116152176325,
        "M_Smean": 0.5791051780712195,
        "U_Pmean": 0.6072676511884424,
        "U_Smean": 0.5762325388215843,
        "dP": -0.0024560359708099,
        "dS": 0.0028726392496352116
      },
      "2_Ne_DOWN": {
        "M_Pmean": 0.5231392106919011,
        "M_Smean": 0.6696234585836407,
        "U_Pmean": 0.5231392106919011,
        "U_Smean": 0.6696234585836407,
        "dP": 0.0,
        "dS": 0.0
      },
      "3_Ni_DOWN": {
        "M_Pmean": 0.5849018892447475,
        "M_Smean": 0.6015341347063016,
        "U_Pmean": 0.5849221476607114,
        "U_Smean": 0.6015101060647372,
        "dP": -2.025841596386968e-05,
        "dS": 2.402864156436646e-05
      },
      "4_Si_UP": {
        "M_Pmean": 0.5868696806162912,
        "M_Smean": 0.5993307669443652,
        "U_Pmean": 0.5868696806162912,
        "U_Smean": 0.5993307669443652,
        "dP": 0.0,
        "dS": 0.0
      }
    }
  }
}