{
  "SIM_ID": "S_SIM_HISTORY_INVARIANT_GRADIENT_SCAN_V11",
  "CODE_HASH_SHA256": "80d43b6dc7d6799fc13b317aa8bea5762d8bdadd5c6aeeea0568807e89acf918",
  "OUTPUT_HASH_SHA256": "2ee65124eec131ee8f5592354b75d1b21617e48a9eb1ee1a8ada55acd00bb36f",
  "RESULTS": {
    "depth_1": {
      "mi_mean": 0.18764924632487293,
      "mi_std": 0.09167316956511672
    },
    "depth_2": {
      "mi_mean": 0.1610663981865395,
      "mi_std": 0.0850954489796973
    },
    "depth_4": {
      "mi_mean": 0.11049494540271679,
      "mi_std": 0.06362565419740468
    },
    "depth_8": {
      "mi_mean": 0.06398529766810998,
      "mi_std": 0.03221776376724664
    },
    "depth_16": {
      "mi_mean": 0.026508022245365515,
      "mi_std": 0.013710104714865876
    },
    "depth_32": {
      "mi_mean": 0.006895203173436056,
      "mi_std": 0.0039540419386215
    },
    "depth_64": {
      "mi_mean": 0.0021472392647626896,
      "mi_std": 0.0009764528952784872
    }
  }
}