{
  "best": {
    "rec": {
      "SEQ01": {
        "MI_max": 0.21129507911975387,
        "MI_mean": 0.09162439943993708,
        "MI_min": 0.013369828747002988,
        "SAgB_max": 0.6563548226828878,
        "SAgB_mean": 0.5660010505479603,
        "SAgB_min": 0.38884605519920745,
        "neg_SAgB_frac": 0.0
      },
      "SEQ02": {
        "MI_max": 0.209894664574799,
        "MI_mean": 0.09132323772718454,
        "MI_min": 0.013302614960035708,
        "SAgB_max": 0.655846646304026,
        "SAgB_mean": 0.5663050379529029,
        "SAgB_min": 0.39210878136377125,
        "neg_SAgB_frac": 0.0
      },
      "axis3_sign": 1,
      "cycles": 8,
      "delta_MI_mean_SEQ02_minus_SEQ01": -0.00030116171275254566,
      "delta_SAgB_mean_SEQ02_minus_SEQ01": 0.0003039874049425295,
      "delta_negfrac_SEQ02_minus_SEQ01": 0.0,
      "entangle_pos": "BEFORE",
      "entangle_reps": 1,
      "entangler": "CNOT",
      "params": {
        "gamma": 0.02,
        "p": 0.02,
        "q": 0.02
      }
    },
    "score": 0.0
  },
  "fixed": {
    "n_vec": [
      0.3,
      0.4,
      0.866025403784
    ],
    "seed": 0,
    "theta": 0.07,
    "trials": 512
  },
  "records_count": 3456,
  "records_sample": [
    {
      "SEQ01": {
        "MI_max": 0.21129507911975387,
        "MI_mean": 0.09162439943993708,
        "MI_min": 0.013369828747002988,
        "SAgB_max": 0.6563548226828878,
        "SAgB_mean": 0.5660010505479603,
        "SAgB_min": 0.38884605519920745,
        "neg_SAgB_frac": 0.0
      },
      "SEQ02": {
        "MI_max": 0.209894664574799,
        "MI_mean": 0.09132323772718454,
        "MI_min": 0.013302614960035708,
        "SAgB_max": 0.655846646304026,
        "SAgB_mean": 0.5663050379529029,
        "SAgB_min": 0.39210878136377125,
        "neg_SAgB_frac": 0.0
      },
      "axis3_sign": 1,
      "cycles": 8,
      "delta_MI_mean_SEQ02_minus_SEQ01": -0.00030116171275254566,
      "delta_SAgB_mean_SEQ02_minus_SEQ01": 0.0003039874049425295,
      "delta_negfrac_SEQ02_minus_SEQ01": 0.0,
      "entangle_pos": "BEFORE",
      "entangle_reps": 1,
      "entangler": "CNOT",
      "params": {
        "gamma": 0.02,
        "p": 0.02,
        "q": 0.02
      }
    },
    {
      "SEQ01": {
        "MI_max": 0.29151305733270383,
        "MI_mean": 0.10349733453967867,
        "MI_min": 0.01490096547259201,
        "SAgB_max": 0.6585792207624958,
        "SAgB_mean": 0.5541281154482188,
        "SAgB_min": 0.3086280769862574,
        "neg_SAgB_frac": 0.0
      },
      "SEQ02": {
        "MI_max": 0.29669346157130927,
        "MI_mean": 0.10380336359576199,
        "MI_min": 0.01465805817455701,
        "SAgB_max": 0.6582170567755181,
        "SAgB_mean": 0.5538249120843254,
        "SAgB_min": 0.30341110980564756,
        "neg_SAgB_frac": 0.0
      },
      "axis3_sign": 1,
      "cycles": 8,
      "delta_MI_mean_SEQ02_minus_SEQ01": 0.0003060290560833179,
      "delta_SAgB_mean_SEQ02_minus_SEQ01": -0.00030320336389344504,
      "delta_negfrac_SEQ02_minus_SEQ01": 0.0,
      "entangle_pos": "AFTER",
      "entangle_reps": 1,
      "entangler": "CNOT",
      "params": {
        "gamma": 0.02,
        "p": 0.02,
        "q": 0.02
      }
    },
    {
      "SEQ01": {
        "MI_max": 0.19176987594898032,
        "MI_mean": 0.08061960217857833,
        "MI_min": 0.019101193115681925,
        "SAgB_max": 0.6541075084893323,
        "SAgB_mean": 0.5767838544039158,
        "SAgB_min": 0.426810277694217,
        "neg_SAgB_frac": 0.0
      },
      "SEQ02": {
        "MI_max": 0.19068257045469772,
        "MI_mean": 0.08060502773340032,
        "MI_min": 0.018625086076946573,
        "SAgB_max": 0.6541168482383602,
        "SAgB_mean": 0.5767239356643965,
        "SAgB_min": 0.42825934452451486,
        "neg_SAgB_frac": 0.0
      },
      "axis3_sign": 1,
      "cycles": 8,
      "delta_MI_mean_SEQ02_minus_SEQ01": -1.4574445178008877e-05,
      "delta_SAgB_mean_SEQ02_minus_SEQ01": -5.991873951927129e-05,
      "delta_negfrac_SEQ02_minus_SEQ01": 0.0,
      "entangle_pos": "BEFORE",
      "entangle_reps": 2,
      "entangler": "CNOT",
      "params": {
        "gamma": 0.02,
        "p": 0.02,
        "q": 0.02
      }
    },
    {
      "SEQ01": {
        "MI_max": 0.1917698759489801,
        "MI_mean": 0.08061960217857833,
        "MI_min": 0.019101193115681703,
        "SAgB_max": 0.6541075084893321,
        "SAgB_mean": 0.5767838544039159,
        "SAgB_min": 0.4268102776942172,
        "neg_SAgB_frac": 0.0
      },
      "SEQ02": {
        "MI_max": 0.19068257045469772,
        "MI_mean": 0.08060502773340031,
        "MI_min": 0.018625086076946795,
        "SAgB_max": 0.6541168482383604,
        "SAgB_mean": 0.5767239356643965,
        "SAgB_min": 0.42825934452451486,
        "neg_SAgB_frac": 0.0
      },
      "axis3_sign": 1,
      "cycles": 8,
      "delta_MI_mean_SEQ02_minus_SEQ01": -1.4574445178022755e-05,
      "delta_SAgB_mean_SEQ02_minus_SEQ01": -5.9918739519382314e-05,
      "delta_negfrac_SEQ02_minus_SEQ01": 0.0,
      "entangle_pos": "AFTER",
      "entangle_reps": 2,
      "entangler": "CNOT",
      "params": {
        "gamma": 0.02,
        "p": 0.02,
        "q": 0.02
      }
    },
    {
      "SEQ01": {
        "MI_max": 0.19176987594898032,
        "MI_mean": 0.08061960217857833,
        "MI_min": 0.019101193115681925,
        "SAgB_max": 0.6541075084893323,
        "SAgB_mean": 0.5767838544039158,
        "SAgB_min": 0.426810277694217,
        "neg_SAgB_frac": 0.0
      },
      "SEQ02": {
        "MI_max": 0.19068257045469772,
        "MI_mean": 0.08060502773340032,
        "MI_min": 0.018625086076946573,
        "SAgB_max": 0.6541168482383602,
        "SAgB_mean": 0.5767239356643965,
        "SAgB_min": 0.42825934452451486,
        "neg_SAgB_frac": 0.0
      },
      "axis3_sign": 1,
      "cycles": 8,
      "delta_MI_mean_SEQ02_minus_SEQ01": -1.4574445178008877e-05,
      "delta_SAgB_mean_SEQ02_minus_SEQ01": -5.991873951927129e-05,
      "delta_negfrac_SEQ02_minus_SEQ01": 0.0,
      "entangle_pos": "BEFORE",
      "entangle_reps": 4,
      "entangler": "CNOT",
      "params": {
        "gamma": 0.02,
        "p": 0.02,
        "q": 0.02
      }
    },
    {
      "SEQ01": {
        "MI_max": 0.1917698759489801,
        "MI_mean": 0.08061960217857833,
        "MI_min": 0.019101193115681703,
        "SAgB_max": 0.6541075084893321,
        "SAgB_mean": 0.5767838544039159,
        "SAgB_min": 0.4268102776942172,
        "neg_SAgB_frac": 0.0
      },
      "SEQ02": {
        "MI_max": 0.19068257045469772,
        "MI_mean": 0.08060502773340031,
        "MI_min": 0.018625086076946795,
        "SAgB_max": 0.6541168482383604,
        "SAgB_mean": 0.5767239356643965,
        "SAgB_min": 0.42825934452451486,
        "neg_SAgB_frac": 0.0
      },
      "axis3_sign": 1,
      "cycles": 8,
      "delta_MI_mean_SEQ02_minus_SEQ01": -1.4574445178022755e-05,
      "delta_SAgB_mean_SEQ02_minus_SEQ01": -5.9918739519382314e-05,
      "delta_negfrac_SEQ02_minus_SEQ01": 0.0,
      "entangle_pos": "AFTER",
      "entangle_reps": 4,
      "entangler": "CNOT",
      "params": {
        "gamma": 0.02,
        "p": 0.02,
        "q": 0.02
      }
    },
    {
      "SEQ01": {
        "MI_max": 0.20766642973092453,
        "MI_mean": 0.09052180003750583,
        "MI_min": 0.014706243810974406,
        "SAgB_max": 0.6646652652281118,
        "SAgB_mean": 0.5664242919851445,
        "SAgB_min": 0.4377200128484833,
        "neg_SAgB_frac": 0.0
      },
      "SEQ02": {
        "MI_max": 0.20541645204508496,
        "MI_mean": 0.09017096337249128,
        "MI_min": 0.014453913072515201,
        "SAgB_max": 0.6648023773766943,
        "SAgB_mean": 0.5667689071682188,
        "SAgB_min": 0.44121312330988016,
        "neg_SAgB_frac": 0.0
      },
      "axis3_sign": 1,
      "cycles": 8,
      "delta_MI_mean_SEQ02_minus_SEQ01": -0.0003508366650145506,
      "delta_SAgB_mean_SEQ02_minus_SEQ01": 0.0003446151830742705,
      "delta_negfrac_SEQ02_minus_SEQ01": 0.0,