{
  "H": "Z",
  "families": {
    "EC_AD": {
      "CTRL_delta_deltaH_absmean": 7.49454751730605e-18,
      "CTRL_minus_dS_mean": 0.11259814372214214,
      "CTRL_minus_deltaH_absmean": 2.648434856838966e-16,
      "CTRL_plus_dS_mean": 0.11259814372214214,
      "CTRL_plus_deltaH_absmean": 2.7233803320120265e-16,
      "TEST_delta_deltaH_absmean": 3.64766860303789e-05,
      "TEST_minus_dS_mean": 0.11277223516534254,
      "TEST_minus_deltaH_absmean": 0.026576246542811578,
      "TEST_plus_dS_mean": 0.11237919801950716,
      "TEST_plus_deltaH_absmean": 0.026612723228841957,
      "lin_err_mean": 0.023410521136522085
    },
    "EC_FX": {
      "CTRL_delta_deltaH_absmean": 5.082197683525802e-18,
      "CTRL_minus_dS_mean": 0.11998377445157224,
      "CTRL_minus_deltaH_absmean": 2.683942477987866e-16,
      "CTRL_plus_dS_mean": 0.11998377445157224,
      "CTRL_plus_deltaH_absmean": 2.7347644548231242e-16,
      "TEST_delta_deltaH_absmean": 3.647668603038931e-05,
      "TEST_minus_dS_mean": 0.1200742885995791,
      "TEST_minus_deltaH_absmean": 0.026576246542811575,
      "TEST_plus_dS_mean": 0.11986406370809063,
      "TEST_plus_deltaH_absmean": 0.026612723228841964,
      "lin_err_mean": 2.9483925735467206e-16
    },
    "EO_AD": {
      "CTRL_delta_deltaH_absmean": 0.0,
      "CTRL_minus_dS_mean": 0.017426920812044677,
      "CTRL_minus_deltaH_absmean": 0.08730761606886606,
      "CTRL_plus_dS_mean": 0.01742692081204468,
      "CTRL_plus_deltaH_absmean": 0.08730761606886606,
      "TEST_delta_deltaH_absmean": -0.0009138345998696978,
      "TEST_minus_dS_mean": 0.017524156214475086,
      "TEST_minus_deltaH_absmean": 0.08982774161098828,
      "TEST_plus_dS_mean": 0.017296652538139716,
      "TEST_plus_deltaH_absmean": 0.08891390701111858,
      "lin_err_mean": 0.01302066155298634
    },
    "EO_FX": {
      "CTRL_delta_deltaH_absmean": 2.7755575615628914e-17,
      "CTRL_minus_dS_mean": 0.05708342718693937,
      "CTRL_minus_deltaH_absmean": 0.12029928053976777,
      "CTRL_plus_dS_mean": 0.05708342718693936,
      "CTRL_plus_deltaH_absmean": 0.1202992805397678,
      "TEST_delta_deltaH_absmean": -0.0009384673072792976,
      "TEST_minus_dS_mean": 0.05697780359755063,
      "TEST_minus_deltaH_absmean": 0.12085347037148786,
      "TEST_plus_dS_mean": 0.05719870743761601,
      "TEST_plus_deltaH_absmean": 0.11991500306420856,
      "lin_err_mean": 3.0498805390193284e-16
    }
  },
  "k": 0.18,
  "lin_trials": 512,
  "n_ctrl": [
    0.0,
    0.0,
    1.0
  ],
  "n_test": [
    0.3,
    0.4,
    0.866025403784
  ],
  "num_states": 4096,
  "p0": 0.12,
  "seed": 0,
  "theta": 0.07
}