{
  "axis0_params": {
    "SEQ01": [
      "Se",
      "Ne",
      "Ni",
      "Si"
    ],
    "SEQ02": [
      "Se",
      "Si",
      "Ni",
      "Ne"
    ],
    "axis0_cycles": 128,
    "axis0_trials": 96,
    "entangle_reps": 2,
    "terrain_params": {
      "gamma": 0.01,
      "p": 0.01,
      "q": 0.01
    }
  },
  "axis0_traj_metrics": {
    "sign-1_ent0": {
      "SEQ01": {
        "BELL": {
          "MI_max": 0.147691227528403,
          "MI_mean": 0.14769122752840272,
          "MI_min": 0.14769122752840244,
          "SAgB_max": 0.5219972803927191,
          "SAgB_mean": 0.5219972803927186,
          "SAgB_min": 0.5219972803927184,
          "negfrac_max": 0.06640625,
          "negfrac_mean": 0.06640625,
          "negfrac_min": 0.06640625
        },
        "GINIBRE": {
          "MI_max": 0.05819096122769573,
          "MI_mean": 0.02806937717037869,
          "MI_min": 0.0059210478273536305,
          "SAgB_max": 0.6603273334545181,
          "SAgB_mean": 0.6315512576343171,
          "SAgB_min": 0.5908473173084259,
          "negfrac_max": 0.0,
          "negfrac_mean": 0.0,
          "negfrac_min": 0.0
        }
      },
      "SEQ02": {
        "BELL": {
          "MI_max": 0.14988771201975754,
          "MI_mean": 0.1498877120197573,
          "MI_min": 0.14988771201975706,
          "SAgB_max": 0.5193168382303405,
          "SAgB_mean": 0.5193168382303401,
          "SAgB_min": 0.5193168382303399,
          "negfrac_max": 0.068359375,
          "negfrac_mean": 0.068359375,
          "negfrac_min": 0.068359375
        },
        "GINIBRE": {
          "MI_max": 0.05923244881086134,
          "MI_mean": 0.028508335590842333,
          "MI_min": 0.0059814651866710155,
          "SAgB_max": 0.659780379750996,
          "SAgB_mean": 0.6304766735148507,
          "SAgB_min": 0.5889393276161174,
          "negfrac_max": 0.0,
          "negfrac_mean": 0.0,
          "negfrac_min": 0.0
        }
      }
    },
    "sign-1_ent1": {
      "SEQ01": {
        "BELL": {
          "MI_max": 0.14769122752840297,
          "MI_mean": 0.14769122752840272,
          "MI_min": 0.14769122752840244,
          "SAgB_max": 0.5219972803927191,
          "SAgB_mean": 0.5219972803927186,
          "SAgB_min": 0.5219972803927184,
          "negfrac_max": 0.06640625,
          "negfrac_mean": 0.06640625,
          "negfrac_min": 0.06640625
        },
        "GINIBRE": {
          "MI_max": 0.05819096122769573,
          "MI_mean": 0.02806937717037869,
          "MI_min": 0.0059210478273536305,
          "SAgB_max": 0.6603273334545181,
          "SAgB_mean": 0.6315512576343171,
          "SAgB_min": 0.5908473173084259,
          "negfrac_max": 0.0,
          "negfrac_mean": 0.0,
          "negfrac_min": 0.0
        }
      },
      "SEQ02": {
        "BELL": {
          "MI_max": 0.14988771201975754,
          "MI_mean": 0.1498877120197573,
          "MI_min": 0.14988771201975706,
          "SAgB_max": 0.5193168382303405,
          "SAgB_mean": 0.5193168382303401,
          "SAgB_min": 0.5193168382303399,
          "negfrac_max": 0.068359375,
          "negfrac_mean": 0.068359375,
          "negfrac_min": 0.068359375
        },
        "GINIBRE": {
          "MI_max": 0.05923244881086134,
          "MI_mean": 0.028508335590842343,
          "MI_min": 0.00598146518667105,
          "SAgB_max": 0.659780379750996,
          "SAgB_mean": 0.6304766735148507,
          "SAgB_min": 0.5889393276161174,
          "negfrac_max": 0.0,
          "negfrac_mean": 0.0,
          "negfrac_min": 0.0
        }
      }
    },
    "sign1_ent0": {
      "SEQ01": {
        "BELL": {
          "MI_max": 0.14767220618055463,
          "MI_mean": 0.1476722061805544,
          "MI_min": 0.14767220618055416,
          "SAgB_max": 0.5215415107301771,
          "SAgB_mean": 0.5215415107301768,
          "SAgB_min": 0.5215415107301766,
          "negfrac_max": 0.06640625,
          "negfrac_mean": 0.06640625,
          "negfrac_min": 0.06640625
        },
        "GINIBRE": {
          "MI_max": 0.05857966352426716,
          "MI_mean": 0.028025338532848405,
          "MI_min": 0.005902031406647825,
          "SAgB_max": 0.6604452979048788,
          "SAgB_mean": 0.631134237688234,
          "SAgB_min": 0.5891180147146253,
          "negfrac_max": 0.0,
          "negfrac_mean": 0.0,
          "negfrac_min": 0.0
        }
      },
      "SEQ02": {
        "BELL": {
          "MI_max": 0.1499235552778905,
          "MI_mean": 0.14992355527789025,
          "MI_min": 0.14992355527789006,
          "SAgB_max": 0.5187963641834045,
          "SAgB_mean": 0.5187963641834044,
          "SAgB_min": 0.518796364183404,
          "negfrac_max": 0.068359375,
          "negfrac_mean": 0.068359375,
          "negfrac_min": 0.068359375
        },
        "GINIBRE": {
          "MI_max": 0.0597085480138054,
          "MI_mean": 0.02846923698555021,
          "MI_min": 0.005976117508709449,
          "SAgB_max": 0.6598805557893208,
          "SAgB_mean": 0.6300462850135949,
          "SAgB_min": 0.587172891100709,
          "negfrac_max": 0.0,
          "negfrac_mean": 0.0,
          "negfrac_min": 0.0
        }
      }
    },
    "sign1_ent1": {
      "SEQ01": {
        "BELL": {
          "MI_max": 0.14767220618055465,
          "MI_mean": 0.1476722061805544,
          "MI_min": 0.14767220618055416,
          "SAgB_max": 0.5215415107301771,
          "SAgB_mean": 0.5215415107301768,
          "SAgB_min": 0.5215415107301766,
          "negfrac_max": 0.06640625,
          "negfrac_mean": 0.06640625,
          "negfrac_min": 0.06640625
        },
        "GINIBRE": {
          "MI_max": 0.05857966352426716,
          "MI_mean": 0.0280253385328484,
          "MI_min": 0.005902031406647787,
          "SAgB_max": 0.6604452979048788,
          "SAgB_mean": 0.631134237688234,
          "SAgB_min": 0.5891180147146253,
          "negfrac_max": 0.0,
          "negfrac_mean": 0.0,
          "negfrac_min": 0.0
        }
      },
      "SEQ02": {
        "BELL": {
          "MI_max": 0.14992355527789053,
          "MI_mean": 0.14992355527789028,
          "MI_min": 0.14992355527789006,
          "SAgB_max": 0.5187963641834046,
          "SAgB_mean": 0.5187963641834044,
          "SAgB_min": 0.518796364183404,
          "negfrac_max": 0.068359375,
          "negfrac_mean": 0.068359375,
          "negfrac_min": 0.068359375
        },
        "GINIBRE": {
          "MI_max": 0.0597085480138054,
          "MI_mean": 0.02846923698555021,
          "MI_min": 0.005976117508709479,
          "SAgB_max": 0.6598805557893209,
          "SAgB_mean": 0.6300462850135948,
          "SAgB_min": 0.587172891100709,
          "negfrac_max": 0.0,
          "negfrac_mean": 0.0,
          "negfrac_min": 0.0
        }
      }
    }
  },
  "k_list": [
    0.0,
    0.12,
    0.24
  ],
  "lin_trials": 4096,
  "n_ctrl": [
    0.0,
    0.0,
    1.0
  ],
  "n_test": [
    0.3,
    0.4,
    0.866025403784
  ],
  "num_states": 65536,
  "p0_list": [
    0.02,
    0.08,
    0.12,
    0.18
  ],
  "seeds": [
    0,
    1,
    2,
    3,
    4,
    5,
    6,
    7
  ],
  "theta": 0.07,
  "topology4_metrics": {
    "EC_AD": {
      "CTRL_comm_deltaH_DOWN_mean": 2.544716466541065e-16,
      "CTRL_comm_deltaH_UP_mean": 2.692485467005416e-16,
      "TEST_nonc_deltaH_DOWN_mean": 0.020744733158985045,
      "TEST_nonc_deltaH_UP_mean": 0.0262401204897784,
      "dP_DOWN_mean": -0.07029458415787294,
      "dP_UP_mean": -0.07029502102480083,
      "dS_DOWN_mean": 0.09684707940768104,
      "dS_UP_mean": 0.09684785513696248,
      "lin_err_mean": 0.014091694511819554
    },
    "EC_FX": {
      "CTRL_comm_deltaH_DOWN_mean": 2.555773555225184e-16,
      "CTRL_comm_deltaH_UP_mean": 2.698058943798349e-16,
      "TEST_nonc_deltaH_DOWN_mean": 0.020999670809720067,
      "TEST_nonc_deltaH_UP_mean": 0.0262401204897784,
      "dP_DOWN_mean": -0.06930746133798592,
      "dP_UP_mean": -0.06930750404069962,
      "dS_DOWN_mean": 0.09648177015869142,