{
  "axis3_minus": {
    "berry_flux_approx": -6.283201456311079,
    "chirality_sign": -1
  },
  "axis3_plus": {
    "berry_flux_approx": 6.283201456311079,
    "chirality_sign": 1
  },
  "axis4_composites": {
    "A_entropy_mean": 0.6217321137649314,
    "A_purity_mean": 0.5696981136454882,
    "B_entropy_mean": 0.6220899088191741,
    "B_purity_mean": 0.5693575673384816,
    "delta_entropy_mean": -0.0003577950542427155,
    "delta_purity_mean": 0.00034054630700652844
  },
  "axis5_fga": {
    "dS_max": 0.26115028163603804,
    "dS_mean": 0.061212233653433076,
    "dS_min": -0.03279711409351849
  },
  "axis5_fsa": {
    "dS_max": 8.881784197001252e-16,
    "dS_mean": -3.8878812278972386e-17,
    "dS_min": -1.3591558434278284e-15
  },
  "axis6_lr": {
    "comm_norm_max": 1.4543273903457996,
    "comm_norm_mean": 0.8864436143270445,
    "comm_norm_min": 0.03318071520657367,
    "delta_trace_max": 1.9437542466573219,
    "delta_trace_mean": 0.7668532349210637,
    "delta_trace_min": 0.006327473664450967
  }
}