{
  "SEQ01": [
    "Se",
    "Ne",
    "Ni",
    "Si"
  ],
  "SEQ02": [
    "Se",
    "Si",
    "Ni",
    "Ne"
  ],
  "axis3_sign": 1,
  "cycles": 64,
  "delta_MI_mean_SEQ02_minus_SEQ01": 0.0007381966930415842,
  "delta_SAgB_mean_SEQ02_minus_SEQ01": -0.0013163402139951819,
  "delta_negfrac_SEQ02_minus_SEQ01": 0.0,
  "metrics_SEQ01": {
    "MI_max": 0.005529156546387748,
    "MI_mean": 0.005174869538448677,
    "MI_min": 0.002700877370313437,
    "SAgB_max": 0.6325114786458615,
    "SAgB_mean": 0.625918110737689,
    "SAgB_min": 0.6190738999560116,
    "neg_SAgB_frac": 0.0
  },
  "metrics_SEQ02": {
    "MI_max": 0.0063178700010642075,
    "MI_mean": 0.005913066231490261,
    "MI_min": 0.003084483744105526,
    "SAgB_max": 0.6302976238526203,
    "SAgB_mean": 0.6246017705236938,
    "SAgB_min": 0.6186892199265309,
    "neg_SAgB_frac": 0.0
  },
  "n_vec": [
    0.3,
    0.4,
    0.866025403784
  ],
  "seed": 0,
  "terrain_params": {
    "gamma": 0.12,
    "p": 0.08,
    "q": 0.1
  },
  "theta": 0.07,
  "trials": 512
}