{
  "axis3_sign": 1,
  "cycles": 64,
  "fwd_minus": {
    "purity_max": 0.5587513683650427,
    "purity_mean": 0.5587513680981548,
    "purity_min": 0.5587513678475411,
    "vn_entropy_max": 0.6331874852460218,
    "vn_entropy_mean": 0.633187484984836,
    "vn_entropy_min": 0.6331874847066896
  },
  "fwd_plus": {
    "purity_max": 0.5746923114081743,
    "purity_mean": 0.5746923099627627,
    "purity_min": 0.5746923086931185,
    "vn_entropy_max": 0.6164742900080358,
    "vn_entropy_mean": 0.6164742886688184,
    "vn_entropy_min": 0.6164742871442022
  },
  "n_vec": [
    0.3,
    0.4,
    0.866025403784
  ],
  "num_states": 256,
  "rev_minus": {
    "purity_max": 0.5826599677409274,
    "purity_mean": 0.5826599674314115,
    "purity_min": 0.5826599671407122,
    "vn_entropy_max": 0.6080441598353293,
    "vn_entropy_mean": 0.6080441595268062,
    "vn_entropy_min": 0.6080441591983123
  },
  "rev_plus": {
    "purity_max": 0.6058564500872294,
    "purity_mean": 0.6058564483665013,
    "purity_min": 0.6058564468550203,
    "vn_entropy_max": 0.5831978133746929,
    "vn_entropy_mean": 0.5831978117405376,
    "vn_entropy_min": 0.5831978098801527
  },
  "seed": 0,
  "sequence_fwd": [
    "Se",
    "Si",
    "Ni",
    "Ne"
  ],
  "sequence_rev": [
    "Ne",
    "Ni",
    "Si",
    "Se"
  ],
  "sim_id_fwd": "S_SIM_AXIS4_SEQ02_FWD",
  "sim_id_rev": "S_SIM_AXIS4_SEQ02_REV",
  "terrain_params": {
    "gamma": 0.12,
    "p": 0.08,
    "q": 0.1
  },
  "theta": 0.07
}