{
  "BELL_SEQ01": {
    "MI_final_mean": 0.007604717912033046,
    "MI_init_mean": 1.3862943611198788,
    "MI_lambda_fit": 0.09089451058064207,
    "MI_traj_mean": 0.19953947697263238,
    "SAgB_final_mean": 0.6460960417722438,
    "SAgB_init_mean": -0.6931471805599333,
    "SAgB_neg_frac_traj": 0.09753605769230769,
    "SAgB_traj_mean": 0.458606010341021
  },
  "BELL_SEQ02": {
    "MI_final_mean": 0.00758821295932387,
    "MI_init_mean": 1.3862943611198788,
    "MI_lambda_fit": 0.09095562467075757,
    "MI_traj_mean": 0.19904219278757085,
    "SAgB_final_mean": 0.6460646351342514,
    "SAgB_init_mean": -0.6931471805599333,
    "SAgB_neg_frac_traj": 0.09723557692307692,
    "SAgB_traj_mean": 0.4590764109410929
  },
  "BELL_delta_MI_lambda_fit_SEQ02_minus_SEQ01": 6.11140901154994e-05,
  "BELL_delta_MI_traj_mean_SEQ02_minus_SEQ01": -0.0004972841850615362,
  "BELL_delta_SAgB_neg_frac_traj_SEQ02_minus_SEQ01": -0.00030048076923076816,
  "BELL_delta_SAgB_traj_mean_SEQ02_minus_SEQ01": 0.00047040060007191853,
  "GINIBRE_SEQ01": {
    "MI_final_mean": 0.004690102138643567,
    "MI_init_mean": 0.27570814574973346,
    "MI_lambda_fit": 0.06109132455497861,
    "MI_traj_mean": 0.04274720855831073,
    "SAgB_final_mean": 0.6488507737880436,
    "SAgB_init_mean": 0.32673009003320846,
    "SAgB_neg_frac_traj": 0.0,
    "SAgB_traj_mean": 0.6135087129574414
  },
  "GINIBRE_SEQ02": {
    "MI_final_mean": 0.0047516904655467655,
    "MI_init_mean": 0.27570814574973346,
    "MI_lambda_fit": 0.06077880904757679,
    "MI_traj_mean": 0.04292466237318384,
    "SAgB_final_mean": 0.6487357467902918,
    "SAgB_init_mean": 0.32673009003320846,
    "SAgB_neg_frac_traj": 0.0,
    "SAgB_traj_mean": 0.6132992335996692
  },
  "GINIBRE_delta_MI_lambda_fit_SEQ02_minus_SEQ01": -0.00031251550740181433,
  "GINIBRE_delta_MI_traj_mean_SEQ02_minus_SEQ01": 0.00017745381487310752,
  "GINIBRE_delta_SAgB_neg_frac_traj_SEQ02_minus_SEQ01": 0.0,
  "GINIBRE_delta_SAgB_traj_mean_SEQ02_minus_SEQ01": -0.00020947935777215765,
  "SEQ01": [
    "Se",
    "Ne",
    "Ni",
    "Si"
  ],
  "SEQ02": [
    "Se",
    "Si",
    "Ni",
    "Ne"
  ],
  "axis3_sign": 1,
  "cycles": 64,
  "entangle_reps": 1,
  "n_vec": [
    0.3,
    0.4,
    0.866025403784
  ],
  "seed": 0,
  "terrain_params": {
    "gamma": 0.02,
    "p": 0.02,
    "q": 0.02
  },
  "theta": 0.07,
  "trials": 256
}