{
  "SEQ01": [
    "Se",
    "Ne",
    "Ni",
    "Si"
  ],
  "SEQ01_metrics": {
    "MI_mean": 0.12489839387783339,
    "SAgB_min_mean": -0.5825210039663665,
    "neg_SAgB_frac_mean": 0.047637939453125
  },
  "SEQ02": [
    "Se",
    "Si",
    "Ni",
    "Ne"
  ],
  "SEQ02_metrics": {
    "MI_mean": 0.12643876777492513,
    "SAgB_min_mean": -0.6359092899458801,
    "neg_SAgB_frac_mean": 0.048126220703125
  },
  "cycles": 64,
  "delta_MI_mean_SEQ02_minus_SEQ01": 0.0015403738970917458,
  "delta_SAgB_min_mean_SEQ02_minus_SEQ01": -0.05338828597951362,
  "delta_negfrac_mean_SEQ02_minus_SEQ01": 0.00048828125,
  "entangle_reps": 1,
  "entangled_init": true,
  "seed": 0,
  "trials": 256
}