{
  "axis3_sign": 1,
  "cycles": 64,
  "fwd_minus": {
    "purity_max": 0.5561877541869905,
    "purity_mean": 0.5561877539285798,
    "purity_min": 0.5561877536877351,
    "vn_entropy_max": 0.6358567053010586,
    "vn_entropy_mean": 0.6358567050505306,
    "vn_entropy_min": 0.6358567047817298
  },
  "fwd_plus": {
    "purity_max": 0.5746923114081741,
    "purity_mean": 0.5746923099627627,
    "purity_min": 0.5746923086931185,
    "vn_entropy_max": 0.6164742900080358,
    "vn_entropy_mean": 0.6164742886688184,
    "vn_entropy_min": 0.6164742871442023
  },
  "n_vec": [
    0.3,
    0.4,
    0.866025403784
  ],
  "num_states": 256,
  "rev_minus": {
    "purity_max": 0.5849133700081807,
    "purity_mean": 0.5849133696906458,
    "purity_min": 0.5849133693922877,
    "vn_entropy_max": 0.6056504871391049,
    "vn_entropy_mean": 0.6056504868218955,
    "vn_entropy_min": 0.6056504864842972
  },
  "rev_plus": {
    "purity_max": 0.6058564500872294,
    "purity_mean": 0.6058564483665013,
    "purity_min": 0.6058564468550203,
    "vn_entropy_max": 0.5831978133746929,
    "vn_entropy_mean": 0.5831978117405376,
    "vn_entropy_min": 0.5831978098801527
  },
  "seed": 0,
  "sequence_fwd": [
    "Se",
    "Ne",
    "Ni",
    "Si"
  ],
  "sequence_rev": [
    "Si",
    "Ni",
    "Ne",
    "Se"
  ],
  "sim_id_fwd": "S_SIM_AXIS4_SEQ01_FWD",
  "sim_id_rev": "S_SIM_AXIS4_SEQ01_REV",
  "terrain_params": {
    "gamma": 0.12,
    "p": 0.08,
    "q": 0.1
  },
  "theta": 0.07
}