{
  "comm_norm_max": 1.397187758657188,
  "comm_norm_mean": 0.8428944743867303,
  "comm_norm_min": 0.059809715182545894,
  "delta_trace_max": 1.9759218774746619,
  "delta_trace_mean": 1.1920327973270552,
  "delta_trace_min": 0.08458371037282841,
  "seed": 0,
  "trials": 512
}