{
  "metrics": {
    "minus_Ne_entropy_mean": 0.6931459181312059,
    "minus_Ne_purity_mean": 0.5000012624279915,
    "minus_Ni_entropy_mean": 0.6808511816272418,
    "minus_Ni_purity_mean": 0.5121874446381427,
    "minus_Se_entropy_mean": 0.023571598861606983,
    "minus_Se_purity_mean": 0.9929229402542369,
    "minus_Si_entropy_mean": 0.3360716315964416,
    "minus_Si_purity_mean": 0.7986085231517747,
    "plus_Ne_entropy_mean": 0.6931458547147951,
    "plus_Ne_purity_mean": 0.5000013258443228,
    "plus_Ni_entropy_mean": 0.6790982165867663,
    "plus_Ni_purity_mean": 0.5139082495800344,
    "plus_Se_entropy_mean": 0.02365889869393977,
    "plus_Se_purity_mean": 0.9928921472420069,
    "plus_Si_entropy_mean": 0.33720464240133996,
    "plus_Si_purity_mean": 0.7982561500573696
  }
}