{
  "axis3_minus": {
    "berry_flux_approx": -6.283201456311079,
    "chirality_sign": -1
  },
  "axis3_plus": {
    "berry_flux_approx": 6.283201456311079,
    "chirality_sign": 1
  },
  "axis4_composites": {
    "A_entropy_mean": 0.6217321137649321,
    "A_purity_mean": 0.5696981136454877,
    "B_entropy_mean": 0.6220899088191747,
    "B_purity_mean": 0.569357567338481,
    "delta_entropy_mean": -0.0003577950542426045,
    "delta_purity_mean": 0.0003405463070067505
  },
  "axis5_fga": {
    "dS_max": 0.26115028163603804,
    "dS_mean": 0.061212233653433076,
    "dS_min": -0.03279711409351849
  },
  "axis5_fsa": {
    "dS_max": 7.771561172376096e-16,
    "dS_mean": -4.0745672894720864e-17,
    "dS_min": -7.494005416219807e-16
  },
  "axis6_lr": {
    "comm_norm_max": 1.4543273903457996,
    "comm_norm_mean": 0.8864436143270445,
    "comm_norm_min": 0.03318071520657367,
    "delta_trace_max": 1.9437542466573219,
    "delta_trace_mean": 0.7668532349210637,
    "delta_trace_min": 0.006327473664450967
  }
}