{
  "BELL_SEQ01": {
    "dMI_max": -0.004945336995136662,
    "dMI_mean": -0.025296410384477136,
    "dMI_min": -0.04858594148386386,
    "dSAgB_max": 0.04858594148386375,
    "dSAgB_mean": 0.025296410384477136,
    "dSAgB_min": 0.004945336995136662,
    "frob_err_max": 0.18161219465907222,
    "frob_err_mean": 0.12472715457132641,
    "frob_err_min": 0.06212278664240775,
    "neg_SAgB_frac_bulk": 0.0,
    "neg_SAgB_frac_rec": 0.0
  },
  "BELL_SEQ02": {
    "dMI_max": -0.005002339263858957,
    "dMI_mean": -0.025370200134149742,
    "dMI_min": -0.04873211055018456,
    "dSAgB_max": 0.04873211055018478,
    "dSAgB_mean": 0.025370200134149735,
    "dSAgB_min": 0.005002339263859179,
    "frob_err_max": 0.18171819558186322,
    "frob_err_mean": 0.12464570444345227,
    "frob_err_min": 0.06211899397535201,
    "neg_SAgB_frac_bulk": 0.0,
    "neg_SAgB_frac_rec": 0.0
  },
  "GINIBRE_SEQ01": {
    "dMI_max": 0.039844776952418615,
    "dMI_mean": -0.005445352215660112,
    "dMI_min": -0.029858776193646186,
    "dSAgB_max": 0.029858776193645964,
    "dSAgB_mean": 0.00544535221566012,
    "dSAgB_min": -0.039844776952418615,
    "frob_err_max": 0.15757554621752398,
    "frob_err_mean": 0.07392780652533784,
    "frob_err_min": 0.025752387317096455,
    "neg_SAgB_frac_bulk": 0.0,
    "neg_SAgB_frac_rec": 0.0
  },
  "GINIBRE_SEQ02": {
    "dMI_max": 0.03963877020522211,
    "dMI_mean": -0.005501983039847407,
    "dMI_min": -0.03025402268593602,
    "dSAgB_max": 0.03025402268593602,
    "dSAgB_mean": 0.005501983039847412,
    "dSAgB_min": -0.03963877020522244,
    "frob_err_max": 0.15797759065385417,
    "frob_err_mean": 0.07405799115670912,
    "frob_err_min": 0.02591791362687033,
    "neg_SAgB_frac_bulk": 0.0,
    "neg_SAgB_frac_rec": 0.0
  },
  "SEQ01": [
    "Se",
    "Ne",
    "Ni",
    "Si"
  ],
  "SEQ02": [
    "Se",
    "Si",
    "Ni",
    "Ne"
  ],
  "axis3_sign": 1,
  "cycles": 64,
  "entangle_reps": 1,
  "n_vec": [
    0.3,
    0.4,
    0.866025403784
  ],
  "record_axis": "Z",
  "seed": 0,
  "terrain_params": {
    "gamma": 0.01,
    "p": 0.01,
    "q": 0.01
  },
  "theta": 0.07,
  "trials": 512
}