{
  "timestamp": "2026-04-04T20:19:08.217659+00:00",
  "compression_horizon_steps": 7,
  "results": [
    {
      "engine_type": 1,
      "torus": "inner",
      "fe_step_count": 2,
      "fe_mi_mean": 1.9343018526351075,
      "non_fe_mi_mean": 1.6861133914141202,
      "fe_advantage": 0.24818846122098726,
      "bridges": {
        "A_phase4_winner": {
          "mi": 1.7457223800542139,
          "ic": 0.7477037073392185
        },
        "B_fe_indexed": {
          "mi": 1.5389508774220975,
          "ic": 0.5457496195079709
        },
        "C_fe_pairs_only": {
          "mi": 1.8418789404109501,
          "ic": 0.8428440236462659
        },
        "D_lag7_pairs": {
          "mi": 1.24037969508425,
          "ic": 0.2617139701667949
        }
      },
      "winner": "C_fe_pairs_only",
      "winner_mi": 1.8418789404109501,
      "baseline_mi": 1.7457223800542139,
      "gain_over_baseline": 0.09615656035673625
    },
    {
      "engine_type": 1,
      "torus": "clifford",
      "fe_step_count": 2,
      "fe_mi_mean": 1.308307252991082,
      "non_fe_mi_mean": 1.0834836084582335,
      "fe_advantage": 0.22482364453284842,
      "bridges": {
        "A_phase4_winner": {
          "mi": 1.1540271058476326,
          "ic": 0.17385651209706032
        },
        "B_fe_indexed": {
          "mi": 0.6754667892179762,
          "ic": -0.2872152934567611
        },
        "C_fe_pairs_only": {
          "mi": 1.011077831911773,
          "ic": 0.04134009326399035
        },
        "D_lag7_pairs": {
          "mi": 0.6672269981263983,
          "ic": -0.2893245631514132
        }
      },
      "winner": "A_phase4_winner",
      "winner_mi": 1.1540271058476326,
      "baseline_mi": 1.1540271058476326,
      "gain_over_baseline": 0.0
    },
    {
      "engine_type": 1,
      "torus": "outer",
      "fe_step_count": 2,
      "fe_mi_mean": 1.9346084964433325,
      "non_fe_mi_mean": 1.6853995935268677,
      "fe_advantage": 0.2492089029164648,
      "bridges": {
        "A_phase4_winner": {
          "mi": 1.745819389502617,
          "ic": 0.7477981545961333
        },
        "B_fe_indexed": {
          "mi": 1.538950989965378,
          "ic": 0.5457619725213696
        },
        "C_fe_pairs_only": {
          "mi": 1.841879295302697,
          "ic": 0.842844314233002
        },
        "D_lag7_pairs": {
          "mi": 1.2403886911260853,
          "ic": 0.26172259586645485
        }
      },
      "winner": "C_fe_pairs_only",
      "winner_mi": 1.841879295302697,
      "baseline_mi": 1.745819389502617,
      "gain_over_baseline": 0.09605990580007995
    },
    {
      "engine_type": 2,
      "torus": "inner",
      "fe_step_count": 2,
      "fe_mi_mean": 1.6140813653964026,
      "non_fe_mi_mean": 1.6936895691847087,
      "fe_advantage": -0.07960820378830613,
      "bridges": {
        "A_phase4_winner": {
          "mi": 1.6218874747826466,
          "ic": 0.6259109546248356
        },
        "B_fe_indexed": {
          "mi": 1.794231559136392,
          "ic": 0.7960180075080874
        },
        "C_fe_pairs_only": {
          "mi": 1.8394361380936635,
          "ic": 0.8404257003612734
        },
        "D_lag7_pairs": {
          "mi": 1.5580342335563695,
          "ic": 0.5667324654411323
        }
      },
      "winner": "C_fe_pairs_only",
      "winner_mi": 1.8394361380936635,
      "baseline_mi": 1.6218874747826466,
      "gain_over_baseline": 0.21754866331101685
    },
    {
      "engine_type": 2,
      "torus": "clifford",
      "fe_step_count": 2,
      "fe_mi_mean": 1.1678754074002107,
      "non_fe_mi_mean": 1.026245045624315,
      "fe_advantage": 0.1416303617758956,
      "bridges": {
        "A_phase4_winner": {
          "mi": 1.0081714385087208,
          "ic": 0.03459461063360225
        },
        "B_fe_indexed": {
          "mi": 1.4245166370576587,
          "ic": 0.43869377849143687
        },
        "C_fe_pairs_only": {
          "mi": 1.4461762659079458,
          "ic": 0.45942180081840633
        },
        "D_lag7_pairs": {
          "mi": 1.1586801321336886,
          "ic": 0.184287155314534
        }
      },
      "winner": "C_fe_pairs_only",
      "winner_mi": 1.4461762659079458,
      "baseline_mi": 1.0081714385087208,
      "gain_over_baseline": 0.43800482739922497
    },
    {
      "engine_type": 2,
      "torus": "outer",
      "fe_step_count": 2,
      "fe_mi_mean": 1.6143376691158238,
      "non_fe_mi_mean": 1.694293347091121,
      "fe_advantage": -0.07995567797529723,
      "bridges": {
        "A_phase4_winner": {
          "mi": 1.6217173110853524,
          "ic": 0.6257442582192385
        },
        "B_fe_indexed": {
          "mi": 1.7942314188216177,
          "ic": 0.7960176372175426
        },
        "C_fe_pairs_only": {
          "mi": 1.8394358549815526,
          "ic": 0.8404259066491607
        },
        "D_lag7_pairs": {
          "mi": 1.5580257092179288,
          "ic": 0.5667242165719428
        }
      },
      "winner": "C_fe_pairs_only",
      "winner_mi": 1.8394358549815526,
      "baseline_mi": 1.6217173110853524,
      "gain_over_baseline": 0.21771854389620016
    }
  ],
  "summary": {
    "winner_counts": {
      "A_phase4_winner": 1,
      "B_fe_indexed": 0,
      "C_fe_pairs_only": 5,
      "D_lag7_pairs": 0
    },
    "mean_mi": {
      "A_phase4_winner": 1.4828908499635307,
      "B_fe_indexed": 1.461058045270187,
      "C_fe_pairs_only": 1.636647387768097,
      "D_lag7_pairs": 1.2371225765407867
    },
    "mean_ic": {
      "A_phase4_winner": 0.4926013662516813,
      "B_fe_indexed": 0.472504286964941,
      "C_fe_pairs_only": 0.6445503064953497,
      "D_lag7_pairs": 0.2586426400349076
    },
    "mean_gains_vs_A": {
      "B_fe_indexed": -0.021832804693343883,
      "C_fe_pairs_only": 0.15375653780456644,
      "D_lag7_pairs": -0.2457682734227438
    },
    "best_new_bridge": "C_fe_pairs_only",
    "best_gain": 0.15375653780456644,
    "mean_fe_advantage": 0.11738124811376545
  },
  "classification": "supporting",
  "classification_note": "Supporting history-window comparison surface for Fe-indexed Xi_hist variants against an existing baseline winner. Useful for bounded comparison and downstream routing, but not a final history-law replacement or final Xi owner doctrine."
}
