{
  "timestamp": "2026-04-15T17:15:26.164975+00:00",
  "probe": "sim_axis0_bridge_search",
  "n_candidates": 13,
  "ranking": [
    "Xi_chiral_entangle",
    "Xi_chiral_hist_entangle",
    "Xi_loop_phase",
    "Xi_hist_uniform_full",
    "Xi_hist_uniform_0_15",
    "Xi_potential_field",
    "Xi_fep_window",
    "Xi_retrocausal_compress",
    "Xi_boundary_max",
    "Xi_compress_hist",
    "Xi_entropy_gradient",
    "Xi_LR_direct",
    "Xi_hist_uniform_8_15"
  ],
  "mean_mi_by_candidate": {
    "Xi_LR_direct": 1.6653345369377348e-16,
    "Xi_hist_uniform_full": 0.004509738677815863,
    "Xi_hist_uniform_0_15": 0.004509738677815863,
    "Xi_hist_uniform_8_15": 1.6653345369377348e-16,
    "Xi_compress_hist": 0.002144246796715802,
    "Xi_fep_window": 0.004219303609302477,
    "Xi_boundary_max": 0.002288941895299601,
    "Xi_potential_field": 0.004363704122743876,
    "Xi_chiral_entangle": 0.8232542855942899,
    "Xi_chiral_hist_entangle": 0.5126433115412764,
    "Xi_entropy_gradient": 0.0014663132892722326,
    "Xi_retrocausal_compress": 0.002301686404119374,
    "Xi_loop_phase": 0.004535541367963543
  },
  "mean_ic_by_candidate": {
    "Xi_LR_direct": -0.44158007373012115,
    "Xi_hist_uniform_full": -0.38972334079225,
    "Xi_hist_uniform_0_15": -0.38972334079225,
    "Xi_hist_uniform_8_15": -0.44158007373012115,
    "Xi_compress_hist": -0.6109233552797949,
    "Xi_fep_window": -0.3610835969196717,
    "Xi_boundary_max": -0.270808026875844,
    "Xi_potential_field": -0.38849950772809166,
    "Xi_chiral_entangle": 0.028504810872339026,
    "Xi_chiral_hist_entangle": -0.07773004558064106,
    "Xi_entropy_gradient": -0.38740395305935343,
    "Xi_retrocausal_compress": -0.610342557061805,
    "Xi_loop_phase": -0.40982587817704424
  },
  "winner": "Xi_chiral_entangle"
}