{
  "timestamp": "2026-03-30T22:43:41.525760+00:00",
  "n_shell_levels": 8,
  "shell_eta_levels": [
    0.05,
    0.17857142857142855,
    0.3071428571428571,
    0.43571428571428567,
    0.5642857142857143,
    0.6928571428571428,
    0.8214285714285714,
    0.95
  ],
  "results": [
    {
      "engine_type": 1,
      "torus": "inner",
      "lane_a": {
        "static_mi": 1.1061770982368362,
        "static_ic": 0.18278941451671016,
        "dynamic_peak_mi": 1.1061770982368362,
        "dynamic_final_mi": 1.1061770982368362,
        "dynamic_variance": 0.0,
        "static_variance": 0.0,
        "separation": 0.0,
        "lane_a_keep": false,
        "dynamic_trajectory_length": 16
      },
      "lane_b": {
        "discrete_mi": [
          0.0,
          0.0,
          0.0,
          0.0,
          1.1061770982368362,
          0.0,
          0.0,
          0.0
        ],
        "discrete_ic": [
          -1.0,
          -1.0,
          -1.0,
          -1.0,
          0.18278941451671016,
          -1.0,
          -1.0,
          -1.0
        ],
        "first_diffs": [
          0.0,
          0.0,
          0.0,
          1.1061770982368362,
          -1.1061770982368362,
          0.0,
          0.0
        ],
        "mean_abs_diff": 0.3160505994962389,
        "max_abs_diff": 1.1061770982368362,
        "sign_changes": 1,
        "nonlinearity": 0.13827213727960452,
        "lane_b_keep": true
      },
      "lane_c": {
        "single_cut_mi": 1.1061770982368362,
        "single_cut_ic": 0.18278941451671016,
        "multi_max_mi": 1.1061770982368362,
        "multi_peak_level": 4,
        "multi_sum_mi": 1.1061770982368362,
        "multi_std_mi": 0.3658336884912168,
        "top2_fraction": 0.999999999999096,
        "positive_ic_layers": 1,
        "lane_c_keep": false
      },
      "keep_count": 1,
      "verdict": "KILL"
    },
    {
      "engine_type": 1,
      "torus": "clifford",
      "lane_a": {
        "static_mi": 0.0,
        "static_ic": -1.0,
        "dynamic_peak_mi": 0.0,
        "dynamic_final_mi": 0.0,
        "dynamic_variance": 0.0,
        "static_variance": 0.0,
        "separation": 0.0,
        "lane_a_keep": false,
        "dynamic_trajectory_length": 16
      },
      "lane_b": {
        "discrete_mi": [
          0.0,
          0.0,
          0.0,
          0.0,
          0.0,
          0.0,
          0.0,
          0.0
        ],
        "discrete_ic": [
          -1.0,
          -1.0,
          -1.0,
          -1.0,
          -1.0,
          -1.0,
          -1.0,
          -1.0
        ],
        "first_diffs": [
          0.0,
          0.0,
          0.0,
          0.0,
          0.0,
          0.0,
          0.0
        ],
        "mean_abs_diff": 0.0,
        "max_abs_diff": 0.0,
        "sign_changes": 0,
        "nonlinearity": 0.0,
        "lane_b_keep": false
      },
      "lane_c": {
        "single_cut_mi": 0.0,
        "single_cut_ic": -1.0,
        "multi_max_mi": 0.0,
        "multi_peak_level": 0,
        "multi_sum_mi": 0.0,
        "multi_std_mi": 0.0,
        "top2_fraction": 0.0,
        "positive_ic_layers": 0,
        "lane_c_keep": false
      },
      "keep_count": 0,
      "verdict": "KILL"
    },
    {
      "engine_type": 1,
      "torus": "outer",
      "lane_a": {
        "static_mi": 1.1113342837594151,
        "static_ic": 0.1873672533044124,
        "dynamic_peak_mi": 1.1113342837594151,
        "dynamic_final_mi": 1.1113342837594151,
        "dynamic_variance": 0.0,
        "static_variance": 0.0,
        "separation": 0.0,
        "lane_a_keep": false,
        "dynamic_trajectory_length": 16
      },
      "lane_b": {
        "discrete_mi": [
          0.0,
          0.0,
          0.0,
          0.0,
          1.1113342837594151,
          0.0,
          0.0,
          0.0
        ],
        "discrete_ic": [
          -1.0,
          -1.0,
          -1.0,
          -1.0,
          0.1873672533044124,
          -1.0,
          -1.0,
          -1.0
        ],
        "first_diffs": [
          0.0,
          0.0,
          0.0,
          1.1113342837594151,
          -1.1113342837594151,
          0.0,
          0.0
        ],
        "mean_abs_diff": 0.3175240810741186,
        "max_abs_diff": 1.1113342837594151,
        "sign_changes": 1,
        "nonlinearity": 0.1389167854699269,
        "lane_b_keep": true
      },
      "lane_c": {
        "single_cut_mi": 1.1113342837594151,
        "single_cut_ic": 0.1873672533044124,
        "multi_max_mi": 1.1113342837594151,
        "multi_peak_level": 4,
        "multi_sum_mi": 1.1113342837594151,
        "multi_std_mi": 0.3675392672859375,
        "top2_fraction": 0.9999999999991,
        "positive_ic_layers": 1,
        "lane_c_keep": false
      },
      "keep_count": 1,
      "verdict": "KILL"
    },
    {
      "engine_type": 2,
      "torus": "inner",
      "lane_a": {
        "static_mi": 1.1049108456755454,
        "static_ic": 0.18107300133092996,
        "dynamic_peak_mi": 1.1049108456755454,
        "dynamic_final_mi": 1.1049108456755454,
        "dynamic_variance": 0.0,
        "static_variance": 0.0,
        "separation": 0.0,
        "lane_a_keep": false,
        "dynamic_trajectory_length": 16
      },
      "lane_b": {
        "discrete_mi": [
          0.0,
          0.0,
          0.0,
          0.0,
          1.1049108456755454,
          0.0,
          0.0,
          0.0
        ],
        "discrete_ic": [
          -1.0,
          -1.0,
          -1.0,
          -1.0,
          0.18107300133092996,
          -1.0,
          -1.0,
          -1.0
        ],
        "first_diffs": [
          0.0,
          0.0,
          0.0,
          1.1049108456755454,
          -1.1049108456755454,
          0.0,
          0.0
        ],
        "mean_abs_diff": 0.31568881305015584,
        "max_abs_diff": 1.1049108456755454,
        "sign_changes": 1,
        "nonlinearity": 0.13811385570944318,
        "lane_b_keep": true
      },
      "lane_c": {
        "single_cut_mi": 1.1049108456755454,
        "single_cut_ic": 0.18107300133092996,
        "multi_max_mi": 1.1049108456755454,
        "multi_peak_level": 4,
        "multi_sum_mi": 1.1049108456755454,
        "multi_std_mi": 0.365414914819445,
        "top2_fraction": 0.9999999999990948,
        "positive_ic_layers": 1,
        "lane_c_keep": false
      },
      "keep_count": 1,
      "verdict": "KILL"
    },
    {
      "engine_type": 2,
      "torus": "clifford",
      "lane_a": {
        "static_mi": 0.0,
        "static_ic": -1.0,
        "dynamic_peak_mi": 0.0,
        "dynamic_final_mi": 0.0,
        "dynamic_variance": 0.0,
        "static_variance": 0.0,
        "separation": 0.0,
        "lane_a_keep": false,
        "dynamic_trajectory_length": 16
      },
      "lane_b": {
        "discrete_mi": [
          0.0,
          0.0,
          0.0,
          0.0,
          0.0,
          0.0,
          0.0,
          0.0
        ],
        "discrete_ic": [
          -1.0,
          -1.0,
          -1.0,
          -1.0,
          -1.0,
          -1.0,
          -1.0,
          -1.0
        ],
        "first_diffs": [
          0.0,
          0.0,
          0.0,
          0.0,
          0.0,
          0.0,
          0.0
        ],
        "mean_abs_diff": 0.0,
        "max_abs_diff": 0.0,
        "sign_changes": 0,
        "nonlinearity": 0.0,
        "lane_b_keep": false
      },
      "lane_c": {
        "single_cut_mi": 0.0,
        "single_cut_ic": -1.0,
        "multi_max_mi": 0.0,
        "multi_peak_level": 0,
        "multi_sum_mi": 0.0,
        "multi_std_mi": 0.0,
        "top2_fraction": 0.0,
        "positive_ic_layers": 0,
        "lane_c_keep": false
      },
      "keep_count": 0,
      "verdict": "KILL"
    },
    {
      "engine_type": 2,
      "torus": "outer",
      "lane_a": {
        "static_mi": 1.1005994248254944,
        "static_ic": 0.17724114884186404,
        "dynamic_peak_mi": 1.1005994248254944,