{
  "timestamp": "2026-03-31T05:11:38.149198+00:00",
  "compression_horizon_steps": 7,
  "results": [
    {
      "engine_type": 1,
      "torus": "inner",
      "fe_step_count": 8,
      "fe_mi_mean": 1.9324407755869277,
      "non_fe_mi_mean": 1.7504374320780085,
      "fe_advantage": 0.18200334350891922,
      "bridges": {
        "A_phase4_winner": {
          "mi": 1.8315638927300404,
          "ic": 0.8323358166709128
        },
        "B_fe_indexed": {
          "mi": 1.6850865983224974,
          "ic": 0.6877701011533688
        },
        "C_fe_pairs_only": {
          "mi": 1.6030917599615446,
          "ic": 0.6077104196541989
        },
        "D_lag7_pairs": {
          "mi": 1.7902060376709388,
          "ic": 0.7914726535709768
        }
      },
      "winner": "A_phase4_winner",
      "winner_mi": 1.8315638927300404,
      "baseline_mi": 1.8315638927300404,
      "gain_over_baseline": 0.0
    },
    {
      "engine_type": 1,
      "torus": "clifford",
      "fe_step_count": 8,
      "fe_mi_mean": 0.932814089097963,
      "non_fe_mi_mean": 0.9466168898408245,
      "fe_advantage": -0.013802800742861443,
      "bridges": {
        "A_phase4_winner": {
          "mi": 0.895355111614403,
          "ic": -0.08882320815833122
        },
        "B_fe_indexed": {
          "mi": 1.0035493172143113,
          "ic": 0.015632006571653978
        },
        "C_fe_pairs_only": {
          "mi": 0.928406342433646,
          "ic": -0.05941539775520144
        },
        "D_lag7_pairs": {
          "mi": 0.8673705085829768,
          "ic": -0.1173047736438324
        }
      },
      "winner": "B_fe_indexed",
      "winner_mi": 1.0035493172143113,
      "baseline_mi": 0.895355111614403,
      "gain_over_baseline": 0.10819420559990833
    },
    {
      "engine_type": 1,
      "torus": "outer",
      "fe_step_count": 8,
      "fe_mi_mean": 1.9324759800436078,
      "non_fe_mi_mean": 1.7518577465956744,
      "fe_advantage": 0.18061823344793337,
      "bridges": {
        "A_phase4_winner": {
          "mi": 1.8332308240049218,
          "ic": 0.8339889760481692
        },
        "B_fe_indexed": {
          "mi": 1.687087606401119,
          "ic": 0.6897552456534721
        },
        "C_fe_pairs_only": {
          "mi": 1.604031694541816,
          "ic": 0.6086339534761274
        },
        "D_lag7_pairs": {
          "mi": 1.791890936072995,
          "ic": 0.7931515393219924
        }
      },
      "winner": "A_phase4_winner",
      "winner_mi": 1.8332308240049218,
      "baseline_mi": 1.8332308240049218,
      "gain_over_baseline": 0.0
    },
    {
      "engine_type": 2,
      "torus": "inner",
      "fe_step_count": 8,
      "fe_mi_mean": 1.9274580265412244,
      "non_fe_mi_mean": 1.7425277810593032,
      "fe_advantage": 0.18493024548192127,
      "bridges": {
        "A_phase4_winner": {
          "mi": 1.8331135120850288,
          "ic": 0.8338423433069047
        },
        "B_fe_indexed": {
          "mi": 1.6702136796246356,
          "ic": 0.6730357168787554
        },
        "C_fe_pairs_only": {
          "mi": 1.5829550323524488,
          "ic": 0.5877541876697054
        },
        "D_lag7_pairs": {
          "mi": 1.7905613784571446,
          "ic": 0.7917891871640346
        }
      },
      "winner": "A_phase4_winner",
      "winner_mi": 1.8331135120850288,
      "baseline_mi": 1.8331135120850288,
      "gain_over_baseline": 0.0
    },
    {
      "engine_type": 2,
      "torus": "clifford",
      "fe_step_count": 8,
      "fe_mi_mean": 0.9234187469348475,
      "non_fe_mi_mean": 0.9465049450203016,
      "fe_advantage": -0.02308619808545409,
      "bridges": {
        "A_phase4_winner": {
          "mi": 0.9681391615768882,
          "ic": -0.017575698697442577
        },
        "B_fe_indexed": {
          "mi": 0.9804898918906769,
          "ic": -0.008400625249719629
        },
        "C_fe_pairs_only": {
          "mi": 0.9267263254159313,
          "ic": -0.062298850348307955
        },
        "D_lag7_pairs": {
          "mi": 0.9041925915376303,
          "ic": -0.08228704511362861
        }
      },
      "winner": "B_fe_indexed",
      "winner_mi": 0.9804898918906769,
      "baseline_mi": 0.9681391615768882,
      "gain_over_baseline": 0.01235073031378875
    },
    {
      "engine_type": 2,
      "torus": "outer",
      "fe_step_count": 8,
      "fe_mi_mean": 1.9274186379324445,
      "non_fe_mi_mean": 1.7410939177142413,
      "fe_advantage": 0.18632472021820323,
      "bridges": {
        "A_phase4_winner": {
          "mi": 1.8317130909455517,
          "ic": 0.8324525090671583
        },
        "B_fe_indexed": {
          "mi": 1.6681497229794067,
          "ic": 0.6709882973030858
        },
        "C_fe_pairs_only": {
          "mi": 1.5820233981906036,
          "ic": 0.58683726645934
        },
        "D_lag7_pairs": {
          "mi": 1.7891593846362916,
          "ic": 0.7903831792528296
        }
      },
      "winner": "A_phase4_winner",
      "winner_mi": 1.8317130909455517,
      "baseline_mi": 1.8317130909455517,
      "gain_over_baseline": 0.0
    }
  ],
  "summary": {
    "winner_counts": {
      "A_phase4_winner": 4,
      "B_fe_indexed": 2,
      "C_fe_pairs_only": 0,
      "D_lag7_pairs": 0
    },
    "mean_mi": {
      "A_phase4_winner": 1.5321859321594724,
      "B_fe_indexed": 1.449096136072108,
      "C_fe_pairs_only": 1.3712057588159983,
      "D_lag7_pairs": 1.488896806159663
    },
    "mean_ic": {
      "A_phase4_winner": 0.5377034563728952,
      "B_fe_indexed": 0.45479679038510284,
      "C_fe_pairs_only": 0.37820359652597707,
      "D_lag7_pairs": 0.4945341234253955
    },
    "mean_gains_vs_A": {
      "B_fe_indexed": -0.08308979608736446,
      "C_fe_pairs_only": -0.16098017334347392,
      "D_lag7_pairs": -0.04328912599980942
    },
    "best_new_bridge": "D_lag7_pairs",
    "best_gain": -0.04328912599980942,
    "mean_fe_advantage": 0.11616459063811026
  }
}