{
  "metadata": {
    "name": "axis3_fiber_base_validation",
    "timestamp": "2026-04-15T11:35:47.059350+00:00",
    "results_path": "/Users/joshuaeisenhart/Desktop/Codex Ratchet/system_v4/probes/a2_state/sim_results/axis3_fiber_base_results.json",
    "engine_types_tested": [
      1,
      2
    ],
    "n_cycles": 10,
    "entangle_strength": 0.3,
    "ax3_definition": "fiber (b3=-1): density-stationary; base (b3=+1): density-traversing",
    "ax6_derivation": "b6 = -b0 * b3"
  },
  "aggregation": {
    "type1": {
      "fiber": {
        "delta_entropy": {
          "mean": -0.033586828034933,
          "std": 0.02048985689360667,
          "min": -0.05314516545493586,
          "max": 0.00476082331783384
        },
        "delta_concurrence": {
          "mean": 0.0,
          "std": 0.0,
          "min": 0.0,
          "max": 0.0
        },
        "delta_mi": {
          "mean": -0.0033803663489226977,
          "std": 0.002955189758134429,
          "min": -0.007851848863902222,
          "max": 0.0032063473642079954
        },
        "bloch_change": {
          "mean": 0.07628224138304768,
          "std": 0.03548016399330699,
          "min": 0.027683386551910372,
          "max": 0.12463344209611411
        },
        "delta_theta1": {
          "mean": 0.19477560089523963,
          "std": 0.013486640675571168,
          "min": 0.17939350593877101,
          "max": 0.2138006601930842
        },
        "delta_theta2": {
          "mean": 0.07539193643149988,
          "std": 1.3713240545644212,
          "min": -5.923642186138807,
          "max": 0.4276013203861684
        }
      },
      "base": {
        "delta_entropy": {
          "mean": -0.01770078804635906,
          "std": 0.24182124516246115,
          "min": -0.24528748096803055,
          "max": 0.9097361225311659
        },
        "delta_concurrence": {
          "mean": -0.09368119960879902,
          "std": 0.17387643883757056,
          "min": -0.42088281746192474,
          "max": 0.0
        },
        "delta_mi": {
          "mean": -0.11281676100258883,
          "std": 0.16508021466502815,
          "min": -0.41576705258611835,
          "max": 0.016181898198759148
        },
        "bloch_change": {
          "mean": 0.19877614711699337,
          "std": 0.11475916102705815,
          "min": 0.08151434254533424,
          "max": 0.6499999999999995
        },
        "delta_theta1": {
          "mean": -0.08249319179489248,
          "std": 1.6492994084082249,
          "min": -5.908635577360514,
          "max": 0.5105088062083414
        },
        "delta_theta2": {
          "mean": 0.03729322044229866,
          "std": 0.982546006562995,
          "min": -6.09591044227005,
          "max": 0.2552544031041707
        }
      },
      "n_fiber": 40,
      "n_base": 40
    },
    "type2": {
      "fiber": {
        "delta_entropy": {
          "mean": 0.06675454220569671,
          "std": 0.24929950785183141,
          "min": -0.17935912599594173,
          "max": 0.5171167839192432
        },
        "delta_concurrence": {
          "mean": -0.06991746282620924,
          "std": 0.13034002821391966,
          "min": -0.34705185618785855,
          "max": 0.0
        },
        "delta_mi": {
          "mean": -0.0905615993049147,
          "std": 0.1225153354336359,
          "min": -0.3466813434135211,
          "max": 0.004655840605528372
        },
        "bloch_change": {
          "mean": 0.18585538755900496,
          "std": 0.141337871770942,
          "min": 0.05515283458682051,
          "max": 0.46472116921594836
        },
        "delta_theta1": {
          "mean": 0.20000669771890264,
          "std": 0.017340576507442685,
          "min": 0.172148904973755,
          "max": 0.2552544031041707
        },
        "delta_theta2": {
          "mean": -0.07122550260066371,
          "std": 1.659916125429429,
          "min": -5.937456448202901,
          "max": 0.5105088062083414
        }
      },
      "base": {
        "delta_entropy": {
          "mean": -0.09332625955924828,
          "std": 0.06476774373127338,
          "min": -0.14808254569998436,
          "max": 0.047307688846598084
        },
        "delta_concurrence": {
          "mean": 0.0,
          "std": 0.0,
          "min": 0.0,
          "max": 0.0
        },
        "delta_mi": {
          "mean": 0.0007290023460450434,
          "std": 0.00828645039922062,
          "min": -0.011593001401986824,
          "max": 0.017222073967155138
        },
        "bloch_change": {
          "mean": 0.1520373618146013,
          "std": 0.0580626876958944,
          "min": 0.07830376320705587,
          "max": 0.2397862856452492
        },
        "delta_theta1": {
          "mean": -0.10955175735607328,
          "std": 1.6582848528362588,
          "min": -5.979021718256616,
          "max": 0.4153010170780014
        },
        "delta_theta2": {
          "mean": 0.18084357034119777,
          "std": 0.021433761071469087,
          "min": 0.15144482152865923,
          "max": 0.2076505085390008
        }
      },
      "n_fiber": 40,
      "n_base": 40
    }
  },
  "positive_tests": {
    "P1_different_dynamics": {
      "test": "P1_different_dynamics",
      "passed": true,
      "n_different_metrics": 6,
      "details": [
        {
          "metric": "delta_entropy",
          "fiber_mean": -0.033586828034933,
          "base_mean": -0.01770078804635906,
          "abs_diff": 0.01588603998857394,
          "relative_diff": 0.4729842297715992,
          "different": true
        },
        {
          "metric": "delta_concurrence",
          "fiber_mean": 0.0,
          "base_mean": -0.09368119960879902,
          "abs_diff": 0.09368119960879902,
          "relative_diff": 1.0,
          "different": true
        },
        {
          "metric": "delta_mi",
          "fiber_mean": -0.0033803663489226977,
          "base_mean": -0.11281676100258883,
          "abs_diff": 0.10943639465366614,
          "relative_diff": 0.9700366654840842,
          "different": true
        },
        {
          "metric": "bloch_change",
          "fiber_mean": 0.07628224138304768,
          "base_mean": 0.19877614711699337,
          "abs_diff": 0.1224939057339457,
          "relative_diff": 0.6162404670307331,
          "different": true
        },
        {
          "metric": "delta_theta1",
          "fiber_mean": 0.19477560089523963,
          "base_mean": -0.08249319179489248,
          "abs_diff": 0.2772687926901321,
          "relative_diff": 1.4235293918526355,
          "different": true
        },
        {
          "metric": "delta_theta2",
          "fiber_mean": 0.07539193643149988,
          "base_mean": 0.03729322044229866,
          "abs_diff": 0.038098715989201226,
          "relative_diff": 0.5053420537064626,
          "different": true
        }
      ]
    },
    "P2_swap_changes_trajectory": {
      "test": "P2_swap_changes_trajectory",
      "passed": true,
      "correlation": 0.42340478460567027,
      "max_step_diff": 0.6196659461311671
    },
    "P3_chirality_different_assignments": {
      "test": "P3_chirality_different_assignments",
      "passed": true,
      "type1_outer_terrain_indices": [
        4,
        6,
        7,
        5
      ],
      "type2_outer_terrain_indices": [
        0,
        1,
        3,
        2
      ],
      "type1_outer_is_base": true,
      "type2_outer_is_fiber": true
    }
  },
  "negative_tests": {
    "N1_base_only": {
      "test": "N1_base_only_ablation",
      "passed": true,
      "normal_final_entropy": 0.3150849411851125,
      "ablated_final_entropy": 0.46368486683984667,
      "entropy_diff": 0.14859992565473418,
      "normal_final_concurrence": 0.0,
      "ablated_final_concurrence": 0.0,
      "concurrence_diff": 0.0
    },
    "N2_fiber_only": {
      "test": "N2_fiber_only_ablation",
      "passed": true,
      "normal_final_entropy": 0.3150849411851125,
      "ablated_final_entropy": 0.3952483834917721,