{
  "timestamp": "2026-04-01T10:54:08.945798+00:00",
  "n_shell_levels": 8,
  "shell_eta_levels": [
    0.05,
    0.17857142857142855,
    0.3071428571428571,
    0.43571428571428567,
    0.5642857142857143,
    0.6928571428571428,
    0.8214285714285714,
    0.95
  ],
  "results": [
    {
      "engine_type": 1,
      "torus": "inner",
      "lane_a": {
        "static_mi": 0.9849587424071965,
        "static_ic": 0.059313250622727964,
        "dynamic_peak_mi": 0.9849587424071965,
        "dynamic_final_mi": 0.9849587424071965,
        "dynamic_variance": 0.0,
        "static_variance": 0.0,
        "separation": 0.0,
        "lane_a_keep": false,
        "dynamic_trajectory_length": 16
      },
      "lane_b": {
        "discrete_mi": [
          0.0,
          0.0,
          0.0,
          0.0,
          0.9849587424071965,
          0.0,
          0.0,
          0.0
        ],
        "discrete_ic": [
          -1.0,
          -1.0,
          -1.0,
          -1.0,
          0.059313250622727964,
          -1.0,
          -1.0,
          -1.0
        ],
        "first_diffs": [
          0.0,
          0.0,
          0.0,
          0.9849587424071965,
          -0.9849587424071965,
          0.0,
          0.0
        ],
        "mean_abs_diff": 0.2814167835449133,
        "max_abs_diff": 0.9849587424071965,
        "sign_changes": 1,
        "nonlinearity": 0.12311984280089956,
        "lane_b_keep": true
      },
      "lane_c": {
        "single_cut_mi": 0.9849587424071965,
        "single_cut_ic": 0.059313250622727964,
        "multi_max_mi": 0.9849587424071965,
        "multi_peak_level": 4,
        "multi_sum_mi": 0.9849587424071965,
        "multi_std_mi": 0.3257444855085463,
        "top2_fraction": 0.9999999999989847,
        "positive_ic_layers": 1,
        "lane_c_keep": false
      },
      "keep_count": 1,
      "verdict": "KILL"
    },
    {
      "engine_type": 1,
      "torus": "clifford",
      "lane_a": {
        "static_mi": 0.0,
        "static_ic": -1.0,
        "dynamic_peak_mi": 0.0,
        "dynamic_final_mi": 0.0,
        "dynamic_variance": 0.0,
        "static_variance": 0.0,
        "separation": 0.0,
        "lane_a_keep": false,
        "dynamic_trajectory_length": 16
      },
      "lane_b": {
        "discrete_mi": [
          0.0,
          0.0,
          0.0,
          0.0,
          0.0,
          0.0,
          0.0,
          0.0
        ],
        "discrete_ic": [
          -1.0,
          -1.0,
          -1.0,
          -1.0,
          -1.0,
          -1.0,
          -1.0,
          -1.0
        ],
        "first_diffs": [
          0.0,
          0.0,
          0.0,
          0.0,
          0.0,
          0.0,
          0.0
        ],
        "mean_abs_diff": 0.0,
        "max_abs_diff": 0.0,
        "sign_changes": 0,
        "nonlinearity": 0.0,
        "lane_b_keep": false
      },
      "lane_c": {
        "single_cut_mi": 0.0,
        "single_cut_ic": -1.0,
        "multi_max_mi": 0.0,
        "multi_peak_level": 0,
        "multi_sum_mi": 0.0,
        "multi_std_mi": 0.0,
        "top2_fraction": 0.0,
        "positive_ic_layers": 0,
        "lane_c_keep": false
      },
      "keep_count": 0,
      "verdict": "KILL"
    },
    {
      "engine_type": 1,
      "torus": "outer",
      "lane_a": {
        "static_mi": 0.9865337302642898,
        "static_ic": 0.06108385872310418,
        "dynamic_peak_mi": 0.9865337302642898,
        "dynamic_final_mi": 0.9865337302642898,
        "dynamic_variance": 0.0,
        "static_variance": 0.0,
        "separation": 0.0,
        "lane_a_keep": false,
        "dynamic_trajectory_length": 16
      },
      "lane_b": {
        "discrete_mi": [
          0.0,
          0.0,
          0.0,
          0.0,
          0.9865337302642898,
          0.0,
          0.0,
          0.0
        ],
        "discrete_ic": [
          -1.0,
          -1.0,
          -1.0,
          -1.0,
          0.06108385872310418,
          -1.0,
          -1.0,
          -1.0
        ],
        "first_diffs": [
          0.0,
          0.0,
          0.0,
          0.9865337302642898,
          -0.9865337302642898,
          0.0,
          0.0
        ],
        "mean_abs_diff": 0.28186678007551136,
        "max_abs_diff": 0.9865337302642898,
        "sign_changes": 1,
        "nonlinearity": 0.12331671628303623,
        "lane_b_keep": true
      },
      "lane_c": {
        "single_cut_mi": 0.9865337302642898,
        "single_cut_ic": 0.06108385872310418,
        "multi_max_mi": 0.9865337302642898,
        "multi_peak_level": 4,
        "multi_sum_mi": 0.9865337302642898,
        "multi_std_mi": 0.32626536378202325,
        "top2_fraction": 0.9999999999989864,
        "positive_ic_layers": 1,
        "lane_c_keep": false
      },
      "keep_count": 1,
      "verdict": "KILL"
    },
    {
      "engine_type": 2,
      "torus": "inner",
      "lane_a": {
        "static_mi": 1.0096518001807937,
        "static_ic": 0.0855376035156673,
        "dynamic_peak_mi": 1.0096518001807937,
        "dynamic_final_mi": 1.0096518001807937,
        "dynamic_variance": 0.0,
        "static_variance": 0.0,
        "separation": 0.0,
        "lane_a_keep": false,
        "dynamic_trajectory_length": 16
      },
      "lane_b": {
        "discrete_mi": [
          0.0,
          0.0,
          0.0,
          0.0,
          1.0096518001807937,
          0.0,
          0.0,
          0.0
        ],
        "discrete_ic": [
          -1.0,
          -1.0,
          -1.0,
          -1.0,
          0.0855376035156673,
          -1.0,
          -1.0,
          -1.0
        ],
        "first_diffs": [
          0.0,
          0.0,
          0.0,
          1.0096518001807937,
          -1.0096518001807937,
          0.0,
          0.0
        ],
        "mean_abs_diff": 0.2884719429087982,
        "max_abs_diff": 1.0096518001807937,
        "sign_changes": 1,
        "nonlinearity": 0.1262064750225992,
        "lane_b_keep": true
      },
      "lane_c": {
        "single_cut_mi": 1.0096518001807937,
        "single_cut_ic": 0.0855376035156673,
        "multi_max_mi": 1.0096518001807937,
        "multi_peak_level": 4,
        "multi_sum_mi": 1.0096518001807937,
        "multi_std_mi": 0.3339109467558824,
        "top2_fraction": 0.9999999999990095,
        "positive_ic_layers": 1,
        "lane_c_keep": false
      },
      "keep_count": 1,
      "verdict": "KILL"
    },
    {
      "engine_type": 2,
      "torus": "clifford",
      "lane_a": {
        "static_mi": 0.0,
        "static_ic": -1.0,
        "dynamic_peak_mi": 0.0,
        "dynamic_final_mi": 0.0,
        "dynamic_variance": 0.0,
        "static_variance": 0.0,
        "separation": 0.0,
        "lane_a_keep": false,
        "dynamic_trajectory_length": 16
      },
      "lane_b": {
        "discrete_mi": [
          0.0,
          0.0,
          0.0,
          0.0,
          0.0,
          0.0,
          0.0,
          0.0
        ],
        "discrete_ic": [
          -1.0,
          -1.0,
          -1.0,
          -1.0,
          -1.0,
          -1.0,
          -1.0,
          -1.0
        ],
        "first_diffs": [
          0.0,
          0.0,
          0.0,
          0.0,
          0.0,
          0.0,
          0.0
        ],
        "mean_abs_diff": 0.0,
        "max_abs_diff": 0.0,
        "sign_changes": 0,
        "nonlinearity": 0.0,
        "lane_b_keep": false
      },
      "lane_c": {
        "single_cut_mi": 0.0,
        "single_cut_ic": -1.0,
        "multi_max_mi": 0.0,
        "multi_peak_level": 0,
        "multi_sum_mi": 0.0,
        "multi_std_mi": 0.0,
        "top2_fraction": 0.0,
        "positive_ic_layers": 0,
        "lane_c_keep": false
      },
      "keep_count": 0,
      "verdict": "KILL"
    },
    {
      "engine_type": 2,
      "torus": "outer",
      "lane_a": {
        "static_mi": 1.0105477578448825,
        "static_ic": 0.086510443244468,
        "dynamic_peak_mi": 1.0105477578448825,