{
  "timestamp": "2026-04-15T09:33:26.683981+00:00",
  "compression_horizon_steps": 7,
  "results": [
    {
      "engine_type": 1,
      "torus": "inner",
      "fe_step_count": 2,
      "fe_mi_mean": 1.944782618022856,
      "non_fe_mi_mean": 1.698030725626463,
      "fe_advantage": 0.24675189239639295,
      "bridges": {
        "A_phase4_winner": {
          "mi": 1.7812598167035296,
          "ic": 0.782501417300127
        },
        "B_fe_indexed": {
          "mi": 1.497246052074022,
          "ic": 0.5055588798990837
        },
        "C_fe_pairs_only": {
          "mi": 1.7359614900764617,
          "ic": 0.7388690177842359
        },
        "D_lag7_pairs": {
          "mi": 1.4699362219031007,
          "ic": 0.47827684039973184
        }
      },
      "winner": "A_phase4_winner",
      "winner_mi": 1.7812598167035296,
      "baseline_mi": 1.7812598167035296,
      "gain_over_baseline": 0.0
    },
    {
      "engine_type": 1,
      "torus": "clifford",
      "fe_step_count": 2,
      "fe_mi_mean": 1.3174552276134779,
      "non_fe_mi_mean": 1.1482439499158956,
      "fe_advantage": 0.16921127769758226,
      "bridges": {
        "A_phase4_winner": {
          "mi": 1.2457291707659146,
          "ic": 0.26190598106968377
        },
        "B_fe_indexed": {
          "mi": 0.8104354333610027,
          "ic": -0.1607218440263306
        },
        "C_fe_pairs_only": {
          "mi": 1.0350996818727967,
          "ic": 0.06369657230939796
        },
        "D_lag7_pairs": {
          "mi": 1.0458640612557133,
          "ic": 0.06065780897547712
        }
      },
      "winner": "A_phase4_winner",
      "winner_mi": 1.2457291707659146,
      "baseline_mi": 1.2457291707659146,
      "gain_over_baseline": 0.0
    },
    {
      "engine_type": 1,
      "torus": "outer",
      "fe_step_count": 2,
      "fe_mi_mean": 1.9529296492720634,
      "non_fe_mi_mean": 1.6959035259512423,
      "fe_advantage": 0.2570261233208211,
      "bridges": {
        "A_phase4_winner": {
          "mi": 1.781067737859938,
          "ic": 0.7822815534221204
        },
        "B_fe_indexed": {
          "mi": 1.4972460520740212,
          "ic": 0.5055588798990824
        },
        "C_fe_pairs_only": {
          "mi": 1.735961490076461,
          "ic": 0.7388690177842354
        },
        "D_lag7_pairs": {
          "mi": 1.4597191506191853,
          "ic": 0.46839698761491977
        }
      },
      "winner": "A_phase4_winner",
      "winner_mi": 1.781067737859938,
      "baseline_mi": 1.781067737859938,
      "gain_over_baseline": 0.0
    },
    {
      "engine_type": 2,
      "torus": "inner",
      "fe_step_count": 2,
      "fe_mi_mean": 1.8443130825011909,
      "non_fe_mi_mean": 1.7276926935696615,
      "fe_advantage": 0.11662038893152937,
      "bridges": {
        "A_phase4_winner": {
          "mi": 1.7105799966106514,
          "ic": 0.7125535352080499
        },
        "B_fe_indexed": {
          "mi": 1.6170065259598962,
          "ic": 0.6238883844608891
        },
        "C_fe_pairs_only": {
          "mi": 1.7063642336450753,
          "ic": 0.7099532620853037
        },
        "D_lag7_pairs": {
          "mi": 1.4372505770579045,
          "ic": 0.45305864362854187
        }
      },
      "winner": "A_phase4_winner",
      "winner_mi": 1.7105799966106514,
      "baseline_mi": 1.7105799966106514,
      "gain_over_baseline": 0.0
    },
    {
      "engine_type": 2,
      "torus": "clifford",
      "fe_step_count": 2,
      "fe_mi_mean": 1.046101220292765,
      "non_fe_mi_mean": 1.0063120949637028,
      "fe_advantage": 0.039789125329062314,
      "bridges": {
        "A_phase4_winner": {
          "mi": 0.9691384497273144,
          "ic": -0.00032351439648869995
        },
        "B_fe_indexed": {
          "mi": 0.868645016405575,
          "ic": -0.06653310064342854
        },
        "C_fe_pairs_only": {
          "mi": 0.9173585936612778,
          "ic": -0.023447658349596612
        },
        "D_lag7_pairs": {
          "mi": 0.9657331934477853,
          "ic": 0.010492148692547554
        }
      },
      "winner": "A_phase4_winner",
      "winner_mi": 0.9691384497273144,
      "baseline_mi": 0.9691384497273144,
      "gain_over_baseline": 0.0
    },
    {
      "engine_type": 2,
      "torus": "outer",
      "fe_step_count": 2,
      "fe_mi_mean": 1.8443130825011913,
      "non_fe_mi_mean": 1.7490180503244037,
      "fe_advantage": 0.09529503217678759,
      "bridges": {
        "A_phase4_winner": {
          "mi": 1.7164685111893205,
          "ic": 0.718397180782328
        },
        "B_fe_indexed": {
          "mi": 1.6170065259598938,
          "ic": 0.6238883844608863
        },
        "C_fe_pairs_only": {
          "mi": 1.7063642336450746,
          "ic": 0.7099532620853033
        },
        "D_lag7_pairs": {
          "mi": 1.4379986266015314,
          "ic": 0.4537943797219268
        }
      },
      "winner": "A_phase4_winner",
      "winner_mi": 1.7164685111893205,
      "baseline_mi": 1.7164685111893205,
      "gain_over_baseline": 0.0
    }
  ],
  "summary": {
    "winner_counts": {
      "A_phase4_winner": 6,
      "B_fe_indexed": 0,
      "C_fe_pairs_only": 0,
      "D_lag7_pairs": 0
    },
    "mean_mi": {
      "A_phase4_winner": 1.534040613809445,
      "B_fe_indexed": 1.3179309343057353,
      "C_fe_pairs_only": 1.472851620496191,
      "D_lag7_pairs": 1.3027503051475369
    },
    "mean_ic": {
      "A_phase4_winner": 0.5428860255643033,
      "B_fe_indexed": 0.338606597341697,
      "C_fe_pairs_only": 0.4896489122831466,
      "D_lag7_pairs": 0.3207794681721909
    },
    "mean_gains_vs_A": {
      "B_fe_indexed": -0.21610967950370963,
      "C_fe_pairs_only": -0.06118899331325358,
      "D_lag7_pairs": -0.23129030866190803
    },
    "best_new_bridge": "C_fe_pairs_only",
    "best_gain": -0.06118899331325358,
    "mean_fe_advantage": 0.1541156399753626
  }
}