{
  "timestamp": "2026-04-15T15:12:52.082555+00:00",
  "results": [
    {
      "engine_type": 1,
      "torus": "inner",
      "test1_temporal_asymmetry": {
        "mean_forward_mi": 1.7685312663111474,
        "mean_backward_mi": 1.807176064342938,
        "asymmetry_bwd_minus_fwd": 0.03864479803179055,
        "keep": true,
        "interpretation": "backward \u2265 forward \u2192 future predicts past (compression-from-future)"
      },
      "test2_attractor_vs_drift": {
        "autocorr_delta_L": 0.5968308166604318,
        "autocorr_delta_R": -0.3626977868375669,
        "mean_autocorr": 0.11706651491143244,
        "keep": false,
        "interpretation": "positive autocorr \u2192 drift / causal momentum (classical propagation)"
      },
      "test3_jk_fuzz_directionality": {
        "cross_correlations": {
          "-3": 0.1387,
          "-2": -0.3944,
          "-1": -0.8849,
          "0": -0.8396,
          "1": -0.602,
          "2": 0.5052,
          "3": 0.0354
        },
        "peak_lag": -1,
        "peak_value": -0.8848610602856426,
        "keep": true,
        "interpretation": "peak lag=-1 \u2264 0 \u2192 ga0 lags MI (compression is primary, entropy follows structure)"
      },
      "test4_trajectory_profile": {
        "mi_series_mean": 1.7685312663111474,
        "mi_series_std": 0.3134306372186364,
        "linear_slope": 0.10820688119181793,
        "first_half_mean": 1.56756078769007,
        "second_half_mean": 1.9192591252769557,
        "second_minus_first": 0.35169833758688585,
        "early_mi_mean": 1.7685312663111474,
        "late_mi_mean": 1.7685312663111474,
        "late_leads": false,
        "keep": true,
        "interpretation": "MI increases toward trajectory end \u2192 attractor convergence (compression-from-future)"
      },
      "keep_count": 3,
      "verdict": "COMPRESSION-FROM-FUTURE"
    },
    {
      "engine_type": 1,
      "torus": "clifford",
      "test1_temporal_asymmetry": {
        "mean_forward_mi": 1.1965900292580616,
        "mean_backward_mi": 1.2699821592312903,
        "asymmetry_bwd_minus_fwd": 0.07339212997322875,
        "keep": true,
        "interpretation": "backward \u2265 forward \u2192 future predicts past (compression-from-future)"
      },
      "test2_attractor_vs_drift": {
        "autocorr_delta_L": 0.27101281044384967,
        "autocorr_delta_R": 0.7748759166068453,
        "mean_autocorr": 0.5229443635253475,
        "keep": false,
        "interpretation": "positive autocorr \u2192 drift / causal momentum (classical propagation)"
      },
      "test3_jk_fuzz_directionality": {
        "cross_correlations": {
          "-3": -0.5153,
          "-2": -0.8073,
          "-1": -0.8478,
          "0": -0.8282,
          "1": -0.4011,
          "2": -0.3725,
          "3": -0.8674
        },
        "peak_lag": 3,
        "peak_value": -0.8673995747292903,
        "keep": false,
        "interpretation": "peak lag=3 > 0 \u2192 ga0 leads MI (entropy drives structure, classical causation)"
      },
      "test4_trajectory_profile": {
        "mi_series_mean": 1.1965900292580616,
        "mi_series_std": 0.3945813793179597,
        "linear_slope": 0.17917257722919103,
        "first_half_mean": 0.825082307704952,
        "second_half_mean": 1.4752208204228938,
        "second_minus_first": 0.6501385127179419,
        "early_mi_mean": 1.1965900292580616,
        "late_mi_mean": 1.1965900292580616,
        "late_leads": false,
        "keep": true,
        "interpretation": "MI increases toward trajectory end \u2192 attractor convergence (compression-from-future)"
      },
      "keep_count": 2,
      "verdict": "MIXED"
    },
    {
      "engine_type": 1,
      "torus": "outer",
      "test1_temporal_asymmetry": {
        "mean_forward_mi": 1.7693395611857619,
        "mean_backward_mi": 1.8062181236613726,
        "asymmetry_bwd_minus_fwd": 0.03687856247561072,
        "keep": true,
        "interpretation": "backward \u2265 forward \u2192 future predicts past (compression-from-future)"
      },
      "test2_attractor_vs_drift": {
        "autocorr_delta_L": -0.13708153134850493,
        "autocorr_delta_R": 0.16644089938210363,
        "mean_autocorr": 0.014679684016799352,
        "keep": false,
        "interpretation": "positive autocorr \u2192 drift / causal momentum (classical propagation)"
      },
      "test3_jk_fuzz_directionality": {
        "cross_correlations": {
          "-3": 0.2234,
          "-2": -0.404,
          "-1": -0.9007,
          "0": -0.8236,
          "1": -0.5824,
          "2": 0.491,
          "3": 0.2274
        },
        "peak_lag": -1,
        "peak_value": -0.900671555516678,
        "keep": true,
        "interpretation": "peak lag=-1 \u2264 0 \u2192 ga0 lags MI (compression is primary, entropy follows structure)"
      },
      "test4_trajectory_profile": {
        "mi_series_mean": 1.7693395611857619,
        "mi_series_std": 0.31435061164480155,
        "linear_slope": 0.108706620334061,
        "first_half_mean": 1.5675607876900692,
        "second_half_mean": 1.920673641307531,
        "second_minus_first": 0.3531128536174617,
        "early_mi_mean": 1.7693395611857619,
        "late_mi_mean": 1.7693395611857619,
        "late_leads": false,
        "keep": true,
        "interpretation": "MI increases toward trajectory end \u2192 attractor convergence (compression-from-future)"
      },
      "keep_count": 3,
      "verdict": "COMPRESSION-FROM-FUTURE"
    },
    {
      "engine_type": 2,
      "torus": "inner",
      "test1_temporal_asymmetry": {
        "mean_forward_mi": 1.7610128046929552,
        "mean_backward_mi": 1.7198022529868016,
        "asymmetry_bwd_minus_fwd": -0.04121055170615362,
        "keep": false,
        "interpretation": "forward > backward \u2192 past predicts future (classical causation)"
      },
      "test2_attractor_vs_drift": {
        "autocorr_delta_L": 0.17482243660739966,
        "autocorr_delta_R": -0.19740845675506222,
        "mean_autocorr": -0.01129301007383128,
        "keep": true,
        "interpretation": "negative autocorr \u2192 mean-reverting attractor (FEP / compression-from-future)"
      },
      "test3_jk_fuzz_directionality": {
        "cross_correlations": {
          "-3": -0.1954,
          "-2": 0.4017,
          "-1": 0.1251,
          "0": -0.9329,
          "1": 0.6666,
          "2": 0.0668,
          "3": -0.1628
        },
        "peak_lag": 0,
        "peak_value": -0.9328558680557847,
        "keep": true,
        "interpretation": "peak lag=0 \u2264 0 \u2192 ga0 lags MI (compression is primary, entropy follows structure)"
      },
      "test4_trajectory_profile": {
        "mi_series_mean": 1.7610128046929552,
        "mi_series_std": 0.24912853898567078,
        "linear_slope": 0.024169612992267796,
        "first_half_mean": 1.8026813100904169,
        "second_half_mean": 1.7297614256448595,
        "second_minus_first": -0.07291988444555741,
        "early_mi_mean": 1.7610128046929552,
        "late_mi_mean": 1.7610128046929552,
        "late_leads": false,
        "keep": true,
        "interpretation": "MI increases toward trajectory end \u2192 attractor convergence (compression-from-future)"
      },
      "keep_count": 3,
      "verdict": "COMPRESSION-FROM-FUTURE"
    },
    {
      "engine_type": 2,
      "torus": "clifford",
      "test1_temporal_asymmetry": {
        "mean_forward_mi": 1.0176804164862925,
        "mean_backward_mi": 0.9312458839665042,
        "asymmetry_bwd_minus_fwd": -0.08643453251978828,
        "keep": false,
        "interpretation": "forward > backward \u2192 past predicts future (classical causation)"
      },
      "test2_attractor_vs_drift": {
        "autocorr_delta_L": 0.09632624075365476,
        "autocorr_delta_R": -0.007516869021541699,
        "mean_autocorr": 0.04440468586605653,
        "keep": false,
        "interpretation": "positive autocorr \u2192 drift / causal momentum (classical propagation)"
      },