{
  "timestamp": "2026-04-15T15:14:26.270912+00:00",
  "n_random_states": 2000,
  "level1_lr_asym": {
    "Ti": {
      "total_trials": 1900,
      "agree": 1523,
      "failures": 377,
      "agreement_rate": 0.8015789473684211,
      "universal": false,
      "failure_examples": [
        {
          "op": "Ti",
          "ga0_base": 0.35,
          "ga0_before": 0.23333333333333334,
          "ga0_after": 0.15999999999999998,
          "delta_ga0": -0.07333333333333335,
          "delta_asym": 0.0036644185113621774,
          "strength": 0.1,
          "bloch_L_before": [
            -0.32664435006235204,
            0.5356572869505303,
            -0.5312792683708711
          ],
          "bloch_R_before": [
            -0.37880396637322994,
            0.30968741720534715,
            -0.1321922239058883
          ]
        },
        {
          "op": "Ti",
          "ga0_base": 0.35,
          "ga0_before": 0.23333333333333334,
          "ga0_after": 0.15999999999999998,
          "delta_ga0": -0.07333333333333335,
          "delta_asym": 0.022698551316428034,
          "strength": 0.1,
          "bloch_L_before": [
            -0.3342704604519644,
            0.3031742362682156,
            0.6154941540870096
          ],
          "bloch_R_before": [
            -0.3997224603809142,
            0.19937637659380847,
            0.5293807254823206
          ]
        },
        {
          "op": "Ti",
          "ga0_base": 0.35,
          "ga0_before": 0.23333333333333334,
          "ga0_after": 0.15999999999999998,
          "delta_ga0": -0.07333333333333335,
          "delta_asym": 0.020201302354802664,
          "strength": 0.30000000000000004,
          "bloch_L_before": [
            -0.15230287996011943,
            0.0472258948811802,
            -0.7717235886878452
          ],
          "bloch_R_before": [
            -0.4074908377860393,
            -0.14492711658154317,
            -0.8798592344111293
          ]
        }
      ]
    },
    "Fe": {
      "total_trials": 1900,
      "agree": 971,
      "failures": 929,
      "agreement_rate": 0.5110526315789473,
      "universal": false,
      "failure_examples": [
        {
          "op": "Fe",
          "ga0_base": 0.35,
          "ga0_before": 0.1,
          "ga0_after": 0.265,
          "delta_ga0": 0.16499999999999998,
          "delta_asym": -0.005270767065001125,
          "strength": 0.1,
          "bloch_L_before": [
            -0.33149041079481045,
            0.03736765294824207,
            0.13938495643796778
          ],
          "bloch_R_before": [
            0.26237448452671,
            -0.30797820548469323,
            -0.12129996883578192
          ]
        },
        {
          "op": "Fe",
          "ga0_base": 0.35,
          "ga0_before": 0.1,
          "ga0_after": 0.265,
          "delta_ga0": 0.16499999999999998,
          "delta_asym": -0.0010707666248476744,
          "strength": 0.1,
          "bloch_L_before": [
            0.1558407243609762,
            0.14370272798268202,
            0.2974545836142093
          ],
          "bloch_R_before": [
            -0.1073307344858352,
            -0.02701581499710186,
            -0.0256036209815918
          ]
        },
        {
          "op": "Fe",
          "ga0_base": 0.35,
          "ga0_before": 0.1,
          "ga0_after": 0.265,
          "delta_ga0": 0.16499999999999998,
          "delta_asym": -0.008776465493283259,
          "strength": 0.1,
          "bloch_L_before": [
            -0.3515136842301819,
            -0.005146765957764393,
            -0.1384345916846711
          ],
          "bloch_R_before": [
            0.026272281449389687,
            -0.6755051020123899,
            0.6356856001671258
          ]
        }
      ]
    },
    "Te": {
      "total_trials": 1995,
      "agree": 715,
      "failures": 1280,
      "agreement_rate": 0.3583959899749373,
      "universal": false,
      "failure_examples": [
        {
          "op": "Te",
          "ga0_base": 0.35,
          "ga0_before": 0.1,
          "ga0_after": 0.34750000000000003,
          "delta_ga0": 0.24750000000000005,
          "delta_asym": -0.0020278363718442965,
          "strength": 0.1,
          "bloch_L_before": [
            0.010845258305240121,
            0.13413912548763643,
            -0.13542325350257722
          ],
          "bloch_R_before": [
            0.051732174829533406,
            -0.0313413255028115,
            -0.0005620712972175257
          ]
        },
        {
          "op": "Te",
          "ga0_base": 0.35,
          "ga0_before": 0.1,
          "ga0_after": 0.34750000000000003,
          "delta_ga0": 0.24750000000000005,
          "delta_asym": -0.001597424654655899,
          "strength": 0.1,
          "bloch_L_before": [
            -0.08440422412185977,
            -0.005219079579683421,
            0.0908256065944324
          ],
          "bloch_R_before": [
            -0.11144194209092959,
            -0.3861527500679882,
            -0.09806992532247111
          ]
        },
        {
          "op": "Te",
          "ga0_base": 0.35,
          "ga0_before": 0.1,
          "ga0_after": 0.34750000000000003,
          "delta_ga0": 0.24750000000000005,
          "delta_asym": -0.003356590393073011,
          "strength": 0.1,
          "bloch_L_before": [
            -0.22125207235008487,
            -0.1369364443022571,
            0.02620955045667217
          ],
          "bloch_R_before": [
            -0.38596578252455294,
            0.6368686284401028,
            0.13022629655364543
          ]
        }
      ]
    },
    "Fi": {
      "total_trials": 1995,
      "agree": 1995,
      "failures": 0,
      "agreement_rate": 1.0,
      "universal": true,
      "failure_examples": []
    }
  },
  "level2_bridge_mi": {
    "Ti": {
      "total": 1980,
      "agrees": 1650,
      "failures": 330,
      "agreement_rate": 0.8333333333333334,
      "universal": false
    },
    "Fe": {
      "total": 1848,
      "agrees": 924,
      "failures": 924,
      "agreement_rate": 0.5,
      "universal": false
    },
    "Te": {
      "total": 1980,
      "agrees": 676,
      "failures": 1304,
      "agreement_rate": 0.3414141414141414,
      "universal": false
    },
    "Fi": {
      "total": 1980,
      "agrees": 1980,
      "failures": 0,
      "agreement_rate": 1.0,
      "universal": true
    }
  },
  "level3_geometry": {
    "total_trials": 0,
    "decoupled_cases": 0,
    "coupled_cases": 0,
    "decoupling_rate": 0.0,
    "geometry_breaks_coarising": false,
    "interpretation": "\u03b7-transport preserves co-arising \u2014 geometric sensory channel and operator co-arise too."
  },
  "algebraic_structure": "TRAJECTORY-SPECIFIC: Co-arising is attractor-dependent, not operator-algebraic. The theorem requires the attractor as a precondition. Proof strategy: characterize the attractor basin, then prove co-arising within it."
}