{
  "timestamp": "2026-04-01T06:27:26.262639+00:00Z",
  "status": "FLAG_REVIEW",
  "results": [
    {
      "eta": 0.39269908169872414,
      "eta_over_pi": 0.125,
      "loop": "fiber",
      "cycle": "DED",
      "J_coupling": 0.1,
      "mi_initial": -3.2034265038149176e-16,
      "mi_final": 0.00426187134617495,
      "mi_max": 0.00426187134617495,
      "ci_final": -0.38434739937696927,
      "sep_err_max": 0.030423590638491642,
      "sep_err_final": 0.030423590638491642,
      "bloch_l_std": [
        0.09808016624967403,
        0.15504762062369865,
        0.04785520323495395
      ],
      "bloch_r_std": [
        0.04310813083981143,
        0.15727306718251993,
        0.11046991327033415
      ],
      "mi_zero_with_coupling_WARNING": false,
      "structural_zero_note": ""
    },
    {
      "eta": 0.39269908169872414,
      "eta_over_pi": 0.125,
      "loop": "fiber",
      "cycle": "IND",
      "J_coupling": 0.1,
      "mi_initial": -3.2034265038149176e-16,
      "mi_final": 0.004179873319666294,
      "mi_max": 0.004179873319666294,
      "ci_final": -0.4466117368216938,
      "sep_err_max": 0.031036928686720318,
      "sep_err_final": 0.031036928686720318,
      "bloch_l_std": [
        0.057353064124642174,
        0.08502410018377404,
        0.0686780454728399
      ],
      "bloch_r_std": [
        0.06361982431139893,
        0.08800505942045223,
        0.07190938763924545
      ],
      "mi_zero_with_coupling_WARNING": false,
      "structural_zero_note": ""
    },
    {
      "eta": 0.39269908169872414,
      "eta_over_pi": 0.125,
      "loop": "base",
      "cycle": "DED",
      "J_coupling": 0.1,
      "mi_initial": -3.2034265038149176e-16,
      "mi_final": 0.0043255210126551535,
      "mi_max": 0.0043255210126551535,
      "ci_final": -0.4424924081153777,
      "sep_err_max": 0.03160655680130627,
      "sep_err_final": 0.03160655680130627,
      "bloch_l_std": [
        0.10740427481881633,
        0.13985500617254454,
        0.0451699263498021
      ],
      "bloch_r_std": [
        0.031710575775850396,
        0.15077735778396004,
        0.10868290386962513
      ],
      "mi_zero_with_coupling_WARNING": false,
      "structural_zero_note": ""
    },
    {
      "eta": 0.39269908169872414,
      "eta_over_pi": 0.125,
      "loop": "base",
      "cycle": "IND",
      "J_coupling": 0.1,
      "mi_initial": -3.2034265038149176e-16,
      "mi_final": 0.004402873695476539,
      "mi_max": 0.004402873695476539,
      "ci_final": -0.43713035418056073,
      "sep_err_max": 0.03170305408067671,
      "sep_err_final": 0.03170305408067671,
      "bloch_l_std": [
        0.06355621701064515,
        0.11566570176015369,
        0.06472849103792548
      ],
      "bloch_r_std": [
        0.044181313761571396,
        0.1249418547995094,
        0.07926782430231168
      ],
      "mi_zero_with_coupling_WARNING": false,
      "structural_zero_note": ""
    },
    {
      "eta": 0.5235987755982988,
      "eta_over_pi": 0.16666666666666666,
      "loop": "fiber",
      "cycle": "DED",
      "J_coupling": 0.1,
      "mi_initial": 0.0,
      "mi_final": 0.008396642308873492,
      "mi_max": 0.008396642308873492,
      "ci_final": -0.36153334789000474,
      "sep_err_max": 0.04324378919762716,
      "sep_err_final": 0.04324378919762716,
      "bloch_l_std": [
        0.09113472049706876,
        0.15069700581048157,
        0.05735735883663904
      ],
      "bloch_r_std": [
        0.03188511861436233,
        0.12081032946278157,
        0.128586673940857
      ],
      "mi_zero_with_coupling_WARNING": false,
      "structural_zero_note": ""
    },
    {
      "eta": 0.5235987755982988,
      "eta_over_pi": 0.16666666666666666,
      "loop": "fiber",
      "cycle": "IND",
      "J_coupling": 0.1,
      "mi_initial": 0.0,
      "mi_final": 0.00893574103519712,
      "mi_max": 0.00893574103519712,
      "ci_final": -0.4129557608954412,
      "sep_err_max": 0.04585499292988486,
      "sep_err_final": 0.04585499292988486,
      "bloch_l_std": [
        0.05562405554731923,
        0.08325372641818585,
        0.0778204486696598
      ],
      "bloch_r_std": [
        0.050575594559902584,
        0.07006204802036534,
        0.08312361729701462
      ],
      "mi_zero_with_coupling_WARNING": false,
      "structural_zero_note": ""
    },
    {
      "eta": 0.5235987755982988,
      "eta_over_pi": 0.16666666666666666,
      "loop": "base",
      "cycle": "DED",
      "J_coupling": 0.1,
      "mi_initial": 0.0,
      "mi_final": 0.009020371411855299,
      "mi_max": 0.009020371411855299,
      "ci_final": -0.38976501064920943,
      "sep_err_max": 0.04584927235014537,
      "sep_err_final": 0.04584927235014537,
      "bloch_l_std": [
        0.06624592695503372,
        0.14003703368218146,
        0.05415089079367857
      ],
      "bloch_r_std": [
        0.042077132323200046,
        0.14644309476515227,
        0.09472046450498882
      ],
      "mi_zero_with_coupling_WARNING": false,
      "structural_zero_note": ""
    },
    {
      "eta": 0.5235987755982988,
      "eta_over_pi": 0.16666666666666666,
      "loop": "base",
      "cycle": "IND",
      "J_coupling": 0.1,
      "mi_initial": 0.0,
      "mi_final": 0.009016558962601007,
      "mi_max": 0.009016558962601007,
      "ci_final": -0.3944903035195853,
      "sep_err_max": 0.04595210812946258,
      "sep_err_final": 0.04595210812946258,
      "bloch_l_std": [
        0.042078751138452726,
        0.08947117641864825,
        0.09942369523064447
      ],
      "bloch_r_std": [
        0.06484396249541667,
        0.09717793771416314,
        0.06414247936744756
      ],
      "mi_zero_with_coupling_WARNING": false,
      "structural_zero_note": ""
    },
    {
      "eta": 0.7853981633974483,
      "eta_over_pi": 0.25,
      "loop": "fiber",
      "cycle": "DED",
      "J_coupling": 0.1,
      "mi_initial": 0.0,
      "mi_final": 0.014054122047093998,
      "mi_max": 0.014054122047093998,
      "ci_final": -0.3246322073927853,
      "sep_err_max": 0.05485245185109554,
      "sep_err_final": 0.05485245185109554,
      "bloch_l_std": [
        0.04000786979960526,
        0.03819467447537303,
        0.09868430993336762
      ],
      "bloch_r_std": [
        0.03718830368031256,
        0.03628940408990306,
        0.11475805877778225
      ],
      "mi_zero_with_coupling_WARNING": false,
      "structural_zero_note": ""
    },
    {
      "eta": 0.7853981633974483,
      "eta_over_pi": 0.25,
      "loop": "fiber",
      "cycle": "IND",
      "J_coupling": 0.1,
      "mi_initial": 0.0,
      "mi_final": 0.016578010407898303,
      "mi_max": 0.016578010407898303,
      "ci_final": -0.3095121205202087,
      "sep_err_max": 0.059742149709847814,
      "sep_err_final": 0.059742149709847814,
      "bloch_l_std": [
        0.03798364225282226,
        0.02130837599334757,
        0.0957400906839608
      ],
      "bloch_r_std": [
        0.03239846384860643,
        0.01623880629311879,
        0.07951773510377388
      ],
      "mi_zero_with_coupling_WARNING": false,
      "structural_zero_note": ""
    },
    {
      "eta": 0.7853981633974483,
      "eta_over_pi": 0.25,
      "loop": "base",
      "cycle": "DED",
      "J_coupling": 0.1,
      "mi_initial": 0.0,
      "mi_final": 0.014054122047093665,
      "mi_max": 0.014054122047093665,
      "ci_final": -0.26110680136669456,
      "sep_err_max": 0.054852451851094566,
      "sep_err_final": 0.054852451851094566,
      "bloch_l_std": [
        0.03718830368031229,
        0.03628940408990294,
        0.11475805877778301
      ],
      "bloch_r_std": [
        0.040007869799605335,
        0.03819467447537272,
        0.09868430993336787
      ],
      "mi_zero_with_coupling_WARNING": false,
      "structural_zero_note": ""
    },
    {
      "eta": 0.7853981633974483,
      "eta_over_pi": 0.25,
      "loop": "base",
      "cycle": "IND",
      "J_coupling": 0.1,
      "mi_initial": 0.0,
      "mi_final": 0.01657801040789908,