{
  "timestamp": "2026-04-15T08:55:36.033426+00:00",
  "probe": "sim_axis0_orbit_phase_alignment",
  "configs": [
    {
      "config": "strict/1/inner",
      "negative_mode": "strict",
      "engine_type": 1,
      "torus": "inner",
      "eta": 0.39269908169872414,
      "n_success": 5,
      "n_fail": 2,
      "n_neutral": 0,
      "forward_coarising_rate": 0.7142857142857143,
      "phase_stats": {
        "Ti": {
          "ok": 1,
          "fail": 0,
          "neutral": 0
        },
        "Fe": {
          "ok": 1,
          "fail": 1,
          "neutral": 0
        },
        "Te": {
          "ok": 2,
          "fail": 0,
          "neutral": 0
        },
        "Fi": {
          "ok": 1,
          "fail": 1,
          "neutral": 0
        }
      },
      "half_stats": {
        "outer": {
          "ok": 5,
          "fail": 2
        },
        "inner": {
          "ok": 0,
          "fail": 0
        }
      },
      "mi_trace": [
        0.1371965029156601,
        0.8028394048127598,
        0.553200645141967,
        0.628442892527355,
        0.48184077086972554,
        1.2397929041870148,
        1.4821146421055158,
        0.27468302499224756
      ],
      "guard_passed": true,
      "guard_checked_count": 6,
      "guard_event_count": 0,
      "guard_violations": [],
      "guard_events": []
    }
  ],
  "aggregate_phase": {
    "Ti": {
      "ok": 1,
      "fail": 0,
      "neutral": 0
    },
    "Fe": {
      "ok": 1,
      "fail": 1,
      "neutral": 0
    },
    "Te": {
      "ok": 2,
      "fail": 0,
      "neutral": 0
    },
    "Fi": {
      "ok": 1,
      "fail": 1,
      "neutral": 0
    }
  },
  "aggregate_half": {
    "outer": {
      "ok": 5,
      "fail": 2
    },
    "inner": {
      "ok": 0,
      "fail": 0
    }
  },
  "failure_profiles": [
    {
      "step": 1,
      "op_name": "Ti",
      "phase_pos": 1,
      "phase_name": "Fe",
      "orbit_half": "outer",
      "loop_position": "outer",
      "ga0_before": 0.6149671451371631,
      "ga0_after": 0.3134993462822481,
      "d_ga0": -0.301467798854915,
      "ct_mi": 0.8028394048127598,
      "d_ct_mi": 0.6656429018970997,
      "lr_asym": 0.7957986665418708,
      "coarises": false,
      "config": "strict/1/inner"
    },
    {
      "step": 3,
      "op_name": "Fe",
      "phase_pos": 3,
      "phase_name": "Fi",
      "orbit_half": "outer",
      "loop_position": "outer",
      "ga0_before": 0.049799623461023866,
      "ga0_after": 0.013709423311383038,
      "d_ga0": -0.03609020014964083,
      "ct_mi": 0.628442892527355,
      "d_ct_mi": 0.07524224738538798,
      "lr_asym": 0.9960397390805297,
      "coarises": false,
      "config": "strict/1/inner"
    }
  ],
  "n_total_failures": 2,
  "guard_event_count": 0
}