{
  "timestamp": "2026-04-15T15:52:58.803308+00:00",
  "n_shell_levels": 8,
  "shell_eta_levels": [
    0.05,
    0.17857142857142855,
    0.3071428571428571,
    0.43571428571428567,
    0.5642857142857143,
    0.6928571428571428,
    0.8214285714285714,
    0.95
  ],
  "results": [
    {
      "engine_type": 1,
      "torus": "inner",
      "lane_a": {
        "static_mi": 1.017599590907636,
        "static_ic": 0.08920067980278612,
        "dynamic_peak_mi": 1.017599590907636,
        "dynamic_final_mi": 1.017599590907636,
        "dynamic_variance": 0.0,
        "static_variance": 0.0,
        "separation": 0.0,
        "lane_a_keep": false,
        "dynamic_trajectory_length": 16
      },
      "lane_b": {
        "discrete_mi": [
          0.0,
          0.0,
          0.0,
          0.0,
          1.017599590907636,
          0.0,
          0.0,
          0.0
        ],
        "discrete_ic": [
          -1.0,
          -1.0,
          -1.0,
          -1.0,
          0.08920067980278612,
          -1.0,
          -1.0,
          -1.0
        ],
        "first_diffs": [
          0.0,
          0.0,
          0.0,
          1.017599590907636,
          -1.017599590907636,
          0.0,
          0.0
        ],
        "mean_abs_diff": 0.2907427402593246,
        "max_abs_diff": 1.017599590907636,
        "sign_changes": 1,
        "nonlinearity": 0.1271999488634545,
        "lane_b_keep": true
      },
      "lane_c": {
        "single_cut_mi": 1.017599590907636,
        "single_cut_ic": 0.08920067980278612,
        "multi_max_mi": 1.017599590907636,
        "multi_peak_level": 4,
        "multi_sum_mi": 1.017599590907636,
        "multi_std_mi": 0.33653943147283366,
        "top2_fraction": 0.9999999999990172,
        "positive_ic_layers": 1,
        "lane_c_keep": false
      },
      "keep_count": 1,
      "verdict": "KILL"
    },
    {
      "engine_type": 1,
      "torus": "clifford",
      "lane_a": {
        "static_mi": 0.0,
        "static_ic": -1.0,
        "dynamic_peak_mi": 0.0,
        "dynamic_final_mi": 0.0,
        "dynamic_variance": 0.0,
        "static_variance": 0.0,
        "separation": 0.0,
        "lane_a_keep": false,
        "dynamic_trajectory_length": 16
      },
      "lane_b": {
        "discrete_mi": [
          0.0,
          0.0,
          0.0,
          0.0,
          0.0,
          0.0,
          0.0,
          0.0
        ],
        "discrete_ic": [
          -1.0,
          -1.0,
          -1.0,
          -1.0,
          -1.0,
          -1.0,
          -1.0,
          -1.0
        ],
        "first_diffs": [
          0.0,
          0.0,
          0.0,
          0.0,
          0.0,
          0.0,
          0.0
        ],
        "mean_abs_diff": 0.0,
        "max_abs_diff": 0.0,
        "sign_changes": 0,
        "nonlinearity": 0.0,
        "lane_b_keep": false
      },
      "lane_c": {
        "single_cut_mi": 0.0,
        "single_cut_ic": -1.0,
        "multi_max_mi": 0.0,
        "multi_peak_level": 0,
        "multi_sum_mi": 0.0,
        "multi_std_mi": 0.0,
        "top2_fraction": 0.0,
        "positive_ic_layers": 0,
        "lane_c_keep": false
      },
      "keep_count": 0,
      "verdict": "KILL"
    },
    {
      "engine_type": 1,
      "torus": "outer",
      "lane_a": {
        "static_mi": 1.047466353649626,
        "static_ic": 0.11611063665919208,
        "dynamic_peak_mi": 1.047466353649626,
        "dynamic_final_mi": 1.047466353649626,
        "dynamic_variance": 0.0,
        "static_variance": 0.0,
        "separation": 0.0,
        "lane_a_keep": false,
        "dynamic_trajectory_length": 16
      },
      "lane_b": {
        "discrete_mi": [
          0.0,
          0.0,
          0.0,
          0.0,
          1.047466353649626,
          0.0,
          0.0,
          0.0
        ],
        "discrete_ic": [
          -1.0,
          -1.0,
          -1.0,
          -1.0,
          0.11611063665919208,
          -1.0,
          -1.0,
          -1.0
        ],
        "first_diffs": [
          0.0,
          0.0,
          0.0,
          1.047466353649626,
          -1.047466353649626,
          0.0,
          0.0
        ],
        "mean_abs_diff": 0.2992761010427503,
        "max_abs_diff": 1.047466353649626,
        "sign_changes": 1,
        "nonlinearity": 0.13093329420620325,
        "lane_b_keep": true
      },
      "lane_c": {
        "single_cut_mi": 1.047466353649626,
        "single_cut_ic": 0.11611063665919208,
        "multi_max_mi": 1.047466353649626,
        "multi_peak_level": 4,
        "multi_sum_mi": 1.047466353649626,
        "multi_std_mi": 0.346416934808068,
        "top2_fraction": 0.9999999999990452,
        "positive_ic_layers": 1,
        "lane_c_keep": false
      },
      "keep_count": 1,
      "verdict": "KILL"
    },
    {
      "engine_type": 2,
      "torus": "inner",
      "lane_a": {
        "static_mi": 1.0472406223465986,
        "static_ic": 0.11950961674264504,
        "dynamic_peak_mi": 1.0472406223465986,
        "dynamic_final_mi": 1.0472406223465986,
        "dynamic_variance": 0.0,
        "static_variance": 0.0,
        "separation": 0.0,
        "lane_a_keep": false,
        "dynamic_trajectory_length": 16
      },
      "lane_b": {
        "discrete_mi": [
          0.0,
          0.0,
          0.0,
          0.0,
          1.0472406223465986,
          0.0,
          0.0,
          0.0
        ],
        "discrete_ic": [
          -1.0,
          -1.0,
          -1.0,
          -1.0,
          0.11950961674264504,
          -1.0,
          -1.0,
          -1.0
        ],
        "first_diffs": [
          0.0,
          0.0,
          0.0,
          1.0472406223465986,
          -1.0472406223465986,
          0.0,
          0.0
        ],
        "mean_abs_diff": 0.2992116063847425,
        "max_abs_diff": 1.0472406223465986,
        "sign_changes": 1,
        "nonlinearity": 0.13090507779332483,
        "lane_b_keep": true
      },
      "lane_c": {
        "single_cut_mi": 1.0472406223465986,
        "single_cut_ic": 0.11950961674264504,
        "multi_max_mi": 1.0472406223465986,
        "multi_peak_level": 4,
        "multi_sum_mi": 1.0472406223465986,
        "multi_std_mi": 0.3463422811967014,
        "top2_fraction": 0.999999999999045,
        "positive_ic_layers": 1,
        "lane_c_keep": false
      },
      "keep_count": 1,
      "verdict": "KILL"
    },
    {
      "engine_type": 2,
      "torus": "clifford",
      "lane_a": {
        "static_mi": 0.0,
        "static_ic": -1.0,
        "dynamic_peak_mi": 0.0,
        "dynamic_final_mi": 0.0,
        "dynamic_variance": 0.0,
        "static_variance": 0.0,
        "separation": 0.0,
        "lane_a_keep": false,
        "dynamic_trajectory_length": 16
      },
      "lane_b": {
        "discrete_mi": [
          0.0,
          0.0,
          0.0,
          0.0,
          0.0,
          0.0,
          0.0,
          0.0
        ],
        "discrete_ic": [
          -1.0,
          -1.0,
          -1.0,
          -1.0,
          -1.0,
          -1.0,
          -1.0,
          -1.0
        ],
        "first_diffs": [
          0.0,
          0.0,
          0.0,
          0.0,
          0.0,
          0.0,
          0.0
        ],
        "mean_abs_diff": 0.0,
        "max_abs_diff": 0.0,
        "sign_changes": 0,
        "nonlinearity": 0.0,
        "lane_b_keep": false
      },
      "lane_c": {
        "single_cut_mi": 0.0,
        "single_cut_ic": -1.0,
        "multi_max_mi": 0.0,
        "multi_peak_level": 0,
        "multi_sum_mi": 0.0,
        "multi_std_mi": 0.0,
        "top2_fraction": 0.0,
        "positive_ic_layers": 0,
        "lane_c_keep": false
      },
      "keep_count": 0,
      "verdict": "KILL"
    },
    {
      "engine_type": 2,
      "torus": "outer",
      "lane_a": {
        "static_mi": 1.0436042669575345,
        "static_ic": 0.11639113942565404,
        "dynamic_peak_mi": 1.0436042669575345,
        "dynamic_final_mi": 1.0436042669575345,