{
  "timestamp": "2026-04-01T11:27:36.407053+00:00",
  "probe": "sim_axis0_bridge_search",
  "n_candidates": 13,
  "ranking": [
    "Xi_chiral_entangle",
    "Xi_chiral_hist_entangle",
    "Xi_loop_phase",
    "Xi_retrocausal_compress",
    "Xi_hist_uniform_full",
    "Xi_hist_uniform_0_15",
    "Xi_potential_field",
    "Xi_fep_window",
    "Xi_compress_hist",
    "Xi_boundary_max",
    "Xi_entropy_gradient",
    "Xi_LR_direct",
    "Xi_hist_uniform_8_15"
  ],
  "mean_mi_by_candidate": {
    "Xi_LR_direct": 3.3769283665681843e-16,
    "Xi_hist_uniform_full": 0.007466818037433913,
    "Xi_hist_uniform_0_15": 0.007466818037433913,
    "Xi_hist_uniform_8_15": 3.3769283665681843e-16,
    "Xi_compress_hist": 0.0056022581096022055,
    "Xi_fep_window": 0.0062262273859662876,
    "Xi_boundary_max": 0.00532492625093849,
    "Xi_potential_field": 0.0064037136912759585,
    "Xi_chiral_entangle": 0.5850944299846628,
    "Xi_chiral_hist_entangle": 0.5153548066316724,
    "Xi_entropy_gradient": 0.004360553300143649,
    "Xi_retrocausal_compress": 0.007625018650665079,
    "Xi_loop_phase": 0.008083514215814788
  },
  "mean_ic_by_candidate": {
    "Xi_LR_direct": -0.2651622353505884,
    "Xi_hist_uniform_full": -0.40704996113979636,
    "Xi_hist_uniform_0_15": -0.40704996113979636,
    "Xi_hist_uniform_8_15": -0.2651622353505884,
    "Xi_compress_hist": -0.6457454870993277,
    "Xi_fep_window": -0.3695561624508718,
    "Xi_boundary_max": -0.35078937725234344,
    "Xi_potential_field": -0.3901548772884727,
    "Xi_chiral_entangle": 0.0775200940266869,
    "Xi_chiral_hist_entangle": -0.09313964667615891,
    "Xi_entropy_gradient": -0.4583073080140471,
    "Xi_retrocausal_compress": -0.6297127544346695,
    "Xi_loop_phase": -0.4223576376918034
  },
  "winner": "Xi_chiral_entangle"
}