{
  "schema": "AXIS0_FULL_SPECTRUM_V1",
  "timestamp": "2026-04-15T10:07:29.948967+00:00",
  "delta": 0.05,
  "families": {
    "L|R_local_only": {
      "name": "L|R_local_only",
      "count": 12,
      "dims": [
        2,
        2
      ],
      "base_metrics": {
        "I_AB": {
          "mean": 9.251858538542972e-17,
          "std": 1.4212974774642242e-16,
          "min": 0.0,
          "max": 4.440892098500626e-16
        },
        "I_c_A_to_B": {
          "mean": -0.9987498900181436,
          "std": 0.001110373015635694,
          "min": -0.9998151160534128,
          "max": -0.9967941034451087
        },
        "S_A_given_B": {
          "mean": 0.9987498900181436,
          "std": 0.001110373015635694,
          "min": 0.9967941034451087,
          "max": 0.9998151160534128
        },
        "D_to_dephased": {
          "mean": 0.0011190003880382972,
          "std": 0.0015322377745470483,
          "min": 0.0001386014352779216,
          "max": 0.004444316315489547
        }
      },
      "cut_family": {
        "MI_diversity_entropy": 0.0,
        "MI_effective_number": 0.0,
        "MI_variance": 0.0
      },
      "perturbation_response": {
        "depolarize_both": {
          "mean_dI": 0.0,
          "mean_dIc": -0.002438853056738003,
          "mean_dDdeph": -0.002183315569491997,
          "diversity_delta": 0.0,
          "variance_delta": 0.0
        },
        "dephase_both": {
          "mean_dI": 1.1790107741956508e-07,
          "mean_dIc": -0.0015746620673584566,
          "mean_dDdeph": -0.0021830268670113505,
          "diversity_delta": 56.26477511742157,
          "variance_delta": 2.819738329359289e-15
        }
      },
      "group_means": {
        "torus_Ic_means": {
          "inner": -0.9992043799914296,
          "clifford": -0.9982220810551483,
          "outer": -0.9988232090078525
        },
        "loop_Ic_means": {
          "fiber": -0.9977887469774193,
          "base": -0.9997110330588678
        }
      },
      "trace": {
        "MI_max_mean": 5.273559366969494e-16,
        "MI_max_max": 6.661338147750939e-16
      },
      "verdict": {
        "trivial": true,
        "eta_sensitive": false,
        "loop_sensitive": true,
        "ic_saturated": false,
        "control_only": false
      }
    },
    "L|R_coupled_control": {
      "name": "L|R_coupled_control",
      "count": 12,
      "dims": [
        2,
        2
      ],
      "base_metrics": {
        "I_AB": {
          "mean": 0.00022914825223515253,
          "std": 0.0003256359919361585,
          "min": 1.1536601693951098e-05,
          "max": 0.0009581520665986609
        },
        "I_c_A_to_B": {
          "mean": -0.9991668059297553,
          "std": 0.0010956674717101755,
          "min": -0.9999701602338629,
          "max": -0.9967081393933258
        },
        "S_A_given_B": {
          "mean": 0.9991668059297553,
          "std": 0.0010956674717101755,
          "min": 0.9967081393933258,
          "max": 0.9999701602338629
        },
        "D_to_dephased": {
          "mean": 0.0008778428703122218,
          "std": 0.001385414611800421,
          "min": 3.162797593618348e-05,
          "max": 0.004197355704235429
        }
      },
      "cut_family": {
        "MI_diversity_entropy": 1.6406415980904994,
        "MI_effective_number": 5.1584781204347845,
        "MI_variance": 1.0603879924424588e-07
      },
      "perturbation_response": {
        "depolarize_both": {
          "mean_dI": -0.0008502364498593392,
          "mean_dIc": -0.002028649705663188,
          "mean_dDdeph": -0.001987664931601464,
          "diversity_delta": -0.00041737084778503686,
          "variance_delta": -7.138672740090741e-07
        },
        "dephase_both": {
          "mean_dI": -0.0004393171551009267,
          "mean_dIc": -0.0014065172926304899,
          "mean_dDdeph": -0.0017121930447687812,
          "diversity_delta": 0.27860555836026535,
          "variance_delta": -3.9284579010085044e-07
        }
      },
      "group_means": {
        "torus_Ic_means": {
          "inner": -0.9995565344759083,
          "clifford": -0.9984166490189541,
          "outer": -0.9995272342944042
        },
        "loop_Ic_means": {
          "fiber": -0.9984466756878664,
          "base": -0.9998869361716447
        }
      },
      "trace": {
        "MI_max_mean": 0.025007627244267954,
        "MI_max_max": 0.04501678579120516
      },
      "verdict": {
        "trivial": false,
        "eta_sensitive": true,
        "loop_sensitive": true,
        "ic_saturated": false,
        "control_only": true
      }
    },
    "Xi_shell": {
      "name": "Xi_shell",
      "count": 96,
      "dims": [
        2,
        4
      ],
      "base_metrics": {
        "I_AB": {
          "mean": 0.33396941742583613,
          "std": 0.09382164293021347,
          "min": 0.2676274974878181,
          "max": 0.4666532573018709
        },
        "I_c_A_to_B": {
          "mean": 0.16698470871291804,
          "std": 0.04691082146510669,
          "min": 0.13381374874390892,
          "max": 0.23332662865093556
        },
        "S_A_given_B": {
          "mean": -0.16698470871291804,
          "std": 0.04691082146510669,
          "min": -0.23332662865093556,
          "max": -0.13381374874390892
        },
        "D_to_dephased": {
          "mean": 1.5602357593965983,
          "std": 0.31401305381493366,
          "min": 1.3381949996629507,
          "max": 2.004317278863879
        }
      },
      "cut_family": {
        "MI_diversity_entropy": 4.526840961481178,
        "MI_effective_number": 92.46599557086786,
        "MI_variance": 0.008802500682124475
      },
      "perturbation_response": {
        "depolarize_both": {
          "mean_dI": -2.317463728768375,
          "mean_dIc": -4.586342634329366,
          "mean_dDdeph": -5.280458314280636,
          "diversity_delta": -20.605343777955056,
          "variance_delta": -0.07805338614268802
        },
        "dephase_both": {
          "mean_dI": -0.4555357424985275,
          "mean_dIc": -1.893316946022731,
          "mean_dDdeph": -4.178714878340367,
          "diversity_delta": 1.6489085508132462,
          "variance_delta": -0.026893844675593328
        }
      },
      "group_means": {
        "torus_Ic_means": {
          "inner": 0.1338137487439096,
          "clifford": 0.23332662865093481,
          "outer": 0.13381374874390967
        },
        "loop_Ic_means": {
          "fiber": 0.16698470871291807,
          "base": 0.16698470871291804
        }
      },
      "trace": {
        "MI_max_mean": 0.33396941742583613,
        "MI_max_max": 0.4666532573018709
      },
      "verdict": {
        "trivial": false,
        "eta_sensitive": true,
        "loop_sensitive": false,
        "ic_saturated": false,
        "control_only": false
      }
    },
    "Xi_hist_outer": {
      "name": "Xi_hist_outer",
      "count": 6,
      "dims": [
        2,
        2
      ],
      "base_metrics": {
        "I_AB": {
          "mean": 0.0009397894511301205,
          "std": 0.0004474692025238909,
          "min": 0.0006191165197400039,
          "max": 0.0017062327201635696
        },
        "I_c_A_to_B": {
          "mean": -0.43692938345402155,
          "std": 0.11664047816388906,
          "min": -0.6470862894708199,
          "max": -0.3078160783251329
        },
        "S_A_given_B": {
          "mean": 0.43692938345402155,
          "std": 0.11664047816388906,
          "min": 0.3078160783251329,
          "max": 0.6470862894708199
        },
        "D_to_dephased": {
          "mean": 0.3774842636967675,
          "std": 0.12767703818552018,
          "min": 0.27827644940702123,
          "max": 0.5816030795615708
        }
      },
      "cut_family": {
        "MI_diversity_entropy": 1.687340147369516,
        "MI_effective_number": 5.405084839050279,
        "MI_variance": 2.002286872073669e-07
      },