{
  "schema": "AXIS0_XI_STRICT_BAKEOFF_V1",
  "timestamp": "2026-03-29T10:34:59.779761+00:00",
  "pointwise_shell": {
    "inner": {
      "fiber": {
        "xi_shell_strata_cq": {
          "I_AB": {
            "mean": 0.5103117431356361,
            "std": 5.20740757162067e-16,
            "min": 0.5103117431356352,
            "max": 0.510311743135637
          },
          "S_A_given_B": {
            "mean": 0.7656824709164389,
            "std": 5.262591813953316e-16,
            "min": 0.765682470916438,
            "max": 0.7656824709164399
          },
          "I_c_A_to_B": {
            "mean": -0.7656824709164389,
            "std": 5.262591813953316e-16,
            "min": -0.7656824709164399,
            "max": -0.765682470916438
          }
        },
        "xi_point_ref_cq": {
          "I_AB": {
            "mean": 2.983724378680108e-16,
            "std": 2.3294436284896524e-16,
            "min": 0.0,
            "max": 6.661338147750939e-16
          },
          "S_A_given_B": {
            "mean": 0.9999999999999997,
            "std": 3.1217311733394683e-16,
            "min": 0.9999999999999993,
            "max": 1.0000000000000004
          },
          "I_c_A_to_B": {
            "mean": -0.9999999999999997,
            "std": 3.1217311733394683e-16,
            "min": -1.0000000000000004,
            "max": -0.9999999999999993
          }
        }
      },
      "base": {
        "xi_shell_strata_cq": {
          "I_AB": {
            "mean": 0.5103117431356359,
            "std": 5.715222817774257e-16,
            "min": 0.5103117431356348,
            "max": 0.5103117431356368
          },
          "S_A_given_B": {
            "mean": 0.7656824709164393,
            "std": 5.878025450974758e-16,
            "min": 0.7656824709164383,
            "max": 0.7656824709164405
          },
          "I_c_A_to_B": {
            "mean": -0.7656824709164393,
            "std": 5.878025450974758e-16,
            "min": -0.7656824709164405,
            "max": -0.7656824709164383
          }
        },
        "xi_point_ref_cq": {
          "I_AB": {
            "mean": 0.4816642119781538,
            "std": 0.2769167239465605,
            "min": 0.0,
            "max": 0.8112781244591336
          },
          "S_A_given_B": {
            "mean": 0.5183357880218462,
            "std": 0.2769167239465604,
            "min": 0.1887218755408664,
            "max": 1.0
          },
          "I_c_A_to_B": {
            "mean": -0.5183357880218462,
            "std": 0.2769167239465604,
            "min": -1.0,
            "max": -0.1887218755408664
          }
        }
      }
    },
    "clifford": {
      "fiber": {
        "xi_shell_strata_cq": {
          "I_AB": {
            "mean": 0.629481027545531,
            "std": 6.055551679337975e-16,
            "min": 0.6294810275455296,
            "max": 0.6294810275455323
          },
          "S_A_given_B": {
            "mean": 0.9119598358735737,
            "std": 6.0332475458014115e-16,
            "min": 0.9119598358735724,
            "max": 0.9119598358735748
          },
          "I_c_A_to_B": {
            "mean": -0.9119598358735737,
            "std": 6.0332475458014115e-16,
            "min": -0.9119598358735748,
            "max": -0.9119598358735724
          }
        },
        "xi_point_ref_cq": {
          "I_AB": {
            "mean": 4.510281037539698e-16,
            "std": 2.2538057210685517e-16,
            "min": 0.0,
            "max": 6.661338147750939e-16
          },
          "S_A_given_B": {
            "mean": 0.9999999999999996,
            "std": 2.0955000055363631e-16,
            "min": 0.9999999999999993,
            "max": 1.0000000000000002
          },
          "I_c_A_to_B": {
            "mean": -0.9999999999999996,
            "std": 2.0955000055363631e-16,
            "min": -1.0000000000000002,
            "max": -0.9999999999999993
          }
        }
      },
      "base": {
        "xi_shell_strata_cq": {
          "I_AB": {
            "mean": 0.6294810275455314,
            "std": 5.633766544994711e-16,
            "min": 0.62948102754553,
            "max": 0.6294810275455323
          },
          "S_A_given_B": {
            "mean": 0.9119598358735734,
            "std": 5.758863919415721e-16,
            "min": 0.9119598358735725,
            "max": 0.9119598358735745
          },
          "I_c_A_to_B": {
            "mean": -0.9119598358735734,
            "std": 5.758863919415721e-16,
            "min": -0.9119598358735745,
            "max": -0.9119598358735725
          }
        },
        "xi_point_ref_cq": {
          "I_AB": {
            "mean": 0.6699020403847646,
            "std": 0.3439910961029495,
            "min": 6.661338147750939e-16,
            "max": 0.9999999999999998
          },
          "S_A_given_B": {
            "mean": 0.3300979596152354,
            "std": 0.3439910961029495,
            "min": 2.220446049250313e-16,
            "max": 0.9999999999999994
          },
          "I_c_A_to_B": {
            "mean": -0.3300979596152354,
            "std": 0.3439910961029495,
            "min": -0.9999999999999994,
            "max": -2.220446049250313e-16
          }
        }
      }
    },
    "outer": {
      "fiber": {
        "xi_shell_strata_cq": {
          "I_AB": {
            "mean": 0.5103117431356361,
            "std": 5.162835502930473e-16,
            "min": 0.510311743135635,
            "max": 0.510311743135637
          },
          "S_A_given_B": {
            "mean": 0.7656824709164392,
            "std": 5.080104453137648e-16,
            "min": 0.765682470916438,
            "max": 0.7656824709164401
          },
          "I_c_A_to_B": {
            "mean": -0.7656824709164392,
            "std": 5.080104453137648e-16,
            "min": -0.7656824709164401,
            "max": -0.765682470916438
          }
        },
        "xi_point_ref_cq": {
          "I_AB": {
            "mean": 2.1510571102112408e-16,
            "std": 2.6901081327773867e-16,
            "min": 0.0,
            "max": 8.881784197001252e-16
          },
          "S_A_given_B": {
            "mean": 0.9999999999999998,
            "std": 2.8777593299067095e-16,
            "min": 0.9999999999999991,
            "max": 1.0000000000000002
          },
          "I_c_A_to_B": {
            "mean": -0.9999999999999998,
            "std": 2.8777593299067095e-16,
            "min": -1.0000000000000002,
            "max": -0.9999999999999991
          }
        }
      },
      "base": {
        "xi_shell_strata_cq": {
          "I_AB": {
            "mean": 0.5103117431356363,
            "std": 7.259024953699689e-16,
            "min": 0.5103117431356352,
            "max": 0.5103117431356381
          },
          "S_A_given_B": {
            "mean": 0.7656824709164389,
            "std": 7.457939178747932e-16,
            "min": 0.7656824709164368,
            "max": 0.76568247091644
          },
          "I_c_A_to_B": {
            "mean": -0.7656824709164389,
            "std": 7.457939178747932e-16,
            "min": -0.76568247091644,
            "max": -0.7656824709164368
          }
        },
        "xi_point_ref_cq": {
          "I_AB": {
            "mean": 0.481664211978154,
            "std": 0.27691672394656064,
            "min": 4.440892098500626e-16,
            "max": 0.8112781244591338
          },
          "S_A_given_B": {
            "mean": 0.5183357880218459,
            "std": 0.27691672394656064,
            "min": 0.18872187554086617,
            "max": 0.9999999999999996
          },
          "I_c_A_to_B": {
            "mean": -0.5183357880218459,
            "std": 0.27691672394656064,
            "min": -0.9999999999999996,
            "max": -0.18872187554086617
          }
        }
      }
    }
  },
  "engine_history_bakeoff": [
    {
      "engine_type": 1,
      "torus": "inner",
      "eta": 0.39269908169872414,