{
  "schema": "AXIS0_XI_BAKEOFF_V1",
  "timestamp": "2026-04-14T12:29:15.833721+00:00",
  "pointwise_geometry": {
    "inner": {
      "fiber": {
        "I_AB": {
          "mean": 0.2676274974878191,
          "std": 2.8168832724973556e-16,
          "min": 0.2676274974878186,
          "max": 0.2676274974878196
        },
        "S_A_given_B": {
          "mean": -0.13381374874390972,
          "std": 2.4786521584512986e-16,
          "min": -0.13381374874391008,
          "max": -0.13381374874390928
        },
        "I_c_A_to_B": {
          "mean": 0.13381374874390972,
          "std": 2.4786521584512986e-16,
          "min": 0.13381374874390928,
          "max": 0.13381374874391008
        }
      },
      "base": {
        "I_AB": {
          "mean": 0.26762749748781917,
          "std": 4.65164733456768e-16,
          "min": 0.2676274974878182,
          "max": 0.2676274974878202
        },
        "S_A_given_B": {
          "mean": -0.1338137487439097,
          "std": 3.7367087251761354e-16,
          "min": -0.1338137487439107,
          "max": -0.133813748743909
        },
        "I_c_A_to_B": {
          "mean": 0.1338137487439097,
          "std": 3.7367087251761354e-16,
          "min": 0.133813748743909,
          "max": 0.1338137487439107
        }
      }
    },
    "clifford": {
      "fiber": {
        "I_AB": {
          "mean": 0.46665325730186985,
          "std": 5.917212721286936e-16,
          "min": 0.4666532573018688,
          "max": 0.4666532573018709
        },
        "S_A_given_B": {
          "mean": -0.23332662865093498,
          "std": 4.792108844171562e-16,
          "min": -0.23332662865093565,
          "max": -0.233326628650934
        },
        "I_c_A_to_B": {
          "mean": 0.23332662865093498,
          "std": 4.792108844171562e-16,
          "min": 0.233326628650934,
          "max": 0.23332662865093565
        }
      },
      "base": {
        "I_AB": {
          "mean": 0.4666532573018698,
          "std": 4.1343231920638135e-16,
          "min": 0.4666532573018691,
          "max": 0.4666532573018707
        },
        "S_A_given_B": {
          "mean": -0.23332662865093484,
          "std": 3.1031676915590914e-16,
          "min": -0.2333266286509354,
          "max": -0.23332662865093426
        },
        "I_c_A_to_B": {
          "mean": 0.23332662865093484,
          "std": 3.1031676915590914e-16,
          "min": 0.23332662865093426,
          "max": 0.2333266286509354
        }
      }
    },
    "outer": {
      "fiber": {
        "I_AB": {
          "mean": 0.2676274974878192,
          "std": 3.516314866869299e-16,
          "min": 0.26762749748781844,
          "max": 0.26762749748782017
        },
        "S_A_given_B": {
          "mean": -0.1338137487439096,
          "std": 2.918050336547001e-16,
          "min": -0.13381374874391017,
          "max": -0.1338137487439089
        },
        "I_c_A_to_B": {
          "mean": 0.1338137487439096,
          "std": 2.918050336547001e-16,
          "min": 0.1338137487439089,
          "max": 0.13381374874391017
        }
      },
      "base": {
        "I_AB": {
          "mean": 0.26762749748781944,
          "std": 6.500377141355412e-16,
          "min": 0.2676274974878181,
          "max": 0.2676274974878209
        },
        "S_A_given_B": {
          "mean": -0.13381374874390978,
          "std": 5.662324500519774e-16,
          "min": -0.13381374874391108,
          "max": -0.13381374874390892
        },
        "I_c_A_to_B": {
          "mean": 0.13381374874390978,
          "std": 5.662324500519774e-16,
          "min": 0.13381374874390892,
          "max": 0.13381374874391108
        }
      }
    }
  },
  "engine_bakeoff": [
    {
      "engine_type": 1,
      "torus": "inner",
      "eta": 0.39269908169872414,
      "runtime_GA0_entropy": 0.9967418770238684,
      "runtime_GA3_chirality": 0.8572406320296427,
      "xi_shell": {
        "I_AB": 0.2676274974878188,
        "S_A_given_B": -0.13381374874390958,
        "I_c_A_to_B": 0.13381374874390958,
        "eta": 0.3926990816987242,
        "eta_in": 0.19634954084936213,
        "eta_out": 0.5890486225480862,
        "weight_in": 0.8535533905932737,
        "weight_out": 0.1464466094067263
      },
      "xi_hist_outer": {
        "I_AB": 0.0006191165197415582,
        "S_A_given_B": 0.42931169868502606,
        "I_c_A_to_B": -0.42931169868502606,
        "eta_start": 0.39269908169872414,
        "eta_end": 0.39269908169872414,
        "n_samples": 5
      },
      "xi_hist_cycle": {
        "I_AB": 0.00021821227844065483,
        "S_A_given_B": 0.41709901997770205,
        "I_c_A_to_B": -0.41709901997770205,
        "eta_start": 0.39269908169872414,
        "eta_end": 0.39269908169872414,
        "n_samples": 9
      },
      "xi_lr_control": {
        "I_AB": 4.805139755722375e-16,
        "S_A_given_B": -1.6017132519074573e-16,
        "I_c_A_to_B": 1.6017132519074573e-16,
        "eta": 0.39269908169872414,
        "theta1": 2.4377273884599253,
        "theta2": 2.375385535248382
      }
    },
    {
      "engine_type": 1,
      "torus": "clifford",
      "eta": 0.7853981633974483,
      "runtime_GA0_entropy": 0.9988753691146914,
      "runtime_GA3_chirality": 0.8838638523650748,
      "xi_shell": {
        "I_AB": 0.46665325730187024,
        "S_A_given_B": -0.2333266286509351,
        "I_c_A_to_B": 0.2333266286509351,
        "eta": 0.7853981633974482,
        "eta_in": 0.5890486225480861,
        "eta_out": 0.9817477042468102,
        "weight_in": 0.5000000000000002,
        "weight_out": 0.4999999999999999
      },
      "xi_hist_outer": {
        "I_AB": 0.0017062327201635696,
        "S_A_given_B": 0.6470862894708199,
        "I_c_A_to_B": -0.6470862894708199,
        "eta_start": 0.7853981633974483,
        "eta_end": 0.7853981633974483,
        "n_samples": 5
      },
      "xi_hist_cycle": {
        "I_AB": 0.0022586374315471947,
        "S_A_given_B": 0.5504212638732583,
        "I_c_A_to_B": -0.5504212638732583,
        "eta_start": 0.7853981633974483,
        "eta_end": 0.7853981633974483,
        "n_samples": 9
      },
      "xi_lr_control": {
        "I_AB": 0.0,
        "S_A_given_B": 0.0,
        "I_c_A_to_B": -0.0,
        "eta": 0.7853981633974483,
        "theta1": 2.4583640812414016,
        "theta2": 2.397652472890085
      }
    },
    {
      "engine_type": 1,
      "torus": "outer",
      "eta": 1.1780972450961724,
      "runtime_GA0_entropy": 0.9971201992341865,
      "runtime_GA3_chirality": 0.8559345635163219,
      "xi_shell": {
        "I_AB": 0.26762749748781905,
        "S_A_given_B": -0.13381374874390956,
        "I_c_A_to_B": 0.13381374874390956,
        "eta": 1.1780972450961724,
        "eta_in": 0.9817477042468103,
        "eta_out": 1.3744467859455345,
        "weight_in": 0.1464466094067263,
        "weight_out": 0.8535533905932737
      },
      "xi_hist_outer": {
        "I_AB": 0.0006191165197400039,
        "S_A_given_B": 0.4293116986850296,
        "I_c_A_to_B": -0.4293116986850296,
        "eta_start": 1.1780972450961724,
        "eta_end": 1.1780972450961724,
        "n_samples": 5
      },
      "xi_hist_cycle": {
        "I_AB": 0.00024349728296191309,
        "S_A_given_B": 0.4298927069364781,
        "I_c_A_to_B": -0.4298927069364781,
        "eta_start": 1.1780972450961724,
        "eta_end": 1.1780972450961724,
        "n_samples": 9
      },
      "xi_lr_control": {
        "I_AB": 9.860761315262648e-32,
        "S_A_given_B": 3.2034265038149167e-16,
        "I_c_A_to_B": -3.2034265038149167e-16,
        "eta": 1.1780972450961724,
        "theta1": 2.4372371866509015,
        "theta2": 2.3744051316303354
      }
    },
    {
      "engine_type": 2,
      "torus": "inner",
      "eta": 0.39269908169872414,
      "runtime_GA0_entropy": 0.9995663557424679,
      "runtime_GA3_chirality": 0.8103662752273947,
      "xi_shell": {
        "I_AB": 0.2676274974878195,
        "S_A_given_B": -0.13381374874390964,