{
  "schema": "AXIS0_XI_BAKEOFF_V1",
  "timestamp": "2026-04-01T10:54:04.708250+00:00",
  "pointwise_geometry": {
    "inner": {
      "fiber": {
        "I_AB": {
          "mean": 0.2676274974878191,
          "std": 2.8168832724973556e-16,
          "min": 0.2676274974878186,
          "max": 0.2676274974878196
        },
        "S_A_given_B": {
          "mean": -0.13381374874390972,
          "std": 2.4786521584512986e-16,
          "min": -0.13381374874391008,
          "max": -0.13381374874390928
        },
        "I_c_A_to_B": {
          "mean": 0.13381374874390972,
          "std": 2.4786521584512986e-16,
          "min": 0.13381374874390928,
          "max": 0.13381374874391008
        }
      },
      "base": {
        "I_AB": {
          "mean": 0.26762749748781917,
          "std": 4.65164733456768e-16,
          "min": 0.2676274974878182,
          "max": 0.2676274974878202
        },
        "S_A_given_B": {
          "mean": -0.1338137487439097,
          "std": 3.7367087251761354e-16,
          "min": -0.1338137487439107,
          "max": -0.133813748743909
        },
        "I_c_A_to_B": {
          "mean": 0.1338137487439097,
          "std": 3.7367087251761354e-16,
          "min": 0.133813748743909,
          "max": 0.1338137487439107
        }
      }
    },
    "clifford": {
      "fiber": {
        "I_AB": {
          "mean": 0.46665325730186985,
          "std": 5.917212721286936e-16,
          "min": 0.4666532573018688,
          "max": 0.4666532573018709
        },
        "S_A_given_B": {
          "mean": -0.23332662865093498,
          "std": 4.792108844171562e-16,
          "min": -0.23332662865093565,
          "max": -0.233326628650934
        },
        "I_c_A_to_B": {
          "mean": 0.23332662865093498,
          "std": 4.792108844171562e-16,
          "min": 0.233326628650934,
          "max": 0.23332662865093565
        }
      },
      "base": {
        "I_AB": {
          "mean": 0.4666532573018698,
          "std": 4.1343231920638135e-16,
          "min": 0.4666532573018691,
          "max": 0.4666532573018707
        },
        "S_A_given_B": {
          "mean": -0.23332662865093484,
          "std": 3.1031676915590914e-16,
          "min": -0.2333266286509354,
          "max": -0.23332662865093426
        },
        "I_c_A_to_B": {
          "mean": 0.23332662865093484,
          "std": 3.1031676915590914e-16,
          "min": 0.23332662865093426,
          "max": 0.2333266286509354
        }
      }
    },
    "outer": {
      "fiber": {
        "I_AB": {
          "mean": 0.2676274974878192,
          "std": 3.516314866869299e-16,
          "min": 0.26762749748781844,
          "max": 0.26762749748782017
        },
        "S_A_given_B": {
          "mean": -0.1338137487439096,
          "std": 2.918050336547001e-16,
          "min": -0.13381374874391017,
          "max": -0.1338137487439089
        },
        "I_c_A_to_B": {
          "mean": 0.1338137487439096,
          "std": 2.918050336547001e-16,
          "min": 0.1338137487439089,
          "max": 0.13381374874391017
        }
      },
      "base": {
        "I_AB": {
          "mean": 0.26762749748781944,
          "std": 6.500377141355412e-16,
          "min": 0.2676274974878181,
          "max": 0.2676274974878209
        },
        "S_A_given_B": {
          "mean": -0.13381374874390978,
          "std": 5.662324500519774e-16,
          "min": -0.13381374874391108,
          "max": -0.13381374874390892
        },
        "I_c_A_to_B": {
          "mean": 0.13381374874390978,
          "std": 5.662324500519774e-16,
          "min": 0.13381374874390892,
          "max": 0.13381374874391108
        }
      }
    }
  },
  "engine_bakeoff": [
    {
      "engine_type": 1,
      "torus": "inner",
      "eta": 0.39269908169872414,
      "runtime_GA0_entropy": 0.9999631188959968,
      "runtime_GA3_chirality": 0.8341000282789467,
      "xi_shell": {
        "I_AB": 0.26762749748781894,
        "S_A_given_B": -0.1338137487439092,
        "I_c_A_to_B": 0.1338137487439092,
        "eta": 0.3926990816987242,
        "eta_in": 0.19634954084936213,
        "eta_out": 0.5890486225480862,
        "weight_in": 0.8535533905932737,
        "weight_out": 0.1464466094067263
      },
      "xi_hist_outer": {
        "I_AB": 0.001480605242187405,
        "S_A_given_B": 0.4287096494628969,
        "I_c_A_to_B": -0.4287096494628969,
        "eta_start": 0.39269908169872414,
        "eta_end": 0.39269908169872414,
        "n_samples": 5
      },
      "xi_hist_cycle": {
        "I_AB": 0.0008952601591524223,
        "S_A_given_B": 0.4370694890099461,
        "I_c_A_to_B": -0.4370694890099461,
        "eta_start": 0.39269908169872414,
        "eta_end": 0.39269908169872414,
        "n_samples": 9
      },
      "xi_lr_control": {
        "I_AB": 1.6017132519074583e-16,
        "S_A_given_B": 1.6017132519074593e-16,
        "I_c_A_to_B": -1.6017132519074593e-16,
        "eta": 0.39269908169872414,
        "theta1": 2.4371321177097984,
        "theta2": 2.373577679822981
      }
    },
    {
      "engine_type": 1,
      "torus": "clifford",
      "eta": 0.7853981633974483,
      "runtime_GA0_entropy": 0.9986270617113389,
      "runtime_GA3_chirality": 0.8297521277886263,
      "xi_shell": {
        "I_AB": 0.4666532573018704,
        "S_A_given_B": -0.23332662865093506,
        "I_c_A_to_B": 0.23332662865093506,
        "eta": 0.7853981633974482,
        "eta_in": 0.5890486225480861,
        "eta_out": 0.9817477042468102,
        "weight_in": 0.5000000000000002,
        "weight_out": 0.4999999999999999
      },
      "xi_hist_outer": {
        "I_AB": 0.005638841501288461,
        "S_A_given_B": 0.6426984375732345,
        "I_c_A_to_B": -0.6426984375732345,
        "eta_start": 0.7853981633974483,
        "eta_end": 0.7853981633974483,
        "n_samples": 5
      },
      "xi_hist_cycle": {
        "I_AB": 0.004772431349717721,
        "S_A_given_B": 0.5701766993684402,
        "I_c_A_to_B": -0.5701766993684402,
        "eta_start": 0.7853981633974483,
        "eta_end": 0.7853981633974483,
        "n_samples": 9
      },
      "xi_lr_control": {
        "I_AB": 0.0,
        "S_A_given_B": 0.0,
        "I_c_A_to_B": -0.0,
        "eta": 0.7853981633974483,
        "theta1": 2.451078771947384,
        "theta2": 2.383079762179419
      }
    },
    {
      "engine_type": 1,
      "torus": "outer",
      "eta": 1.1780972450961724,
      "runtime_GA0_entropy": 0.9999614577220106,
      "runtime_GA3_chirality": 0.8341439288828049,
      "xi_shell": {
        "I_AB": 0.2676274974878199,
        "S_A_given_B": -0.13381374874391014,
        "I_c_A_to_B": 0.13381374874391014,
        "eta": 1.1780972450961724,
        "eta_in": 0.9817477042468103,
        "eta_out": 1.3744467859455345,
        "weight_in": 0.1464466094067263,
        "weight_out": 0.8535533905932737
      },
      "xi_hist_outer": {
        "I_AB": 0.0014801821288501493,
        "S_A_given_B": 0.4281719414296751,
        "I_c_A_to_B": -0.4281719414296751,
        "eta_start": 1.1780972450961724,
        "eta_end": 1.1780972450961724,
        "n_samples": 5
      },
      "xi_hist_cycle": {
        "I_AB": 0.0008932027680734755,
        "S_A_given_B": 0.4376385287952933,
        "I_c_A_to_B": -0.4376385287952933,
        "eta_start": 1.1780972450961724,
        "eta_end": 1.1780972450961724,
        "n_samples": 9
      },
      "xi_lr_control": {
        "I_AB": 0.0,
        "S_A_given_B": 4.805139755722375e-16,
        "I_c_A_to_B": -4.805139755722375e-16,
        "eta": 1.1780972450961724,
        "theta1": 2.436516676495001,
        "theta2": 2.3733025628320945
      }
    },
    {
      "engine_type": 2,
      "torus": "inner",
      "eta": 0.39269908169872414,
      "runtime_GA0_entropy": 0.9999845601929107,
      "runtime_GA3_chirality": 0.7701346215217948,
      "xi_shell": {
        "I_AB": 0.2676274974878191,
        "S_A_given_B": -0.13381374874390956,
        "I_c_A_to_B": 0.13381374874390956,