{
  "schema": "AXIS0_XI_BAKEOFF_V1",
  "timestamp": "2026-03-29T10:10:53.245183+00:00",
  "pointwise_geometry": {
    "inner": {
      "fiber": {
        "I_AB": {
          "mean": 0.2676274974878191,
          "std": 2.8168832724973556e-16,
          "min": 0.2676274974878186,
          "max": 0.2676274974878196
        },
        "S_A_given_B": {
          "mean": -0.13381374874390972,
          "std": 2.4786521584512986e-16,
          "min": -0.13381374874391008,
          "max": -0.13381374874390928
        },
        "I_c_A_to_B": {
          "mean": 0.13381374874390972,
          "std": 2.4786521584512986e-16,
          "min": 0.13381374874390928,
          "max": 0.13381374874391008
        }
      },
      "base": {
        "I_AB": {
          "mean": 0.26762749748781917,
          "std": 4.65164733456768e-16,
          "min": 0.2676274974878182,
          "max": 0.2676274974878202
        },
        "S_A_given_B": {
          "mean": -0.1338137487439097,
          "std": 3.7367087251761354e-16,
          "min": -0.1338137487439107,
          "max": -0.133813748743909
        },
        "I_c_A_to_B": {
          "mean": 0.1338137487439097,
          "std": 3.7367087251761354e-16,
          "min": 0.133813748743909,
          "max": 0.1338137487439107
        }
      }
    },
    "clifford": {
      "fiber": {
        "I_AB": {
          "mean": 0.46665325730186985,
          "std": 5.917212721286936e-16,
          "min": 0.4666532573018688,
          "max": 0.4666532573018709
        },
        "S_A_given_B": {
          "mean": -0.23332662865093498,
          "std": 4.792108844171562e-16,
          "min": -0.23332662865093565,
          "max": -0.233326628650934
        },
        "I_c_A_to_B": {
          "mean": 0.23332662865093498,
          "std": 4.792108844171562e-16,
          "min": 0.233326628650934,
          "max": 0.23332662865093565
        }
      },
      "base": {
        "I_AB": {
          "mean": 0.4666532573018698,
          "std": 4.1343231920638135e-16,
          "min": 0.4666532573018691,
          "max": 0.4666532573018707
        },
        "S_A_given_B": {
          "mean": -0.23332662865093484,
          "std": 3.1031676915590914e-16,
          "min": -0.2333266286509354,
          "max": -0.23332662865093426
        },
        "I_c_A_to_B": {
          "mean": 0.23332662865093484,
          "std": 3.1031676915590914e-16,
          "min": 0.23332662865093426,
          "max": 0.2333266286509354
        }
      }
    },
    "outer": {
      "fiber": {
        "I_AB": {
          "mean": 0.2676274974878192,
          "std": 3.516314866869299e-16,
          "min": 0.26762749748781844,
          "max": 0.26762749748782017
        },
        "S_A_given_B": {
          "mean": -0.1338137487439096,
          "std": 2.918050336547001e-16,
          "min": -0.13381374874391017,
          "max": -0.1338137487439089
        },
        "I_c_A_to_B": {
          "mean": 0.1338137487439096,
          "std": 2.918050336547001e-16,
          "min": 0.1338137487439089,
          "max": 0.13381374874391017
        }
      },
      "base": {
        "I_AB": {
          "mean": 0.26762749748781944,
          "std": 6.500377141355412e-16,
          "min": 0.2676274974878181,
          "max": 0.2676274974878209
        },
        "S_A_given_B": {
          "mean": -0.13381374874390978,
          "std": 5.662324500519774e-16,
          "min": -0.13381374874391108,
          "max": -0.13381374874390892
        },
        "I_c_A_to_B": {
          "mean": 0.13381374874390978,
          "std": 5.662324500519774e-16,
          "min": 0.13381374874390892,
          "max": 0.13381374874391108
        }
      }
    }
  },
  "engine_bakeoff": [
    {
      "engine_type": 1,
      "torus": "inner",
      "eta": 0.39269908169872414,
      "runtime_GA0_entropy": 0.9546165086038495,
      "runtime_GA3_chirality": 0.8960686973263782,
      "xi_shell": {
        "I_AB": 0.26762749748781944,
        "S_A_given_B": -0.13381374874390983,
        "I_c_A_to_B": 0.13381374874390983,
        "eta": 0.3926990816987242,
        "eta_in": 0.19634954084936213,
        "eta_out": 0.5890486225480862,
        "weight_in": 0.8535533905932737,
        "weight_out": 0.1464466094067263
      },
      "xi_hist_outer": {
        "I_AB": 1.5098608785154661,
        "S_A_given_B": -0.7549304392577332,
        "I_c_A_to_B": 0.7549304392577332,
        "eta_a": 0.39269908169872414,
        "eta_b": 0.39269908169872414,
        "theta1_a": 0.0,
        "theta1_b": 1.0315336186093382,
        "theta2_a": 0.0,
        "theta2_b": 0.5157668093046691
      },
      "xi_hist_cycle": {
        "I_AB": 1.9993758556041519,
        "S_A_given_B": -0.9996879278020763,
        "I_c_A_to_B": 0.9996879278020763,
        "eta_a": 0.39269908169872414,
        "eta_b": 0.39269908169872414,
        "theta1_a": 0.0,
        "theta1_b": 1.5496516305292543,
        "theta2_a": 0.0,
        "theta2_b": 1.5520028331445028
      },
      "xi_lr_control": {
        "I_AB": 6.406853007629832e-16,
        "S_A_given_B": -3.2034265038149157e-16,
        "I_c_A_to_B": 3.2034265038149157e-16,
        "eta": 0.39269908169872414,
        "theta1": 1.5496516305292543,
        "theta2": 1.5520028331445028
      }
    },
    {
      "engine_type": 1,
      "torus": "clifford",
      "eta": 0.7853981633974483,
      "runtime_GA0_entropy": 0.967975824538795,
      "runtime_GA3_chirality": 0.8272489670503167,
      "xi_shell": {
        "I_AB": 0.46665325730186913,
        "S_A_given_B": -0.2333266286509348,
        "I_c_A_to_B": 0.2333266286509348,
        "eta": 0.7853981633974482,
        "eta_in": 0.5890486225480861,
        "eta_out": 0.9817477042468102,
        "weight_in": 0.5000000000000002,
        "weight_out": 0.4999999999999999
      },
      "xi_hist_outer": {
        "I_AB": 1.234463526913866,
        "S_A_given_B": -0.617231763456933,
        "I_c_A_to_B": 0.617231763456933,
        "eta_a": 0.7853981633974483,
        "eta_b": 0.7853981633974483,
        "theta1_a": 0.0,
        "theta1_b": 1.0272841760941436,
        "theta2_a": 0.0,
        "theta2_b": 0.5136420880470718
      },
      "xi_hist_cycle": {
        "I_AB": 1.9992264927328318,
        "S_A_given_B": -0.9996132463664161,
        "I_c_A_to_B": 0.9996132463664161,
        "eta_a": 0.7853981633974483,
        "eta_b": 0.7853981633974483,
        "theta1_a": 0.0,
        "theta1_b": 1.545402238968815,
        "theta2_a": 0.0,
        "theta2_b": 1.549878213796414
      },
      "xi_lr_control": {
        "I_AB": 6.406853007629834e-16,
        "S_A_given_B": -4.805139755722376e-16,
        "I_c_A_to_B": 4.805139755722376e-16,
        "eta": 0.7853981633974483,
        "theta1": 1.545402238968815,
        "theta2": 1.549878213796414
      }
    },
    {
      "engine_type": 1,
      "torus": "outer",
      "eta": 1.1780972450961724,
      "runtime_GA0_entropy": 0.9865417842257389,
      "runtime_GA3_chirality": 0.6571534251489579,
      "xi_shell": {
        "I_AB": 0.26762749748782055,
        "S_A_given_B": -0.13381374874391033,
        "I_c_A_to_B": 0.13381374874391033,
        "eta": 1.1780972450961724,
        "eta_in": 0.9817477042468103,
        "eta_out": 1.3744467859455345,
        "weight_in": 0.1464466094067263,
        "weight_out": 0.8535533905932737
      },
      "xi_hist_outer": {
        "I_AB": 0.8805286390303517,
        "S_A_given_B": -0.4402643195151754,
        "I_c_A_to_B": 0.4402643195151754,
        "eta_a": 1.1780972450961724,
        "eta_b": 1.1780972450961724,
        "theta1_a": 0.0,
        "theta1_b": 1.0315336186093382,
        "theta2_a": 0.0,
        "theta2_b": 0.5157668093046691
      },
      "xi_hist_cycle": {
        "I_AB": 1.9994716367314052,
        "S_A_given_B": -0.9997358183657024,
        "I_c_A_to_B": 0.9997358183657024,
        "eta_a": 1.1780972450961724,
        "eta_b": 1.1780972450961724,
        "theta1_a": 0.0,
        "theta1_b": 1.5496516305292543,
        "theta2_a": 0.0,