{
  "timestamp": "2026-04-15T07:54:09.625360+00:00",
  "probe": "sim_axis0_attractor_basin_boundary",
  "q1_trajectory_lr_asym": {
    "configs": [
      {
        "engine_type": 1,
        "torus": "inner",
        "eta": 0.25,
        "n_steps": 8,
        "lr_asym_mean": 0.9481958475481461,
        "lr_asym_std": 0.05965215619883217,
        "lr_asym_min": 0.8299096353082631,
        "lr_asym_max": 0.9964417466674378,
        "constant_at_1": false,
        "asym_series": [
          0.8634979481276803,
          0.8299096353082631,
          0.9818500340188426,
          0.9964417466674378,
          0.9777252526910716,
          0.9710414016600907,
          0.9759537283910251,
          0.9891470335207576
        ]
      },
      {
        "engine_type": 1,
        "torus": "inner",
        "eta": 0.5,
        "n_steps": 8,
        "lr_asym_mean": 0.9233779212642873,
        "lr_asym_std": 0.10740348979237613,
        "lr_asym_min": 0.7074367208572194,
        "lr_asym_max": 0.9956983461143035,
        "constant_at_1": false,
        "asym_series": [
          0.7074367208572194,
          0.7720993029243768,
          0.9783924061133745,
          0.9956983461143035,
          0.9809610924145346,
          0.9771921374635161,
          0.9828727831927354,
          0.9923705810342381
        ]
      },
      {
        "engine_type": 1,
        "torus": "outer",
        "eta": 0.75,
        "n_steps": 8,
        "lr_asym_mean": 0.9047839134406866,
        "lr_asym_std": 0.14791679771349753,
        "lr_asym_min": 0.5803230021906318,
        "lr_asym_max": 0.9960596075665503,
        "constant_at_1": false,
        "asym_series": [
          0.5803230021906318,
          0.7351880352102658,
          0.9752483903727748,
          0.9948686989399322,
          0.9838206579731956,
          0.9830274544373856,
          0.9897354608347569,
          0.9960596075665503
        ]
      },
      {
        "engine_type": 1,
        "torus": "clifford",
        "eta": 0.5,
        "n_steps": 8,
        "lr_asym_mean": 0.9233779212642873,
        "lr_asym_std": 0.10740348979237613,
        "lr_asym_min": 0.7074367208572194,
        "lr_asym_max": 0.9956983461143035,
        "constant_at_1": false,
        "asym_series": [
          0.7074367208572194,
          0.7720993029243768,
          0.9783924061133745,
          0.9956983461143035,
          0.9809610924145346,
          0.9771921374635161,
          0.9828727831927354,
          0.9923705810342381
        ]
      },
      {
        "engine_type": 2,
        "torus": "inner",
        "eta": 0.25,
        "n_steps": 8,
        "lr_asym_mean": 0.9397653836568536,
        "lr_asym_std": 0.07766571089493565,
        "lr_asym_min": 0.7626615086722742,
        "lr_asym_max": 0.9966984757811925,
        "constant_at_1": false,
        "asym_series": [
          0.8634979481276803,
          0.9835187779891832,
          0.9966984757811925,
          0.7626615086722742,
          0.9708682082809246,
          0.9827773524303022,
          0.9764599913883426,
          0.9816408065849294
        ]
      },
      {
        "engine_type": 2,
        "torus": "inner",
        "eta": 0.5,
        "n_steps": 8,
        "lr_asym_mean": 0.9083926511071644,
        "lr_asym_std": 0.1275526211489409,
        "lr_asym_min": 0.6693688356359193,
        "lr_asym_max": 0.9952534082955897,
        "constant_at_1": false,
        "asym_series": [
          0.7074367208572198,
          0.9754524852317765,
          0.9952534082955897,
          0.6693688356359193,
          0.9703023663413383,
          0.9839162968200273,
          0.9796691523273414,
          0.9857419433481025
        ]
      },
      {
        "engine_type": 2,
        "torus": "outer",
        "eta": 0.75,
        "n_steps": 8,
        "lr_asym_mean": 0.881901072652295,
        "lr_asym_std": 0.17349942627124978,
        "lr_asym_min": 0.5803230021906318,
        "lr_asym_max": 0.9939969485916695,
        "constant_at_1": false,
        "asym_series": [
          0.5803230021906318,
          0.970284695593238,
          0.9939969485916695,
          0.5831334244301706,
          0.9688536092301895,
          0.9849174522135347,
          0.9832262041473793,
          0.9904732448215472
        ]
      },
      {
        "engine_type": 2,
        "torus": "clifford",
        "eta": 0.5,
        "n_steps": 8,
        "lr_asym_mean": 0.9083926511071644,
        "lr_asym_std": 0.1275526211489409,
        "lr_asym_min": 0.6693688356359193,
        "lr_asym_max": 0.9952534082955897,
        "constant_at_1": false,
        "asym_series": [
          0.7074367208572198,
          0.9754524852317765,
          0.9952534082955897,
          0.6693688356359193,
          0.9703023663413383,
          0.9839162968200273,
          0.9796691523273414,
          0.9857419433481025
        ]
      }
    ],
    "interpretation": "lr_asym varies on trajectory \u2014 instantaneous MI changes are non-zero."
  },
  "q2_cross_temporal": {
    "configs": [
      {
        "engine_type": 1,
        "torus": "inner",
        "steps": [
          {
            "step_idx": 1,
            "op": "Ti",
            "lr_asym": 0.8299096353082631,
            "d_mi_inst": -0.10735064222112922,
            "d_mi_fwd": 0.47535442560754393,
            "d_ga0": -0.16767769702070906,
            "coarises_inst": true,
            "coarises_fwd": false
          },
          {
            "step_idx": 2,
            "op": "Fe",
            "lr_asym": 0.9818500340188426,
            "d_mi_inst": 0.4981609534874354,
            "d_mi_fwd": 0.19196054806525753,
            "d_ga0": -0.22948130579900647,
            "coarises_inst": false,
            "coarises_fwd": false
          },
          {
            "step_idx": 3,
            "op": "Fe",
            "lr_asym": 0.9964417466674378,
            "d_mi_inst": 0.03208370577602482,
            "d_mi_fwd": -0.02130048249862715,
            "d_ga0": -0.0331250035655107,
            "coarises_inst": false,
            "coarises_fwd": true
          },
          {
            "step_idx": 4,
            "op": "Fi",
            "lr_asym": 0.9777252526910716,
            "d_mi_inst": -0.04573098562201672,
            "d_mi_fwd": -0.052078121472770356,
            "d_ga0": -0.0030167507712244943,
            "coarises_inst": true,
            "coarises_fwd": true
          },
          {
            "step_idx": 5,
            "op": "Te",
            "lr_asym": 0.9710414016600907,
            "d_mi_inst": -0.025302342204020833,
            "d_mi_fwd": 0.04814908842405319,
            "d_ga0": 0.050485864457862795,
            "coarises_inst": false,
            "coarises_fwd": true
          },
          {
            "step_idx": 6,
            "op": "Te",
            "lr_asym": 0.9759537283910251,
            "d_mi_inst": 0.017388627763014197,
            "d_mi_fwd": -0.024747288097491937,
            "d_ga0": 0.06020283110185012,
            "coarises_inst": true,
            "coarises_fwd": false
          },
          {
            "step_idx": 7,
            "op": "Fi",
            "lr_asym": 0.9891470335207576,
            "d_mi_inst": 0.04979003009406213,
            "d_mi_fwd": 0.046708363632798955,
            "d_ga0": -0.09765515649680787,
            "coarises_inst": false,
            "coarises_fwd": false
          }
        ],
        "coarising_instantaneous_rate": 0.42857142857142855,
        "coarising_forward_rate": 0.42857142857142855,
        "zero_mi_steps_inst": 0
      },
      {
        "engine_type": 1,
        "torus": "inner",
        "steps": [
          {
            "step_idx": 1,
            "op": "Ti",
            "lr_asym": 0.7720993029243768,
            "d_mi_inst": 0.18938955528248025,
            "d_mi_fwd": 0.8985523981993386,
            "d_ga0": -0.39774206766529585,
            "coarises_inst": false,
            "coarises_fwd": false
          },
          {
            "step_idx": 2,