{
  "name": "bridge_operator_cut_analysis",
  "investigation_1_operator_per_cut": {
    "Fe_only": {
      "cut1_1vs23": {
        "max_ic": 0.99938488,
        "positive_cycles": 20,
        "trajectory": [
          0.23985457,
          0.61394574,
          0.90309486,
          0.99938488,
          0.87119695,
          0.56100126,
          0.18878841,
          0.00992262,
          0.29324247,
          0.66492375,
          0.93075093,
          0.99447024,
          0.83528761,
          0.50656728,
          0.14096222,
          0.03283945,
          0.34813898,
          0.71349776,
          0.95396855,
          0.98467454
        ]
      },
      "cut2_12vs3": {
        "max_ic": 0.0,
        "positive_cycles": 0,
        "trajectory": [
          0.0,
          -0.0,
          0.0,
          0.0,
          -0.0,
          0.0,
          -0.0,
          -0.0,
          0.0,
          0.0,
          0.0,
          -0.0,
          -0.0,
          -0.0,
          -0.0,
          -0.0,
          -0.0,
          0.0,
          0.0,
          0.0
        ]
      },
      "cut3_13vs2": {
        "max_ic": 0.99938488,
        "positive_cycles": 20,
        "trajectory": [
          0.23985457,
          0.61394574,
          0.90309486,
          0.99938488,
          0.87119695,
          0.56100126,
          0.18878841,
          0.00992262,
          0.29324247,
          0.66492375,
          0.93075093,
          0.99447024,
          0.83528761,
          0.50656728,
          0.14096222,
          0.03283945,
          0.34813898,
          0.71349776,
          0.95396855,
          0.98467454
        ]
      }
    },
    "Fi_only": {
      "cut1_1vs23": {
        "max_ic": 0.0,
        "positive_cycles": 0,
        "trajectory": [
          0.0,
          0.0,
          -0.0,
          0.0,
          -0.0,
          0.0,
          -0.0,
          0.0,
          0.0,
          0.0,
          0.0,
          0.0,
          0.0,
          0.0,
          0.0,
          0.0,
          0.0,
          0.0,
          0.0,
          0.0
        ]
      },
      "cut2_12vs3": {
        "max_ic": 0.0,
        "positive_cycles": 0,
        "trajectory": [
          0.0,
          0.0,
          -0.0,
          0.0,
          -0.0,
          0.0,
          -0.0,
          0.0,
          0.0,
          0.0,
          0.0,
          0.0,
          0.0,
          0.0,
          0.0,
          0.0,
          0.0,
          0.0,
          0.0,
          0.0
        ]
      },
      "cut3_13vs2": {
        "max_ic": 0.0,
        "positive_cycles": 0,
        "trajectory": [
          0.0,
          0.0,
          -0.0,
          -0.0,
          -0.0,
          -0.0,
          -0.0,
          -0.0,
          -0.0,
          -0.0,
          -0.0,
          -0.0,
          -0.0,
          -0.0,
          -0.0,
          -0.0,
          -0.0,
          -0.0,
          -0.0,
          -0.0
        ]
      }
    },
    "both": {
      "cut1_1vs23": {
        "max_ic": 0.99938488,
        "positive_cycles": 20,
        "trajectory": [
          0.23985457,
          0.61394574,
          0.90309486,
          0.99938488,
          0.87119695,
          0.56100126,
          0.18878841,
          0.00992262,
          0.29324247,
          0.66492375,
          0.93075093,
          0.99447024,
          0.83528761,
          0.50656728,
          0.14096222,
          0.03283945,
          0.34813898,
          0.71349776,
          0.95396855,
          0.98467454
        ]
      },
      "cut2_12vs3": {
        "max_ic": 0.0,
        "positive_cycles": 0,
        "trajectory": [
          0.0,
          0.0,
          0.0,
          0.0,
          0.0,
          -0.0,
          0.0,
          0.0,
          0.0,
          0.0,
          0.0,
          0.0,
          0.0,
          0.0,
          0.0,
          0.0,
          0.0,
          0.0,
          0.0,
          0.0
        ]
      },
      "cut3_13vs2": {
        "max_ic": 0.99938488,
        "positive_cycles": 20,
        "trajectory": [
          0.23985457,
          0.61394574,
          0.90309486,
          0.99938488,
          0.87119695,
          0.56100126,
          0.18878841,
          0.00992262,
          0.29324247,
          0.66492375,
          0.93075093,
          0.99447024,
          0.83528761,
          0.50656728,
          0.14096222,
          0.03283945,
          0.34813898,
          0.71349776,
          0.95396855,
          0.98467454
        ]
      }
    },
    "no_Fi": {
      "cut1_1vs23": {
        "max_ic": 0.6471561,
        "positive_cycles": 20,
        "trajectory": [
          0.1825126,
          0.45442784,
          0.63280603,
          0.6471561,
          0.50291777,
          0.26950013,
          0.06426185,
          0.00180574,
          0.09141328,
          0.23359799,
          0.32931528,
          0.33101159,
          0.24470686,
          0.1188797,
          0.02202405,
          0.0035477,
          0.05791295,
          0.13514535,
          0.18347753,
          0.17752302
        ]
      },
      "cut2_12vs3": {
        "max_ic": -0.12716372,
        "positive_cycles": 0,
        "trajectory": [
          -0.12716372,
          -0.21593879,
          -0.2892952,
          -0.35238135,
          -0.40774183,
          -0.45693025,
          -0.50100719,
          -0.54074885,
          -0.57675103,
          -0.609487,
          -0.63934255,
          -0.66663855,
          -0.69164615,
          -0.71459745,
          -0.73569328,
          -0.7551089,
          -0.77299842,
          -0.78949825,
          -0.80472973,
          -0.81880135
        ]
      },
      "cut3_13vs2": {
        "max_ic": 0.6471561,
        "positive_cycles": 20,
        "trajectory": [
          0.1825126,
          0.45442784,
          0.63280603,
          0.6471561,
          0.50291777,
          0.26950013,
          0.06426185,
          0.00180574,
          0.09141328,
          0.23359799,
          0.32931528,
          0.33101159,
          0.24470686,
          0.1188797,
          0.02202405,
          0.0035477,
          0.05791295,
          0.13514535,
          0.18347753,
          0.17752302
        ]
      }
    },
    "no_Fe": {
      "cut1_1vs23": {
        "max_ic": 0.0,
        "positive_cycles": 0,
        "trajectory": [
          0.0,
          0.0,
          -0.0,
          0.0,
          -0.0,
          0.0,
          -0.0,
          0.0,
          0.0,
          0.0,
          0.0,
          0.0,
          0.0,
          0.0,
          0.0,
          0.0,
          0.0,
          0.0,
          0.0,
          0.0
        ]
      },
      "cut2_12vs3": {
        "max_ic": -0.12716372,
        "positive_cycles": 0,
        "trajectory": [
          -0.12716372,
          -0.21593879,
          -0.2892952,
          -0.35238135,
          -0.40774183,
          -0.45693025,
          -0.50100719,
          -0.54074885,
          -0.57675103,
          -0.609487,
          -0.63934255,
          -0.66663855,
          -0.69164615,
          -0.71459745,
          -0.73569328,
          -0.7551089,
          -0.77299842,
          -0.78949825,
          -0.80472973,
          -0.81880135
        ]
      },
      "cut3_13vs2": {
        "max_ic": 0.0,
        "positive_cycles": 0,
        "trajectory": [
          0.0,
          0.0,
          -0.0,
          0.0,
          -0.0,
          0.0,
          -0.0,
          0.0,
          0.0,
          0.0,
          0.0,
          0.0,
          0.0,
          0.0,
          0.0,
          -0.0,
          0.0,
          -0.0,
          0.0,
          -0.0
        ]
      }
    }
  },
  "investigation_2_initial_states": {
    "000": {
      "cut1_max_ic": 0.6471561,
      "cut2_max_ic": -0.12716372,
      "cut3_max_ic": 0.6471561,