{
  "name": "carnot_gradient_bound_validation",
  "timestamp": "2026-04-02T01:02:18.462778+00:00",
  "passed_gates": 3,
  "total_gates": 3,
  "score": 1.0,
  "gates": [
    {
      "name": "CB1_carnot_probe_surface_is_complete_and_structured",
      "pass": true,
      "detail": {
        "n_points": 54,
        "torus_names": [
          "clifford",
          "inner",
          "outer"
        ],
        "engine_types": [
          1,
          2
        ]
      }
    },
    {
      "name": "CB2_static_and_runtime_denominators_both_fail_to_produce_a_stable_carnot_bound",
      "pass": true,
      "detail": {
        "r_ga0_work": 0.0018632964025046112,
        "r_curve_work": -0.9424811233753201,
        "efficiency_mean": 11.763704888591374,
        "efficiency_cv": 0.9574754077392711,
        "runtime_efficiency_mean": 24.57146609021983,
        "runtime_efficiency_cv": 0.9762435872936333,
        "hybrid_efficiency_mean": 69.49860118435896,
        "hybrid_efficiency_cv": 0.9762435872936335
      }
    },
    {
      "name": "CB3_inner_outer_runtime_work_beats_clifford_while_ax0_ax5_stay_coupled",
      "pass": true,
      "detail": {
        "mean_work_by_torus": {
          "inner": 1.580043083851483,
          "clifford": 1.132409171578886,
          "outer": 1.5800479814793225
        },
        "mean_eta_delta_by_torus": {
          "inner": 0.2208701285788685,
          "clifford": 0.0,
          "outer": 0.22087012857886862
        },
        "r_ax0_ax5": -0.6032430886940445,
        "mean_ga5_delta_by_engine": {
          "1": -0.21579114915909145,
          "2": -0.4251847381138147
        }
      }
    }
  ]
}
