{
  "name": "carnot_gradient_bound_validation",
  "timestamp": "2026-04-14T12:12:59.400097+00:00",
  "passed_gates": 2,
  "total_gates": 3,
  "score": 0.6666666666666666,
  "gates": [
    {
      "name": "CB1_carnot_probe_surface_is_complete_and_structured",
      "pass": true,
      "detail": {
        "n_points": 54,
        "torus_names": [
          "clifford",
          "inner",
          "outer"
        ],
        "engine_types": [
          1,
          2
        ]
      }
    },
    {
      "name": "CB2_static_and_runtime_denominators_both_fail_to_produce_a_stable_carnot_bound",
      "pass": false,
      "detail": {
        "r_ga0_work": -0.2413636478308189,
        "r_curve_work": -0.9419387432240778,
        "efficiency_mean": 19.768812070232144,
        "efficiency_cv": 0.9653940787097879,
        "runtime_efficiency_mean": 40.61870250834672,
        "runtime_efficiency_cv": 0.9957343598182221,
        "hybrid_efficiency_mean": 114.88703994660396,
        "hybrid_efficiency_cv": 0.9957343598182221
      }
    },
    {
      "name": "CB3_inner_outer_runtime_work_beats_clifford_while_ax0_ax5_stay_coupled",
      "pass": true,
      "detail": {
        "mean_work_by_torus": {
          "inner": 2.5723556074485874,
          "clifford": 1.9441843530554483,
          "outer": 2.5723112023341113
        },
        "mean_eta_delta_by_torus": {
          "inner": 0.2208701285788685,
          "clifford": 0.0,
          "outer": 0.22087012857886862
        },
        "r_ax0_ax5": -0.8009787724010606,
        "mean_ga5_delta_by_engine": {
          "1": -0.42655403923304724,
          "2": -0.4628278034397542
        }
      }
    }
  ]
}
