{
  "sim": "chirality_mirror_symmetry",
  "timestamp": "2026-04-05",
  "trace_distances": {
    "T1L_T2R": 0.6423252524121218,
    "T1R_T2L": 0.6537062469515053,
    "T1L_T2L": 0.5018512602162246,
    "T1R_T2R": 0.45437524745210817
  },
  "verdict": "NOT A SIMPLE MIRROR \u2014 relationship is more complex",
  "ga0_forward_correlation": -0.18317786093895566,
  "ga0_reverse_correlation": -0.3520112816503458
}