{
  "type1": {
    "optimal_piston": 0.825,
    "C_peak": 0.23423818795285006,
    "C_peak_cycle": 95,
    "C_mean": 0.2079733240507563,
    "C_final": 0.2340815707174472,
    "S_peak": 0.3858734132319067,
    "S_mean": 0.34461473155805483,
    "I_c_closest_zero": -0.053748046264750216,
    "I_c_mean": -0.07815452460516688,
    "oscillation_maxima": [
      95
    ],
    "oscillation_period": null,
    "bloch_L_betti": [
      1,
      0
    ],
    "bloch_final": [
      -0.04773884098206367,
      -0.8717758256073787,
      -0.0012591059762263046
    ],
    "shell_count": 2
  },
  "type2": {
    "optimal_piston": 0.575,
    "C_peak": 0.04161563493081224,
    "C_peak_cycle": 62,
    "C_mean": 0.012554041035505005,
    "C_final": 0.0,
    "S_peak": 0.5846907352609253,
    "S_mean": 0.4821397153253089,
    "I_c_closest_zero": -0.11012001888975098,
    "I_c_mean": -0.173792017466719,
    "oscillation_maxima": [
      6,
      62
    ],
    "oscillation_period": 56.0,
    "bloch_L_betti": [
      1,
      0
    ],
    "bloch_final": [
      0.615300309254468,
      -0.44090972116719396,
      0.0008309134556764297
    ],
    "shell_count": 2
  },
  "dual": {
    "C_peak": 0.16351225492133525,
    "C_peak_cycle": 98,
    "C_mean": 0.031191388140741304,
    "I_c_closest_zero": -0.13894440021934873,
    "oscillation_maxima": [
      15,
      52,
      98
    ],
    "oscillation_period": 41.5
  }
}