{
  "name": "constraint_manifold_cl6",
  "L7_ordering": {
    "cl6_canonical": {
      "berry_L": 15.493571930059298,
      "berry_R": 13.018884554688077,
      "berry_total": 28.512456484747375,
      "concurrence": 0.0387152212538745,
      "entropy": 1.4853889531041227,
      "purity": 0.5739564894737963
    },
    "cl6_reversed": {
      "berry_L": 12.316888091079008,
      "berry_R": 11.169407093071072,
      "berry_total": 23.48629518415008,
      "concurrence": 0.12825323591519214,
      "entropy": 1.454652365963891,
      "purity": 0.6032011268527762
    },
    "old_canonical": {
      "concurrence": 0.0,
      "entropy": 0.6608978915040953
    },
    "old_reversed": {
      "concurrence": 0.0,
      "entropy": 1.6986988222135322
    },
    "berry_diff": 5.026161300597295,
    "concurrence_diff_cl6": 0.08953801466131764,
    "concurrence_diff_old": 0.0,
    "berry_reveals_new_structure": true
  },
  "L9_strength": {
    "cl6": {
      "strengths": [
        0.0,
        0.25,
        0.5,
        0.75,
        1.0
      ],
      "berry": [
        0.0,
        14.479438209937722,
        28.512456484747375,
        39.71562024613133,
        53.23147180831185
      ],
      "concurrence": [
        0.0,
        0.12702204724483052,
        0.0387152212538745,
        0.0,
        0.0
      ],
      "purity": [
        1.0,
        0.7232222458571489,
        0.5739564894737963,
        0.4476138965914482,
        0.34196812644670393
      ]
    },
    "old": {
      "strengths": [
        0.0,
        0.25,
        0.5,
        0.75,
        1.0
      ],
      "concurrence": [
        0.0,
        0.4418028036097488,
        0.4172289817728471,
        0.3723310282011446,
        0.3925780562810515
      ],
      "entropy": [
        0.0,
        0.7744889295103532,
        0.6334170113514047,
        0.6942566221976935,
        0.6581327031585156
      ]
    },
    "goldilocks_in_berry": false
  },
  "L11_eta": {
    "cl6": {
      "etas": [
        0.2,
        0.4,
        0.6,
        0.8,
        1.0,
        1.2,
        1.4
      ],
      "berry": [
        26.871860369018712,
        27.70664707197214,
        28.302245519806185,
        28.51184233475631,
        28.23831571970086,
        27.53048639223723,
        26.631324118808507
      ],
      "concurrence": [
        0.07250797141795778,
        0.1173940388681308,
        0.07481014033642791,
        0.04341465458274857,
        0.09714657298008547,
        0.13194779297633,
        0.13155280323964957
      ],
      "entropy": [
        1.5093865902380192,
        1.500221141340804,
        1.5002242724731876,
        1.4830481955799246,
        1.4475618342204135,
        1.4419859519607214,
        1.4736133288072686
      ]
    },
    "old": {
      "etas": [
        0.2,
        0.4,
        0.6,
        0.8,
        1.0,
        1.2,
        1.4
      ],
      "concurrence": [
        0.5514025905738847,
        0.5524260524035384,
        0.5548787203376231,
        0.5612273626577031,
        0.554205082950199,
        0.5521321329094324,
        0.5512204291714115
      ],
      "entropy": [
        0.019660994943763884,
        0.019448791426251222,
        0.019249383548778823,
        0.018788505469795786,
        0.019380764839470963,
        0.019563868282454714,
        0.019778449599332774
      ]
    },
    "cl6_peak_eta": 1.2,
    "old_peak_eta": 0.8,
    "berry_peak_eta": 0.8,
    "optimal_eta_shift": 0.3999999999999999
  }
}