{
  "schema": "SIM_EVIDENCE_v1",
  "timestamp": "2026-04-15T19:44:49.768745+00:00Z",
  "sim_name": "contract_s7_full_axis_orthogonality_matrix",
  "status": "current_basis_measurement",
  "threshold": 0.01,
  "dimensions": [
    4,
    8,
    16
  ],
  "pair_summary": {
    "A0_EntropicGradient x A1_Coupling": {
      "avg_overlap": 0.018216437267727138,
      "max_overlap": 0.018541438876441094
    },
    "A0_EntropicGradient x A2_Frame": {
      "avg_overlap": 0.023785689318055855,
      "max_overlap": 0.024404330442698175
    },
    "A0_EntropicGradient x A3_Chirality": {
      "avg_overlap": 0.018736532301555333,
      "max_overlap": 0.019930733410710996
    },
    "A0_EntropicGradient x A4_Variance": {
      "avg_overlap": 0.02383396018430038,
      "max_overlap": 0.024426322084724308
    },
    "A0_EntropicGradient x A5_Texture": {
      "avg_overlap": 0.023107963950166482,
      "max_overlap": 0.024032244831795276
    },
    "A0_EntropicGradient x A6_Precedence": {
      "avg_overlap": 0.01665991821485842,
      "max_overlap": 0.0189196149515759
    },
    "A1_Coupling x A2_Frame": {
      "avg_overlap": 0.5815890204372554,
      "max_overlap": 0.6011089097220935
    },
    "A1_Coupling x A3_Chirality": {
      "avg_overlap": 0.3242135196452355,
      "max_overlap": 0.3354260913204627
    },
    "A1_Coupling x A4_Variance": {
      "avg_overlap": 0.6053392925831803,
      "max_overlap": 0.6486083901615385
    },
    "A1_Coupling x A5_Texture": {
      "avg_overlap": 0.6051719469201831,
      "max_overlap": 0.6444191361902988
    },
    "A1_Coupling x A6_Precedence": {
      "avg_overlap": 0.4833641615551125,
      "max_overlap": 0.5066256606403899
    },
    "A2_Frame x A3_Chirality": {
      "avg_overlap": 0.5076991029707876,
      "max_overlap": 0.510555092064727
    },
    "A2_Frame x A4_Variance": {
      "avg_overlap": 0.9816421568086163,
      "max_overlap": 0.9873666690855774
    },
    "A2_Frame x A5_Texture": {
      "avg_overlap": 0.9847316890359444,
      "max_overlap": 0.9937201367515163
    },
    "A2_Frame x A6_Precedence": {
      "avg_overlap": 0.9340713732868067,
      "max_overlap": 0.9363590172180088
    },
    "A3_Chirality x A4_Variance": {
      "avg_overlap": 0.4995453052321149,
      "max_overlap": 0.5068663682872753
    },
    "A3_Chirality x A5_Texture": {
      "avg_overlap": 0.487601582338068,
      "max_overlap": 0.5021419889504639
    },
    "A3_Chirality x A6_Precedence": {
      "avg_overlap": 0.3947208060924254,
      "max_overlap": 0.4122476964223854
    },
    "A4_Variance x A5_Texture": {
      "avg_overlap": 0.9746367524793292,
      "max_overlap": 0.9791047036524623
    },
    "A4_Variance x A6_Precedence": {
      "avg_overlap": 0.9172201992152199,
      "max_overlap": 0.924896647491604
    },
    "A5_Texture x A6_Precedence": {
      "avg_overlap": 0.9325127907462094,
      "max_overlap": 0.9372715428281518
    }
  },
  "per_dimension": {
    "d=4": [
      {
        "pair": "A0_EntropicGradient x A1_Coupling",
        "overlap": 0.018541438876441094
      },
      {
        "pair": "A0_EntropicGradient x A2_Frame",
        "overlap": 0.022912250582963704
      },
      {
        "pair": "A0_EntropicGradient x A3_Chirality",
        "overlap": 0.019930733410710996
      },
      {
        "pair": "A0_EntropicGradient x A4_Variance",
        "overlap": 0.023172720792014316
      },
      {
        "pair": "A0_EntropicGradient x A5_Texture",
        "overlap": 0.02192957193452435
      },
      {
        "pair": "A0_EntropicGradient x A6_Precedence",
        "overlap": 0.013725850995238336
      },
      {
        "pair": "A1_Coupling x A2_Frame",
        "overlap": 0.6011089097220935
      },
      {
        "pair": "A1_Coupling x A3_Chirality",
        "overlap": 0.30702576381702307
      },
      {
        "pair": "A1_Coupling x A4_Variance",
        "overlap": 0.6486083901615385
      },
      {
        "pair": "A1_Coupling x A5_Texture",
        "overlap": 0.6444191361902988
      },
      {
        "pair": "A1_Coupling x A6_Precedence",
        "overlap": 0.5066256606403899
      },
      {
        "pair": "A2_Frame x A3_Chirality",
        "overlap": 0.5021931921869814
      },
      {
        "pair": "A2_Frame x A4_Variance",
        "overlap": 0.9873666690855774
      },
      {
        "pair": "A2_Frame x A5_Texture",
        "overlap": 0.9731673671289616
      },
      {
        "pair": "A2_Frame x A6_Precedence",
        "overlap": 0.930747422571885
      },
      {
        "pair": "A3_Chirality x A4_Variance",
        "overlap": 0.487843097294915
      },
      {
        "pair": "A3_Chirality x A5_Texture",
        "overlap": 0.46669113738779333
      },
      {
        "pair": "A3_Chirality x A6_Precedence",
        "overlap": 0.3686665319782799
      },
      {
        "pair": "A4_Variance x A5_Texture",
        "overlap": 0.9732461631168413
      },
      {
        "pair": "A4_Variance x A6_Precedence",
        "overlap": 0.924896647491604
      },
      {
        "pair": "A5_Texture x A6_Precedence",
        "overlap": 0.9254370508649978
      }
    ],
    "d=8": [
      {
        "pair": "A0_EntropicGradient x A1_Coupling",
        "overlap": 0.01835123737792823
      },
      {
        "pair": "A0_EntropicGradient x A2_Frame",
        "overlap": 0.02404048692850568
      },
      {
        "pair": "A0_EntropicGradient x A3_Chirality",
        "overlap": 0.018452273594844585
      },
      {
        "pair": "A0_EntropicGradient x A4_Variance",
        "overlap": 0.02390283767616251
      },
      {
        "pair": "A0_EntropicGradient x A5_Texture",
        "overlap": 0.023362075084179826
      },
      {
        "pair": "A0_EntropicGradient x A6_Precedence",
        "overlap": 0.017334288697761026
      },
      {
        "pair": "A1_Coupling x A2_Frame",
        "overlap": 0.5780978632543362
      },
      {
        "pair": "A1_Coupling x A3_Chirality",
        "overlap": 0.3354260913204627
      },
      {
        "pair": "A1_Coupling x A4_Variance",
        "overlap": 0.5940555139422768
      },
      {
        "pair": "A1_Coupling x A5_Texture",
        "overlap": 0.5967107194921173
      },
      {
        "pair": "A1_Coupling x A6_Precedence",
        "overlap": 0.47802845863180515
      },
      {
        "pair": "A2_Frame x A3_Chirality",
        "overlap": 0.510555092064727
      },
      {
        "pair": "A2_Frame x A4_Variance",
        "overlap": 0.98391677041733
      },
      {
        "pair": "A2_Frame x A5_Texture",
        "overlap": 0.9873075632273552
      },
      {
        "pair": "A2_Frame x A6_Precedence",
        "overlap": 0.9351076800705261
      },
      {
        "pair": "A3_Chirality x A4_Variance",
        "overlap": 0.5039264501141544
      },
      {
        "pair": "A3_Chirality x A5_Texture",
        "overlap": 0.4939716206759468
      },
      {
        "pair": "A3_Chirality x A6_Precedence",
        "overlap": 0.4032481898766108
      },
      {
        "pair": "A4_Variance x A5_Texture",
        "overlap": 0.9791047036524623
      },
      {
        "pair": "A4_Variance x A6_Precedence",
        "overlap": 0.9238401859823618
      },
      {
        "pair": "A5_Texture x A6_Precedence",
        "overlap": 0.9348297785454784
      }
    ],
    "d=16": [
      {
        "pair": "A0_EntropicGradient x A1_Coupling",
        "overlap": 0.01775663554881209
      },
      {
        "pair": "A0_EntropicGradient x A2_Frame",
        "overlap": 0.024404330442698175
      },
      {
        "pair": "A0_EntropicGradient x A3_Chirality",
        "overlap": 0.01782658989911041
      },
      {
        "pair": "A0_EntropicGradient x A4_Variance",
        "overlap": 0.024426322084724308
      },
      {
        "pair": "A0_EntropicGradient x A5_Texture",
        "overlap": 0.024032244831795276
      },
      {
        "pair": "A0_EntropicGradient x A6_Precedence",
        "overlap": 0.0189196149515759
      },
      {
        "pair": "A1_Coupling x A2_Frame",