{
  "schema": "SIM_EVIDENCE_v1",
  "timestamp": "2026-04-15T07:05:48.573842+00:00Z",
  "sim_name": "contract_s2_impedance_z",
  "status": "current_engine_baseline_only",
  "contract_target": {
    "formula": "Z = 1 / ||d rho / dt||",
    "expected_order": "outer < inner for both types"
  },
  "measurement_notes": [
    "Uses current engine_core step sequence without modifying semantics.",
    "Treats base terrains as outer-loop telemetry and fiber terrains as inner-loop telemetry.",
    "Computes ||d rho / dt|| from successive Frobenius norms of rho_L and rho_R and averages them."
  ],
  "summary": {
    "type_1_inner": {
      "n": 48,
      "mean_z": 11.747907363027052,
      "median_z": 10.674658342958224,
      "min_z": 3.5751712416420953,
      "max_z": 22.891429033892283
    },
    "all_inner": {
      "n": 96,
      "mean_z": 25.24495827520808,
      "median_z": 10.674658342958224,
      "min_z": 3.076923076923074,
      "max_z": 89.28758097970021
    },
    "type_1_outer": {
      "n": 48,
      "mean_z": 38.742009187389165,
      "median_z": 31.301766346466483,
      "min_z": 3.076923076923074,
      "max_z": 89.287580979703
    },
    "all_outer": {
      "n": 96,
      "mean_z": 25.64337963780062,
      "median_z": 10.625031415497759,
      "min_z": 3.076923076923074,
      "max_z": 89.287580979703
    },
    "type_2_inner": {
      "n": 48,
      "mean_z": 38.742009187389115,
      "median_z": 31.301766346466753,
      "min_z": 3.076923076923074,
      "max_z": 89.28758097970021
    },
    "type_2_outer": {
      "n": 48,
      "mean_z": 12.544750088212076,
      "median_z": 10.625031415497759,
      "min_z": 3.559805124019896,
      "max_z": 22.880181789258504
    }
  },
  "verdicts": {
    "type_1_outer_lt_inner": false,
    "type_2_outer_lt_inner": true,
    "all_outer_lt_inner": false,
    "same_order_for_both_types": false
  },
  "sample_size": 192,
  "sample_records_preview": [
    {
      "engine_type": 1,
      "terrain": "Se_f",
      "loop": "fiber",
      "loop_position": "inner",
      "operator": "Fi",
      "trial": 0,
      "step_norm_L": 0.2268889499012263,
      "step_norm_R": 0.22688894990122643,
      "step_norm_avg": 0.22688894990122638,
      "impedance_z": 4.407442497465563
    },
    {
      "engine_type": 1,
      "terrain": "Se_f",
      "loop": "fiber",
      "loop_position": "inner",
      "operator": "Fi",
      "trial": 1,
      "step_norm_L": 0.22309215709227406,
      "step_norm_R": 0.22309215709227417,
      "step_norm_avg": 0.22309215709227412,
      "impedance_z": 4.482452512153467
    },
    {
      "engine_type": 1,
      "terrain": "Se_f",
      "loop": "fiber",
      "loop_position": "inner",
      "operator": "Fi",
      "trial": 2,
      "step_norm_L": 0.23809406625081153,
      "step_norm_R": 0.2380940662508115,
      "step_norm_avg": 0.23809406625081153,
      "impedance_z": 4.200020671437424
    },
    {
      "engine_type": 1,
      "terrain": "Se_f",
      "loop": "fiber",
      "loop_position": "inner",
      "operator": "Fi",
      "trial": 3,
      "step_norm_L": 0.20792553324949303,
      "step_norm_R": 0.20792553324949245,
      "step_norm_avg": 0.20792553324949276,
      "impedance_z": 4.8094141415527165
    },
    {
      "engine_type": 1,
      "terrain": "Se_f",
      "loop": "fiber",
      "loop_position": "inner",
      "operator": "Fi",
      "trial": 4,
      "step_norm_L": 0.20397954793252468,
      "step_norm_R": 0.20397954793252465,
      "step_norm_avg": 0.20397954793252465,
      "impedance_z": 4.902452280808048
    },
    {
      "engine_type": 1,
      "terrain": "Se_f",
      "loop": "fiber",
      "loop_position": "inner",
      "operator": "Fi",
      "trial": 5,
      "step_norm_L": 0.23924534272326217,
      "step_norm_R": 0.23924534272326212,
      "step_norm_avg": 0.23924534272326214,
      "impedance_z": 4.179809682467724
    },
    {
      "engine_type": 1,
      "terrain": "Se_f",
      "loop": "fiber",
      "loop_position": "inner",
      "operator": "Fi",
      "trial": 6,
      "step_norm_L": 0.21897616996725197,
      "step_norm_R": 0.21897616996725208,
      "step_norm_avg": 0.21897616996725203,
      "impedance_z": 4.566706962449614
    },
    {
      "engine_type": 1,
      "terrain": "Se_f",
      "loop": "fiber",
      "loop_position": "inner",
      "operator": "Fi",
      "trial": 7,
      "step_norm_L": 0.2797068818277622,
      "step_norm_R": 0.27970688182776254,
      "step_norm_avg": 0.2797068818277624,
      "impedance_z": 3.5751712416420953
    },
    {
      "engine_type": 1,
      "terrain": "Se_f",
      "loop": "fiber",
      "loop_position": "inner",
      "operator": "Fi",
      "trial": 8,
      "step_norm_L": 0.24308758270309364,
      "step_norm_R": 0.2430875827030933,
      "step_norm_avg": 0.24308758270309347,
      "impedance_z": 4.113743651074919
    },
    {
      "engine_type": 1,
      "terrain": "Se_f",
      "loop": "fiber",
      "loop_position": "inner",
      "operator": "Fi",
      "trial": 9,
      "step_norm_L": 0.20438775568464104,
      "step_norm_R": 0.20438775568464088,
      "step_norm_avg": 0.20438775568464096,
      "impedance_z": 4.89266099454091
    },
    {
      "engine_type": 1,
      "terrain": "Se_f",
      "loop": "fiber",
      "loop_position": "inner",
      "operator": "Fi",
      "trial": 10,
      "step_norm_L": 0.2226542698481303,
      "step_norm_R": 0.22265426984812992,
      "step_norm_avg": 0.2226542698481301,
      "impedance_z": 4.49126801243061
    },
    {
      "engine_type": 1,
      "terrain": "Se_f",
      "loop": "fiber",
      "loop_position": "inner",
      "operator": "Fi",
      "trial": 11,
      "step_norm_L": 0.24711908328369195,
      "step_norm_R": 0.2471190832836926,
      "step_norm_avg": 0.24711908328369225,
      "impedance_z": 4.0466320395499435
    },
    {
      "engine_type": 1,
      "terrain": "Si_f",
      "loop": "fiber",
      "loop_position": "inner",
      "operator": "Te",
      "trial": 0,
      "step_norm_L": 0.02717061621971395,
      "step_norm_R": 0.09056872073237997,
      "step_norm_avg": 0.05886966847604696,
      "impedance_z": 16.986676261084817
    },
    {
      "engine_type": 1,
      "terrain": "Si_f",
      "loop": "fiber",
      "loop_position": "inner",
      "operator": "Te",
      "trial": 1,
      "step_norm_L": 0.024776152594361,
      "step_norm_R": 0.08258717531453744,
      "step_norm_avg": 0.05368166395444922,
      "impedance_z": 18.62833463673062
    },
    {
      "engine_type": 1,
      "terrain": "Si_f",
      "loop": "fiber",
      "loop_position": "inner",
      "operator": "Te",
      "trial": 2,
      "step_norm_L": 0.021720712136311344,
      "step_norm_R": 0.0724023737877044,
      "step_norm_avg": 0.04706154296200787,
      "impedance_z": 21.248772077177456
    },
    {
      "engine_type": 1,
      "terrain": "Si_f",
      "loop": "fiber",
      "loop_position": "inner",
      "operator": "Te",
      "trial": 3,
      "step_norm_L": 0.026088662869593934,
      "step_norm_R": 0.08696220956531384,
      "step_norm_avg": 0.05652543621745389,
      "impedance_z": 17.691150514132975
    },
    {
      "engine_type": 1,
      "terrain": "Si_f",
      "loop": "fiber",
      "loop_position": "inner",
      "operator": "Te",
      "trial": 4,
      "step_norm_L": 0.024161050251267375,
      "step_norm_R": 0.08053683417089083,
      "step_norm_avg": 0.0523489422110791,
      "impedance_z": 19.102582741172572
    },
    {
      "engine_type": 1,
      "terrain": "Si_f",
      "loop": "fiber",
      "loop_position": "inner",
      "operator": "Te",
      "trial": 5,
      "step_norm_L": 0.020194223951633145,
      "step_norm_R": 0.06731407983877956,
      "step_norm_avg": 0.04375415189520635,
      "impedance_z": 22.854973909563054
    },
    {
      "engine_type": 1,
      "terrain": "Si_f",
      "loop": "fiber",
      "loop_position": "inner",
      "operator": "Te",
      "trial": 6,
      "step_norm_L": 0.025421867231554575,