{
  "name": "cut2_bridge_investigation",
  "fi_failure_analysis": {
    "commutator_frobenius_norm": 1.4142135623730951,
    "commutator_is_zero": false,
    "H_Fi_on_000_equals_100": true,
    "evolved_state_is_product": true,
    "z_eigenvalue_on_ket0": 1.0,
    "reason": "Z|0> = +|0>, so X x I x Z acting on |000> reduces to X x I x I -- a local q1 rotation. The Z on q3 contributes only a state-dependent phase (+1 for |0>, -1 for |1>), but since q3 starts in |0> and no operator ever flips q3, the phase is always +1. No entanglement across cut2 is generated."
  },
  "candidate_operators": {
    "CNOT_13": {
      "cut1_max_ic": 0.58271054,
      "cut2_max_ic": 0.19727656,
      "cut3_max_ic": 0.29262403,
      "is_unitary": true
    },
    "SWAP_23": {
      "cut1_max_ic": 0.28304534,
      "cut2_max_ic": 0.08542348,
      "cut3_max_ic": 0.0,
      "is_unitary": true
    },
    "iSWAP_23": {
      "cut1_max_ic": 0.54049338,
      "cut2_max_ic": 0.04446448,
      "cut3_max_ic": 0.33190089,
      "is_unitary": false
    },
    "CZ_13": {
      "cut1_max_ic": 0.49617924,
      "cut2_max_ic": -0.12716372,
      "cut3_max_ic": 0.49617924,
      "is_unitary": true
    },
    "XX_23": {
      "cut1_max_ic": 0.65586497,
      "cut2_max_ic": 0.3401707,
      "cut3_max_ic": 0.55217013,
      "is_unitary": true
    }
  },
  "candidate_trajectories": {
    "CNOT_13": {
      "cut1": [
        0.2105313,
        0.38303046,
        0.40708636,
        0.58271054,
        0.45474541,
        0.49894398,
        0.38133994,
        0.22640407,
        0.10006046,
        -0.17220671,
        -0.23996729,
        -0.33928944,
        -0.32293596,
        -0.25572135,
        -0.27921039,
        -0.22077605,
        -0.27594781,
        -0.31155594,
        -0.38756265,
        -0.52198085
      ],
      "cut2": [
        0.11269085,
        0.13584239,
        0.19727656,
        0.10387178,
        0.00542554,
        -0.15299804,
        -0.28684394,
        -0.45937223,
        -0.61756905,
        -0.77479763,
        -0.86163602,
        -0.91293475,
        -0.92078616,
        -0.96930186,
        -1.01559979,
        -1.10375101,
        -1.16030646,
        -1.2382187,
        -1.29137099,
        -1.37200014
      ],
      "cut3": [
        0.1825126,
        0.19500858,
        0.29262403,
        0.25183145,
        0.17327509,
        0.03455102,
        -0.13365923,
        -0.32048658,
        -0.49423071,
        -0.67763721,
        -0.78881233,
        -0.89620762,
        -0.90957592,
        -0.92908475,
        -0.92191653,
        -0.94828167,
        -1.00432437,
        -1.09162061,
        -1.19567897,
        -1.30110624
      ]
    },
    "SWAP_23": {
      "cut1": [
        0.2105313,
        0.22619967,
        0.28304534,
        0.25127118,
        0.16877874,
        0.11138903,
        -0.01236444,
        -0.15016716,
        -0.28234329,
        -0.41472126,
        -0.41262157,
        -0.41935934,
        -0.37856152,
        -0.38323828,
        -0.40138551,
        -0.42426683,
        -0.46174466,
        -0.50646196,
        -0.57306937,
        -0.65616479
      ],
      "cut2": [
        0.08542348,
        -0.01932164,
        0.00084338,
        -0.16141923,
        -0.29457671,
        -0.41121759,
        -0.60562241,
        -0.69486192,
        -0.85305777,
        -0.94827615,
        -1.00227373,
        -1.09216846,
        -1.08972097,
        -1.16827017,
        -1.1857281,
        -1.24663787,
        -1.31215955,
        -1.36551674,
        -1.46276646,
        -1.50654005
      ],
      "cut3": [
        0.0,
        -0.01932164,
        -0.14250985,
        -0.16141923,
        -0.31467685,
        -0.41121759,
        -0.52877531,
        -0.69486192,
        -0.80010703,
        -0.94827615,
        -1.04294403,
        -1.09216846,
        -1.17490073,
        -1.16827017,
        -1.23545776,
        -1.24663787,
        -1.29883818,
        -1.36551674,
        -1.41661525,
        -1.50654005
      ]
    },
    "iSWAP_23": {
      "cut1": [
        0.21566614,
        0.46328464,
        0.54049338,
        0.52262877,
        0.50182609,
        0.47076343,
        0.41054378,
        0.3304186,
        0.24388816,
        0.13289163,
        -0.0347366,
        -0.22155818,
        -0.3522554,
        -0.43905722,
        -0.52775779,
        -0.59323693,
        -0.61497016,
        -0.61206386,
        -0.6009961,
        -0.60304718
      ],
      "cut2": [
        -0.07566419,
        -0.02034297,
        0.04446448,
        -0.00221515,
        -0.08605274,
        -0.08092864,
        -0.07585244,
        -0.21035982,
        -0.46855432,
        -0.74159474,
        -0.92204139,
        -1.00697814,
        -1.09524884,
        -1.21455747,
        -1.29858814,
        -1.34086133,
        -1.3919069,
        -1.46275302,
        -1.52056186,
        -1.5175693
      ],
      "cut3": [
        0.18146474,
        0.33190089,
        0.27857285,
        0.12510974,
        0.0349479,
        0.02367946,
        -0.05081889,
        -0.21608552,
        -0.36443254,
        -0.48978441,
        -0.64386029,
        -0.80251274,
        -0.94560513,
        -1.07804396,
        -1.20380127,
        -1.34181712,
        -1.44844961,
        -1.46384311,
        -1.4447031,
        -1.43843009
      ]
    },
    "CZ_13": {
      "cut1": [
        0.1825126,
        0.41175385,
        0.49617924,
        0.39081629,
        0.13283988,
        -0.18541611,
        -0.43894108,
        -0.52099687,
        -0.44049874,
        -0.31575598,
        -0.25490682,
        -0.30106499,
        -0.43573352,
        -0.59887118,
        -0.71734011,
        -0.74516818,
        -0.69646065,
        -0.62964344,
        -0.60010149,
        -0.63067356
      ],
      "cut2": [
        -0.12716372,
        -0.25861278,
        -0.42592199,
        -0.60872116,
        -0.77781971,
        -0.9118465,
        -1.00421012,
        -1.06355147,
        -1.10866305,
        -1.15884096,
        -1.22356464,
        -1.29871513,
        -1.37208653,
        -1.43234833,
        -1.47505743,
        -1.50382477,
        -1.52737202,
        -1.55428703,
        -1.58830874,
        -1.62699793
      ],
      "cut3": [
        0.1825126,
        0.41175385,
        0.49617924,
        0.39081629,
        0.13283988,
        -0.18541611,
        -0.43894108,
        -0.52099687,
        -0.44049874,
        -0.31575598,
        -0.25490682,
        -0.30106499,
        -0.43573352,
        -0.59887118,
        -0.71734011,
        -0.74516818,
        -0.69646065,
        -0.62964344,
        -0.60010149,
        -0.63067356
      ]
    },
    "XX_23": {
      "cut1": [
        0.22149705,
        0.53256882,
        0.65586497,
        0.59911755,
        0.54173157,
        0.47650234,
        0.26196951,
        -0.00998134,
        -0.08605665,
        -0.00152891,
        0.0789079,
        0.09731479,
        0.04795503,
        0.00644203,
        0.04123938,
        0.07753178,
        0.04602785,
        -0.00447861,
        -0.04062421,
        -0.10874315
      ],
      "cut2": [
        0.11269085,
        0.29540059,
        0.3401707,
        0.26793669,
        0.16520246,
        0.08138004,
        -0.01665733,
        -0.19346934,
        -0.45535297,
        -0.72378311,
        -0.88069544,
        -0.86968448,
        -0.76731359,
        -0.6820151,
        -0.65358164,
        -0.66499631,
        -0.6942148,
        -0.74524769,
        -0.83683059,
        -0.96829722
      ],