{
  "name": "dephasing_boundary_scan",
  "1d_scan": {
    "dephasing_values": [
      0.01,
      0.03538461538461538,
      0.06076923076923077,
      0.08615384615384615,
      0.11153846153846153,
      0.13692307692307693,
      0.16230769230769232,
      0.18769230769230769,
      0.21307692307692308,
      0.23846153846153847,
      0.26384615384615384,
      0.28923076923076924,
      0.31461538461538463,
      0.34,
      0.36538461538461536,
      0.39076923076923076,
      0.41615384615384615,
      0.44153846153846155,
      0.46692307692307694,
      0.4923076923076923,
      0.5176923076923077,
      0.5430769230769231,
      0.5684615384615385,
      0.5938461538461538,
      0.6192307692307693,
      0.6446153846153846,
      0.67,
      0.6953846153846154,
      0.7207692307692307,
      0.7461538461538462,
      0.7715384615384615,
      0.796923076923077,
      0.8223076923076923,
      0.8476923076923076,
      0.8730769230769231,
      0.8984615384615384,
      0.9238461538461539,
      0.9492307692307692,
      0.9746153846153846,
      1.0
    ],
    "max_ic": [
      0.8940440269919551,
      0.7228300764097232,
      0.5980891227688845,
      0.5138141714420454,
      0.44654605530005687,
      0.38900165353714034,
      0.33925274810194417,
      0.29594832381189984,
      0.25808266390523604,
      0.22487441164791122,
      0.19569701115091798,
      0.17003572694767033,
      0.15255320287165808,
      0.13763242974843692,
      0.12402752167886744,
      0.1116143832391574,
      0.10028539010783355,
      0.08994624748366398,
      0.08051359044485706,
      0.07191312187872945,
      0.06407814742349949,
      0.056948408634730385,
      0.050469143599819355,
      0.044590323414855804,
      0.03937374972545438,
      0.03664124134786095,
      0.03404155755466465,
      0.03156837856455419,
      0.029216013802696672,
      0.026979324698790497,
      0.02485365942516027,
      0.022834797427356945,
      0.020918902040885756,
      0.01910247982805724,
      0.017382345533679566,
      0.015755591765949095,
      0.014219562672926234,
      0.012771831015537805,
      0.011410178142612581,
      0.010132576457781983
    ],
    "positive_cycles": [
      30,
      30,
      30,
      30,
      30,
      30,
      30,
      30,
      30,
      30,
      30,
      30,
      30,
      30,
      30,
      30,
      30,
      29,
      28,
      25,
      22,
      22,
      21,
      20,
      19,
      17,
      15,
      15,
      14,
      14,
      14,
      13,
      13,
      12,
      12,
      11,
      10,
      9,
      8,
      7
    ],
    "mean_ic": [
      0.401652296467373,
      0.22717234999023947,
      0.14913499169345937,
      0.10652325348638957,
      0.0805722875360907,
      0.06341923681869793,
      0.05132949699247417,
      0.042373309046239475,
      0.03548077010387521,
      0.03002034835670962,
      0.025597907978543798,
      0.021955141771617545,
      0.0189153944061176,
      0.016353284525349912,
      0.014176888421406401,
      0.0123168710418842,
      0.010719625102484472,
      0.009342809404054879,
      0.008152369026565572,
      0.0071204953684416965,
      0.0062241959500556,
      0.005444267921099566,
      0.0047645439966604195,
      0.004171325764170975,
      0.0036529484275524752,
      0.003199439688490953,
      0.002802247532094937,
      0.0024540195816837823,
      0.00214842189959182,
      0.0018799885935656773,
      0.001643995933845166,
      0.0014363562929993819,
      0.001253528337422564,
      0.001092440690351933,
      0.0009504268610641649,
      0.0008251696585986531,
      0.000714653633237842,
      0.0006171243383646681,
      0.0005310534052355523,
      0.00045510858325955954
    ],
    "boundary_max_ic_zero": 1.4628205128205127,
    "boundary_50pct_positive": 0.6953846153846154,
    "boundary_mean_ic_zero": null
  },
  "2d_boundary_scan": {
    "dephasing_values": [
      0.4,
      0.43157894736842106,
      0.4631578947368421,
      0.4947368421052632,
      0.5263157894736843,
      0.5578947368421052,
      0.5894736842105264,
      0.6210526315789474,
      0.6526315789473685,
      0.6842105263157895,
      0.7157894736842105,
      0.7473684210526317,
      0.7789473684210526,
      0.8105263157894738,
      0.8421052631578948,
      0.8736842105263158,
      0.9052631578947369,
      0.9368421052631579,
      0.968421052631579,
      1.0
    ],
    "theta_values": [
      0.7853981633974483,
      1.5707963267948966,
      2.356194490192345,
      3.141592653589793
    ],
    "max_ic_grid": [
      [
        0.06983429163580557,
        0.06983429163580568,
        0.06983429163580546,
        0.10737452980596507
      ],
      [
        0.06453252630458561,
        0.06453252630458539,
        0.06453252630458528,
        0.09389030264249199
      ],
      [
        0.0595865221909081,
        0.05958652219090843,
        0.05958652219090799,
        0.08185842468809823
      ],
      [
        0.05496219738704644,
        0.05496219738704611,
        0.05496219738704611,
        0.071131239384284
      ],
      [
        0.05063105496912956,
        0.05063105496912934,
        0.05063105496912945,
        0.06157983693605229
      ],
      [
        0.04656902003328156,
        0.04656902003328156,
        0.04656902003328123,
        0.05309053329155278
      ],
      [
        0.042755568894104035,
        0.04275556889410381,
        0.042755568894104146,
        0.04556218053695882
      ],
      [
        0.03917306608072202,
        0.03917306608072213,
        0.03917306608072224,
        0.03917306608072224
      ],
      [
        0.03580625202057042,
        0.03580625202057064,
        0.035806252020570195,
        0.035806252020570306
      ],
      [
        0.03264184190214592,
        0.03264184190214614,
        0.03264184190214592,
        0.03264184190214603
      ],
      [
        0.029668207849953943,
        0.029668207849953943,
        0.02966820784995361,
        0.02966820784995361
      ],
      [
        0.02687512441180706,
        0.02687512441180706,
        0.02687512441180706,
        0.02687512441180706
      ],
      [
        0.02425356277785129,
        0.02425356277785118,
        0.02425356277785129,
        0.0242535627778514
      ],
      [
        0.02179552294931253,
        0.021795522949312418,
        0.021795522949312418,
        0.021795522949312862
      ],
      [
        0.019493895780095638,
        0.01949389578009575,
        0.019493895780095638,
        0.01949389578009575
      ],
      [
        0.01734234876891083,
        0.01734234876891072,
        0.017342348768910942,
        0.01734234876891083
      ],
      [
        0.01533523091070188,
        0.01533523091070177,
        0.015335230910701991,
        0.01533523091070177
      ],
      [
        0.013467492976962148,
        0.013467492976962148,
        0.013467492976962037,
        0.013467492976962148
      ],
      [
        0.01173462038986195,
        0.01173462038986206,
        0.01173462038986206,
        0.011734620389861727
      ],
      [
        0.010132576457781761,
        0.010132576457781761,
        0.010132576457781761,
        0.010132576457781983
      ]
    ]
  },
  "timestamp": "2026-04-14"
}