{
  "sim": "dual_stack_necessity",
  "timestamp": "2026-04-05",
  "type1_alone": {
    "ga0_range": [
      0.3780207061340235,
      0.40426561336558536
    ],
    "ga0_final": 0.3780207061340235,
    "ga0_std": 0.007775654262381951,
    "state_diversity": 0.014090113084406478,
    "eval_spread": 0.9009057222818527,
    "purity": 0.8185367529382074
  },
  "type2_alone": {
    "ga0_range": [
      0.41168847268796804,
      0.5383579551690085
    ],
    "ga0_final": 0.41168847268796804,
    "ga0_std": 0.04121599392662718,
    "state_diversity": 0.054515547075831255,
    "eval_spread": 0.904561243320524,
    "purity": 0.8237036710230612
  },
  "interleaved": {
    "ga0_range": [
      0.40426561336558536,
      0.5527135456027655
    ],
    "ga0_final": 0.5050897948941764,
    "ga0_std": 0.05629475250683087,
    "state_diversity": 0.42412622429315017,
    "eval_spread": 0.8581170282259039,
    "purity": 0.749147863910537
  }
}