{
  "sim": "dual_stack_200cycle_oscillation",
  "timestamp": "2026-04-05",
  "dual_peak_C": 0.23125974285451187,
  "dual_peak_cycle": 112,
  "ic_closest_zero": -0.05813589220068882,
  "local_maxima": [
    52,
    112,
    174,
    198
  ],
  "avg_period": 48.666666666666664
}