{
  "p1_lookup_size": 64,
  "p2_assertion": "passed",
  "p3_write_hits": 31,
  "p3_write_misses": 0,
  "p4_nonzero_cols": 7,
  "p5_admissibility_rate_written": 0.8064516186714172,
  "dynamic_slots": {
    "POLARITY": {
      "mean": -0.0555555559694767,
      "std": 0.22946013510227203,
      "nonzero": 16
    },
    "ENTANG_WEIGHT": {
      "mean": 0.021657640114426613,
      "std": 0.09146279841661453,
      "nonzero": 31
    },
    "CHIRAL_STATUS": {
      "mean": 0.1076388880610466,
      "std": 0.3104632496833801,
      "nonzero": 31
    },
    "TOPO_LEGAL": {
      "mean": 0.1076388880610466,
      "std": 0.3104632496833801,
      "nonzero": 31
    },
    "CONST_SAT": {
      "mean": 0.1076388880610466,
      "std": 0.3104632496833801,
      "nonzero": 31
    },
    "MARG_PRES": {
      "mean": -0.0451388880610466,
      "std": 0.3255292773246765,
      "nonzero": 31
    },
    "ADMISSIBILITY": {
      "mean": 0.0868055522441864,
      "std": 0.31694239377975464,
      "nonzero": 31
    }
  }
}