{
  "p1_lookup_size": 64,
  "p2_assertion": "passed",
  "p3_write_hits": 8,
  "p3_write_misses": 0,
  "p4_nonzero_cols": 7,
  "p5_admissibility_rate_written": 0.5,
  "dynamic_slots": {
    "POLARITY": {
      "mean": -0.013793103396892548,
      "std": 0.11683288216590881,
      "nonzero": 4
    },
    "ENTANG_WEIGHT": {
      "mean": 0.0040012551471591,
      "std": 0.03243107348680496,
      "nonzero": 8
    },
    "CHIRAL_STATUS": {
      "mean": 0.027586206793785095,
      "std": 0.16406714916229248,
      "nonzero": 8
    },
    "TOPO_LEGAL": {
      "mean": 0.011034483090043068,
      "std": 0.06562685966491699,
      "nonzero": 8
    },
    "CONST_SAT": {
      "mean": 0.027586206793785095,
      "std": 0.16406714916229248,
      "nonzero": 8
    },
    "MARG_PRES": {
      "mean": 0.0,
      "std": 0.16637806594371796,
      "nonzero": 8
    },
    "ADMISSIBILITY": {
      "mean": 0.013793103396892548,
      "std": 0.08203357458114624,
      "nonzero": 8
    }
  }
}