{
  "test1_gate_in_cycle": {
    "ising_xx": {
      "max_concurrence": 0.0,
      "max_negativity": 3.3306690738754696e-16,
      "max_chsh": 1.6270566831189928,
      "bell_violated": false,
      "crossed_separability": false,
      "trajectory_length": 80,
      "final_concurrence": 0.0,
      "final_coherent_info": -0.35052317405789274
    },
    "ising_zz": {
      "max_concurrence": 0.17048768185037158,
      "max_negativity": 0.08520644747131145,
      "max_chsh": 1.692299039841706,
      "bell_violated": false,
      "crossed_separability": true,
      "trajectory_length": 80,
      "final_concurrence": 0.0,
      "final_coherent_info": -0.41224418997130124
    },
    "heisenberg": {
      "max_concurrence": 0.1711059436519698,
      "max_negativity": 0.08546578386456971,
      "max_chsh": 1.6930906909850634,
      "bell_violated": false,
      "crossed_separability": true,
      "trajectory_length": 80,
      "final_concurrence": 0.0,
      "final_coherent_info": -0.41059648444536584
    },
    "cnot": {
      "max_concurrence": 0.11778798617910066,
      "max_negativity": 0.05776934203855766,
      "max_chsh": 1.598275129609363,
      "bell_violated": false,
      "crossed_separability": true,
      "trajectory_length": 80,
      "final_concurrence": 0.0,
      "final_coherent_info": -0.43705547692474433
    },
    "partial_swap": {
      "max_concurrence": 0.17110594365197068,
      "max_negativity": 0.08546578386457004,
      "max_chsh": 1.6930906909850612,
      "bell_violated": false,
      "crossed_separability": true,
      "trajectory_length": 80,
      "final_concurrence": 0.0,
      "final_coherent_info": -0.4105964844453659
    }
  },
  "test2_strength_sweep": {
    "sweep": [
      {
        "strength": 0.0,
        "strength_over_pi_4": 0.0,
        "max_concurrence": 0.0,
        "max_negativity": 3.3306690738754696e-16,
        "max_chsh": 1.6297292471835665,
        "bell_violated": false,
        "first_entangled_cycle": null
      },
      {
        "strength": 0.04133674544197096,
        "strength_over_pi_4": 0.05263157894736842,
        "max_concurrence": 0.0,
        "max_negativity": 4.440892098500626e-16,
        "max_chsh": 1.6383082758740712,
        "bell_violated": false,
        "first_entangled_cycle": null
      },
      {
        "strength": 0.08267349088394192,
        "strength_over_pi_4": 0.10526315789473684,
        "max_concurrence": 0.053048805625692697,
        "max_negativity": 0.026426523805045288,
        "max_chsh": 1.6598621099645086,
        "bell_violated": false,
        "first_entangled_cycle": 0
      },
      {
        "strength": 0.12401023632591288,
        "strength_over_pi_4": 0.15789473684210525,
        "max_concurrence": 0.12569451682349594,
        "max_negativity": 0.06282482064065142,
        "max_chsh": 1.6930402259396478,
        "bell_violated": false,
        "first_entangled_cycle": 0
      },
      {
        "strength": 0.16534698176788384,
        "strength_over_pi_4": 0.21052631578947367,
        "max_concurrence": 0.19746426021559166,
        "max_negativity": 0.09869877027335294,
        "max_chsh": 1.7363424119800992,
        "bell_violated": false,
        "first_entangled_cycle": 0
      },
      {
        "strength": 0.2066837272098548,
        "strength_over_pi_4": 0.2631578947368421,
        "max_concurrence": 0.26718131492402236,
        "max_negativity": 0.13354518343397914,
        "max_chsh": 1.787944061649507,
        "bell_violated": false,
        "first_entangled_cycle": 0
      },
      {
        "strength": 0.24802047265182575,
        "strength_over_pi_4": 0.3157894736842105,
        "max_concurrence": 0.3344421610716441,
        "max_negativity": 0.167155505516417,
        "max_chsh": 1.847136907470247,
        "bell_violated": false,
        "first_entangled_cycle": 0
      },
      {
        "strength": 0.2893572180937967,
        "strength_over_pi_4": 0.3684210526315789,
        "max_concurrence": 0.4042989619870613,
        "max_negativity": 0.2020667522496763,
        "max_chsh": 1.9272729348592894,
        "bell_violated": false,
        "first_entangled_cycle": 0
      },
      {
        "strength": 0.3306939635357677,
        "strength_over_pi_4": 0.42105263157894735,
        "max_concurrence": 0.4708899695212618,
        "max_negativity": 0.23534866220418071,
        "max_chsh": 2.009452058674762,
        "bell_violated": true,
        "first_entangled_cycle": 0
      },
      {
        "strength": 0.37203070897773866,
        "strength_over_pi_4": 0.47368421052631576,
        "max_concurrence": 0.5333686352456948,
        "max_negativity": 0.2665805389446765,
        "max_chsh": 2.090963421499313,
        "bell_violated": true,
        "first_entangled_cycle": 0
      },
      {
        "strength": 0.4133674544197096,
        "strength_over_pi_4": 0.5263157894736842,
        "max_concurrence": 0.5909681965357145,
        "max_negativity": 0.29538075590979296,
        "max_chsh": 2.169392898437221,
        "bell_violated": true,
        "first_entangled_cycle": 0
      },
      {
        "strength": 0.4547041998616806,
        "strength_over_pi_4": 0.5789473684210527,
        "max_concurrence": 0.643056423029097,
        "max_negativity": 0.3214333725463463,
        "max_chsh": 2.242708858965848,
        "bell_violated": true,
        "first_entangled_cycle": 0
      },
      {
        "strength": 0.4960409453036515,
        "strength_over_pi_4": 0.631578947368421,
        "max_concurrence": 0.689169592319848,
        "max_negativity": 0.34450490071025164,
        "max_chsh": 2.3093180033453025,
        "bell_violated": true,
        "first_entangled_cycle": 0
      },
      {
        "strength": 0.5373776907456225,
        "strength_over_pi_4": 0.6842105263157894,
        "max_concurrence": 0.7290195993339166,
        "max_negativity": 0.3644483507024048,
        "max_chsh": 2.3680770815897962,
        "bell_violated": true,
        "first_entangled_cycle": 0
      },
      {
        "strength": 0.5787144361875934,
        "strength_over_pi_4": 0.7368421052631579,
        "max_concurrence": 0.7624754910136137,
        "max_negativity": 0.381194965341217,
        "max_chsh": 2.418256080076918,
        "bell_violated": true,
        "first_entangled_cycle": 0
      },
      {
        "strength": 0.6200511816295644,
        "strength_over_pi_4": 0.7894736842105263,
        "max_concurrence": 0.7895264921642562,
        "max_negativity": 0.39473668136293294,
        "max_chsh": 2.459462270539128,
        "bell_violated": true,
        "first_entangled_cycle": 0
      },
      {
        "strength": 0.6613879270715354,
        "strength_over_pi_4": 0.8421052631578947,
        "max_concurrence": 0.8102361395495248,
        "max_negativity": 0.40510372202479505,
        "max_chsh": 2.4915442785462067,
        "bell_violated": true,
        "first_entangled_cycle": 0
      },
      {
        "strength": 0.7027246725135063,
        "strength_over_pi_4": 0.8947368421052632,
        "max_concurrence": 0.8244699292660655,
        "max_negativity": 0.4122283376753879,
        "max_chsh": 2.514074249444815,
        "bell_violated": true,
        "first_entangled_cycle": 0
      },
      {
        "strength": 0.7440614179554773,
        "strength_over_pi_4": 0.9473684210526315,
        "max_concurrence": 0.8318419043959693,
        "max_negativity": 0.4159178793904139,
        "max_chsh": 2.527958262248372,
        "bell_violated": true,
        "first_entangled_cycle": 0
      },
      {
        "strength": 0.7853981633974483,
        "strength_over_pi_4": 1.0,
        "max_concurrence": 0.8330227637891089,
        "max_negativity": 0.4165087124096998,
        "max_chsh": 2.529096495169838,
        "bell_violated": true,
        "first_entangled_cycle": 0
      }
    ],
    "threshold_strength": 0.08267349088394192,
    "threshold_fraction_of_cnot": 0.10526315789473684
  },
  "test3_gate_position": {
    "pos0_before_all": {
      "max_concurrence": 0.0,