{
  "part1_fep_variational_inference": {
    "n_steps": 80,
    "F_start": 23.44889154177899,
    "F_end": 0.0009026881126609469,
    "F_monotonic_decrease": true,
    "converged": true,
    "final_trace_distance": 0.021085833038103564,
    "final_fidelity": 0.9995548270328178,
    "trace_F": [
      23.44889154177899,
      0.05052567031681912,
      0.030030572849830295,
      0.024107558890206764,
      0.021623680441604436,
      0.020011464466244962,
      0.0186942561513925,
      0.01755089107455434,
      0.016562524107390383,
      0.015734300740042152,
      0.01508000275168421,
      0.014621322775970703,
      0.014391550085960169,
      0.011728433430864982,
      0.01110094103658964,
      0.01065767363803367,
      0.010233918182894732,
      0.009827081152616393,
      0.009436478564902304,
      0.009061457343248792,
      0.008701391437940591,
      0.008355680424259503,
      0.008023748350938109,
      0.008023734633376725,
      0.0077050090910300295,
      0.007398984892311961,
      0.007105150561038243,
      0.00682301744861854,
      0.006552116976337527,
      0.006291999616091419,
      0.006042234047370835,
      0.00580240638447619,
      0.005572119448926395,
      0.0053509920780973694,
      0.005138658465766015,
      0.004934767531873253,
      0.0049347422569002925,
      0.004738941922571585,
      0.004550927086456824,
      0.004370385671050931,
      0.0041970193319296155,
      0.004030541870716924,
      0.00387067863309953,
      0.003717166007065441,
      0.003569750961446236,
      0.0034281906105438687,
      0.0032922517998528037,
      0.003161710710358638,
      0.0030363524799762857,
      0.002915970841019851,
      0.002800367772881311,
      0.002689353169120577,
      0.0025827445183244117,
      0.0024803665980964815,
      0.002382051181631168,
      0.0022876367562695565,
      0.002196968253606455,
      0.0021098967905644897,
      0.002109893786013556,
      0.002026267070365273,
      0.0019459586714447134,
      0.00186883614946049,
      0.0017947728123041248,
      0.0017236470830685165,
      0.0016553422526722561,
      0.0015897462719279302,
      0.0015267515596656274,
      0.0014662548213081757,
      0.0014081568759947557,
      0.0013523624912595883,
      0.001298780224695198,
      0.0012473222722061282,
      0.0011979043224422435,
      0.0011504454171979558,
      0.0011048678174746373,
      0.0010610968749234836,
      0.0010190609085098364,
      0.0009786910861398822,
      0.0009399213110310449,
      0.0009026881126609469
    ],
    "trace_td": [
      0.7546131165739086,
      0.11342070453916488,
      0.10782850402675469,
      0.10355299840540179,
      0.09972897746547829,
      0.09615433092084341,
      0.09277387355303533,
      0.08958129873682721,
      0.0865952340251685,
      0.08383879269937237,
      0.08133575921281275,
      0.07911011011372293,
      0.07718578816240013,
      0.07602478552604158,
      0.07230957363716572,
      0.07229996851045706,
      0.07085396914024782,
      0.06943688975744298,
      0.06804815196229408,
      0.06668718892304834,
      0.0653534451445873,
      0.06404637624169562,
      0.06276544871686182,
      0.06276718666199058,
      0.06151184292875041,
      0.0602816060701756,
      0.05907597394877208,
      0.05789445446979682,
      0.05673656538040082,
      0.05560183407279283,
      0.054489797391336664,
      0.053400001443509884,
      0.05233200141463984,
      0.05128536138634686,
      0.050259654158619854,
      0.04925446107544751,
      0.04925652429262602,
      0.04827139380677352,
      0.04730596593063817,
      0.04635984661202522,
      0.045432649679784776,
      0.044523996686189136,
      0.04363351675246531,
      0.04276084641741581,
      0.04190562948906763,
      0.04106751689928608,
      0.040246166561300326,
      0.0394412432300743,
      0.03865241836547296,
      0.03787936999816347,
      0.03712178259820008,
      0.03637934694623601,
      0.03565176000731121,
      0.034938724807164964,
      0.03423995031102181,
      0.03355515130480146,
      0.03288404827870528,
      0.03222636731313125,
      0.032228728642597904,
      0.031584154069745844,
      0.030952470988350883,
      0.030333421568583818,
      0.02972675313721196,
      0.02913221807446778,
      0.028549573712978397,
      0.0279785822387187,
      0.027419010593944464,
      0.026870630382065525,
      0.026333217774424218,
      0.0258065534189357,
      0.02529042235055684,
      0.024784613903545784,
      0.024288921625474816,
      0.023803143192965316,
      0.023327080329106124,
      0.022860538722524085,
      0.022403327948073544,
      0.02195526138911228,
      0.021516156161330173,
      0.021085833038103564
    ],
    "trace_entropy": [
      0.9357318658239028,
      0.6819110637914023,
      0.6814399778874884,
      0.6809099879600197,
      0.6802796423123509,
      0.6795395004008964,
      0.6786878914229717,
      0.6777251647505177,
      0.6766523623422145,
      0.6754709665392014,
      0.6741829356091682,
      0.6727908568994092,
      0.6712982074460188,
      0.6705166586156797,
      0.6614869363382769,
      0.6604440613142313,
      0.6609060154105091,
      0.6613502871090995,
      0.6617775756717581,
      0.662188549148875,
      0.662583848264523,
      0.6629640878243483,
      0.6633298578728877,
      0.6633132891611054,
      0.6636655075677416,
      0.6640043547734729,
      0.664330355651624,
      0.6646440119799717,
      0.664945805203869,
      0.6652361974606927,
      0.66551563242805,
      0.6657845361016246,
      0.6660433175276433,
      0.6662923694991247,
      0.6665320692200931,
      0.6667627789404523,
      0.666746168198054,
      0.6669685836634651,
      0.6671826813280399,
      0.6673887839153352,
      0.6675872002029206,
      0.6677782266136112,
      0.6679621478217379,
      0.6681392372588578,
      0.6683097575793476,
      0.6684739610996183,
      0.6686320902162874,
      0.6687843778056388,
      0.6689310476058883,
      0.6690723145833056,
      0.6692083852831388,
      0.669339458165959,
      0.6694657239302317,
      0.6695873658216773,
      0.6697045599299427,
      0.6698174754732529,
      0.6699262750715114,
      0.67003111500824,
      0.6700146594897987,
      0.6701160284801118,
      0.6702137243082114,
      0.6703078865107976,
      0.6703986487349278,
      0.670486139373395,
      0.6705704818148591,
      0.6706517946544279,
      0.6707301918883459,
      0.6708057830979299,
      0.6708786736250474,
      0.6709489647399549,
      0.6710167538020685,
      0.6710821344142148,
      0.6711451965704317,
      0.671206026797994,
      0.671264708293593,
      0.6713213210541122,
      0.6713759420021258,
      0.6714286451064699,
      0.6714795014979178,
      0.6715285795802868
    ],
    "PASS": true
  },
  "part2_active_inference": {
    "channel_results": {
      "identity": {
        "F_after": 15.334852099384467,
        "trace_distance_after": 0.5776899528514929
      },
      "depolarizing_0.1": {
        "F_after": 15.373551765652106,
        "trace_distance_after": 0.5605394490941792
      },
      "amplitude_damping_0.1": {
        "F_after": 15.40774441802835,
        "trace_distance_after": 0.5863452397918054
      },
      "z_dephasing_0.1": {
        "F_after": 15.55935476149846,
        "trace_distance_after": 0.5800546540971369
      },
      "x_rotation_pi4": {
        "F_after": 15.348857001779239,
        "trace_distance_after": 0.5871392810567472
      }
    },
    "selected_channel": "identity",
    "selected_F": 15.334852099384467,
    "PASS": true
  },
  "part3_compression": {
    "original": {
      "rank": 2,
      "eigenvalues": [
        0.7549509756796391,
        0.24504902432036083,
        0.0,
        0.0
      ],
      "MI": 0.8194473423187505,
      "concurrence": 0.49999999999999994,
      "entropy": 0.5568302851084264
    },