{
  "name": "engine_geometric",
  "torus_levels": [
    "inner",
    "clifford",
    "outer"
  ],
  "n_cycles": 10,
  "initial": {
    "eta": 0.7853981633974483,
    "bloch_L": [
      1.0,
      0.0,
      2.220446049250313e-16
    ],
    "bloch_R": [
      -1.0,
      0.0,
      -2.220446049250313e-16
    ]
  },
  "final": {
    "eta": 0.7853981633974483,
    "theta": 0.0,
    "phi": 0.0,
    "berry_phase_L": -2.313468287689397,
    "berry_phase_R": -3.0730925939184,
    "bloch_L": [
      -0.20261902083385527,
      -0.008175320588558438,
      -0.26014291921544297
    ],
    "bloch_R": [
      0.25083368501990977,
      0.010120697361028053,
      -0.32204581183990844
    ],
    "psi_L": [
      [
        0.3250462544078364,
        0.0
      ],
      [
        -0.944929268761898,
        -0.03812623155441596
      ]
    ],
    "psi_R": [
      [
        0.32504625440783663,
        0.0
      ],
      [
        0.9449292687618979,
        0.03812623155441671
      ]
    ]
  },
  "trajectories": {
    "entropy_L": [
      0.4080277732876292,
      0.5309014257617198,
      0.6351155275552769,
      0.7054224146400608,
      0.7677852183981073,
      0.8110199196663864,
      0.8500485838367318,
      0.8774455130410022,
      0.9023978157848906,
      0.9200316946625989
    ],
    "entropy_R": [
      0.40802777328762896,
      0.4815037716350804,
      0.5985199540835292,
      0.6448111864118811,
      0.7211871728039996,
      0.7521531904203204,
      0.804032837342181,
      0.825320470244369,
      0.861282380266956,
      0.8761398253779099
    ],
    "lr_dot": [
      -0.279390959277621,
      0.14670452464784567,
      -0.1922234753828441,
      0.10093402325941256,
      -0.13225146792077508,
      0.06944350950174494,
      -0.09099019114270387,
      0.047777754776749545,
      -0.06260206419141925,
      0.03287152201675308
    ],
    "purity_L": [
      0.8366649287117551,
      0.7589267409044094,
      0.6793256892528493,
      0.6162065764500627,
      0.551574921144863,
      0.5003256894174105,
      0.4478483567588503,
      0.40623681255257366,
      0.36362811825327046,
      0.32984184374989245
    ],
    "purity_R": [
      0.8366649287117552,
      0.7920288199492387,
      0.7089558122289263,
      0.6711329901450682,
      0.6007403040869385,
      0.5686907838655765,
      0.5090428863540145,
      0.48188542718446564,
      0.4313422262244719,
      0.40833010050615487
    ]
  },
  "comparison": {
    "old_entropy_L_mean": 0.3896685593779497,
    "geo_entropy_L_mean": 0.7408195886634404,
    "old_entropy_R_mean": 0.41973694043385523,
    "geo_entropy_R_mean": 0.6972978561873856
  },
  "verification": {
    "berry_non_trivial": true,
    "lr_anti_alignment": true,
    "chiral_separation": true,
    "berry_chirality": true,
    "entropy_generated": true,
    "purity_decreases": true,
    "spinor_normalization": true
  },
  "summary": "Spinors primary; rho derived; nested Hopf torus geometry runs first-class."
}