{
  "name": "engine_geometric",
  "torus_levels": [
    "inner",
    "clifford",
    "outer"
  ],
  "n_cycles": 10,
  "initial": {
    "eta": 0.7853981633974483,
    "bloch_L": [
      1.0,
      0.0,
      2.220446049250313e-16
    ],
    "bloch_R": [
      -1.0,
      0.0,
      -2.220446049250313e-16
    ]
  },
  "final": {
    "eta": 0.7853981633974483,
    "theta": 0.0,
    "phi": 0.0,
    "berry_phase_L": -2.349039214718318,
    "berry_phase_R": -3.0970308273011424,
    "bloch_L": [
      -0.13175986490419095,
      -0.005316278461241938,
      -0.17048520393891642
    ],
    "bloch_R": [
      0.21082845809147518,
      0.008506556921438334,
      -0.2682977826544989
    ],
    "psi_L": [
      [
        0.3232673491957752,
        0.0
      ],
      [
        -0.9455383318153071,
        -0.03815080617579216
      ]
    ],
    "psi_R": [
      [
        0.32707698635356974,
        0.0
      ],
      [
        0.9442294148538664,
        0.03809799368198103
      ]
    ],
    "correlation_matrix": [
      [
        -0.11017283883222244,
        0.05164054731229947,
        -0.012562333244767576
      ],
      [
        -0.007643194440225347,
        -0.003282641983730766,
        0.0699368241591838
      ],
      [
        -0.06007793271138515,
        -0.005605652080261862,
        0.001731954774072994
      ]
    ],
    "concurrence": 0.0
  },
  "trajectories": {
    "entropy_L": [
      0.5149028982579151,
      0.6529507881257743,
      0.8011275447721808,
      0.8518544911245479,
      0.8926020210160461,
      0.9154550949108005,
      0.935398189581946,
      0.9483343893587752,
      0.9591836928711235,
      0.9662260413866625
    ],
    "entropy_R": [
      0.507385976273852,
      0.6075362546178598,
      0.7515348131623358,
      0.7802099458609073,
      0.8224956232379085,
      0.8358174249846126,
      0.8659236913849642,
      0.8796993396795991,
      0.903718876149741,
      0.9142466058421854
    ],
    "lr_dot": [
      -0.25284919430542885,
      0.14619100611243746,
      -0.13236292040810105,
      0.047296005896802565,
      -0.08040494464009168,
      0.038987401339233174,
      -0.05245943896142734,
      0.028031880040115746,
      -0.03536145835221065,
      0.01791684981077889
    ],
    "purity_L": [
      0.7699407267757753,
      0.6641371675487275,
      0.5126143869077467,
      0.4452425729953209,
      0.38098864965312096,
      0.3389632943840197,
      0.2970053496938221,
      0.2660161258767877,
      0.23674407071333148,
      0.21553220079222973
    ],
    "purity_R": [
      0.7750167707210966,
      0.7018375750068215,
      0.5693542141036251,
      0.5374700314487052,
      0.48559483471945536,
      0.4677933324608982,
      0.42430618206172666,
      0.4025945416007567,
      0.3612163267325156,
      0.3413278488919521
    ],
    "concurrence": [
      0.08765341015841537,
      0.1616780859932318,
      0.17659172162425235,
      0.02252065234147456,
      0.0,
      0.0,
      0.0,
      0.0,
      0.0,
      0.0
    ]
  },
  "comparison": {
    "old_entropy_L_mean": 0.3896685593779497,
    "geo_entropy_L_mean": 0.8438035151405773,
    "old_entropy_R_mean": 0.41973694043385523,
    "geo_entropy_R_mean": 0.7868568551193966,
    "old_concurrence_mean": 0.04995996427818571,
    "geo_concurrence_mean": 0.04484438701173741
  },
  "verification": {
    "berry_non_trivial": true,
    "lr_anti_alignment": true,
    "chiral_separation": true,
    "berry_chirality": true,
    "entropy_generated": true,
    "purity_decreases": true,
    "spinor_normalization": true,
    "concurrence_nonzero": true,
    "rho_AB_psd": true,
    "rho_AB_trace_1": true
  },
  "summary": "Spinors primary; rho derived; Cl(3) bivector entangling coupling active; correlation matrix tracks L-R geometric entanglement."
}