{
  "name": "engine_geometric",
  "torus_levels": [
    "inner",
    "clifford",
    "outer"
  ],
  "n_cycles": 10,
  "initial": {
    "eta": 0.7853981633974483,
    "bloch_L": [
      1.0,
      0.0,
      2.220446049250313e-16
    ],
    "bloch_R": [
      -1.0,
      0.0,
      -2.220446049250313e-16
    ]
  },
  "final": {
    "eta": 0.7853981633974483,
    "theta": 0.0,
    "phi": 0.0,
    "berry_phase_L": -2.2680408141494137,
    "berry_phase_R": -3.104958041590285,
    "bloch_L": [
      -0.15225986771071875,
      -0.006143417464875227,
      -0.19550890597164644
    ],
    "bloch_R": [
      0.16805943308171536,
      0.006780902097543126,
      -0.21463207377202276
    ],
    "psi_L": [
      [
        0.32502022781994,
        0.0
      ],
      [
        -0.9449382066972855,
        -0.03812659218436517
      ]
    ],
    "psi_R": [
      [
        0.32626102961282066,
        0.0
      ],
      [
        0.9445112053199113,
        0.03810936343092775
      ]
    ],
    "correlation_matrix": [
      [
        -0.05672788818504495,
        0.0017397541977743443,
        -0.010490404304951878
      ],
      [
        0.04016741359875962,
        0.018354577472802197,
        0.07118708229982221
      ],
      [
        0.02083276169032089,
        -0.0020838219613698652,
        -0.01759064486484172
      ]
    ],
    "concurrence": 0.0
  },
  "trajectories": {
    "entropy_L": [
      0.5517291577703467,
      0.7076336487465179,
      0.814752739779999,
      0.8545144490573281,
      0.8812385143207413,
      0.8992272891318147,
      0.9177541143920958,
      0.9314741705912586,
      0.9457740248746693,
      0.9552116951125666
    ],
    "entropy_R": [
      0.5613173003696884,
      0.6874452364935401,
      0.8105565122125236,
      0.8387885536051165,
      0.8861064963930141,
      0.89769668393254,
      0.9204920801112307,
      0.927207213101344,
      0.9403103095202776,
      0.9456775368257797
    ],
    "lr_dot": [
      -0.23480662490793738,
      0.10885655292954677,
      -0.0923779293375229,
      0.0416881544666384,
      -0.06367894004182348,
      0.03344934835353391,
      -0.04490210645692566,
      0.024542627049204756,
      -0.031667934811322934,
      0.016332116968659847
    ],
    "purity_L": [
      0.7441433159589762,
      0.6140693397344145,
      0.49559198762736084,
      0.44137193234455485,
      0.4000856985073304,
      0.36934577912067207,
      0.3344148736359698,
      0.3057500534446284,
      0.2724454086254776,
      0.2478800944159563
    ],
    "purity_R": [
      0.7371617758302372,
      0.6332125496393084,
      0.5009095687942938,
      0.46371229558496474,
      0.39203205010857184,
      0.37207140348235196,
      0.3289091073207402,
      0.3149654620434586,
      0.2856568481440724,
      0.2726845811055019
    ],
    "concurrence": [
      0.13935644082184112,
      0.03423297501672474,
      0.009135687147420801,
      0.0,
      0.0,
      0.0,
      0.0,
      0.0,
      0.0,
      0.0
    ]
  },
  "comparison": {
    "old_entropy_L_mean": 0.5774659275549224,
    "geo_entropy_L_mean": 0.845930980377734,
    "old_entropy_R_mean": 0.5878557455698271,
    "geo_entropy_R_mean": 0.8415597922565056,
    "old_concurrence_mean": 0.4169038706676228,
    "geo_concurrence_mean": 0.018272510298598665
  },
  "verification": {
    "berry_non_trivial": true,
    "lr_anti_alignment": true,
    "chiral_separation": true,
    "berry_chirality": true,
    "entropy_generated": true,
    "purity_decreases": true,
    "spinor_normalization": true,
    "concurrence_nonzero": true,
    "rho_AB_psd": true,
    "rho_AB_trace_1": true
  },
  "summary": "Spinors primary; rho derived; Cl(3) bivector entangling coupling active; correlation matrix tracks L-R geometric entanglement."
}