{
  "timestamp": "2026-04-05T06:46:40.685540+00:00",
  "probe": "sim_history_vs_pointwise_ax0",
  "description": "Compares pointwise (Ax0-native) and history-window (Ax2-adjacent) bridge families. Does NOT collapse them into one winner.",
  "results": [
    {
      "engine_type": 1,
      "torus": "inner",
      "pointwise": {
        "lr_direct": {
          "mi": 1.1102230246251565e-16,
          "ic": -0.06201836273785191
        },
        "shell_cq": {
          "mi": 0.5103117431356359,
          "ic": -0.7656824709164393
        },
        "point_ref_cq": {
          "mi": 0.12939999390102153,
          "ic": -0.8706000060989785
        }
      },
      "history_window": {
        "hist_uniform": {
          "mi": 0.010438314712519325,
          "ic": -0.29147056884829337
        },
        "hist_retro_exp": {
          "mi": 1.7457223800542139,
          "ic": 0.7477037073392185
        },
        "hist_fe_indexed": {
          "mi": 1.5389508774220975,
          "ic": 0.5457496195079709
        }
      },
      "pointwise_best": "shell_cq",
      "pointwise_best_mi": 0.5103117431356359,
      "history_best": "hist_retro_exp",
      "history_best_mi": 1.7457223800542139,
      "history_steps": 8
    },
    {
      "engine_type": 1,
      "torus": "clifford",
      "pointwise": {
        "lr_direct": {
          "mi": 1.1102230246251565e-16,
          "ic": -0.4042656133655854
        },
        "shell_cq": {
          "mi": 0.6294810275455314,
          "ic": -0.9119598358735737
        },
        "point_ref_cq": {
          "mi": 0.18248118198951646,
          "ic": -0.8175188180104834
        }
      },
      "history_window": {
        "hist_uniform": {
          "mi": 0.004292586529197395,
          "ic": -0.6018270889711347
        },
        "hist_retro_exp": {
          "mi": 1.1540271058476326,
          "ic": 0.17385651209706032
        },
        "hist_fe_indexed": {
          "mi": 0.6754667892179762,
          "ic": -0.2872152934567611
        }
      },
      "pointwise_best": "shell_cq",
      "pointwise_best_mi": 0.6294810275455314,
      "history_best": "hist_retro_exp",
      "history_best_mi": 1.1540271058476326,
      "history_steps": 8
    },
    {
      "engine_type": 1,
      "torus": "outer",
      "pointwise": {
        "lr_direct": {
          "mi": 8.049116928532385e-16,
          "ic": -0.06202232001164716
        },
        "shell_cq": {
          "mi": 0.5103117431356357,
          "ic": -0.7656824709164398
        },
        "point_ref_cq": {
          "mi": 0.12940394107347064,
          "ic": -0.8705960589265294
        }
      },
      "history_window": {
        "hist_uniform": {
          "mi": 0.01043790010976986,
          "ic": -0.2919211830148786
        },
        "hist_retro_exp": {
          "mi": 1.745819389502617,
          "ic": 0.7477981545961333
        },
        "hist_fe_indexed": {
          "mi": 1.538950989965378,
          "ic": 0.5457619725213696
        }
      },
      "pointwise_best": "shell_cq",
      "pointwise_best_mi": 0.5103117431356357,
      "history_best": "hist_retro_exp",
      "history_best_mi": 1.745819389502617,
      "history_steps": 8
    },
    {
      "engine_type": 2,
      "torus": "inner",
      "pointwise": {
        "lr_direct": {
          "mi": 0.0,
          "ic": -0.26216064418687074
        },
        "shell_cq": {
          "mi": 0.5103117431356359,
          "ic": -0.7656824709164393
        },
        "point_ref_cq": {
          "mi": 0.1676964293870613,
          "ic": -0.8323035706129387
        }
      },
      "history_window": {
        "hist_uniform": {
          "mi": 0.008502750910262424,
          "ic": -0.32052941796990136
        },
        "hist_retro_exp": {
          "mi": 1.6218874747826466,
          "ic": 0.6259109546248356
        },
        "hist_fe_indexed": {
          "mi": 1.794231559136392,
          "ic": 0.7960180075080874
        }
      },
      "pointwise_best": "shell_cq",
      "pointwise_best_mi": 0.5103117431356359,
      "history_best": "hist_fe_indexed",
      "history_best_mi": 1.794231559136392,
      "history_steps": 8
    },
    {
      "engine_type": 2,
      "torus": "clifford",
      "pointwise": {
        "lr_direct": {
          "mi": 4.440892098500626e-16,
          "ic": -0.5383579551690076
        },
        "shell_cq": {
          "mi": 0.6294810275455314,
          "ic": -0.9119598358735737
        },
        "point_ref_cq": {
          "mi": 0.2413948578535554,
          "ic": -0.7586051421464447
        }
      },
      "history_window": {
        "hist_uniform": {
          "mi": 0.002614987512798983,
          "ic": -0.6167155234502137
        },
        "hist_retro_exp": {
          "mi": 1.0081714385087208,
          "ic": 0.03459461063360225
        },
        "hist_fe_indexed": {
          "mi": 1.4245166370576587,
          "ic": 0.43869377849143687
        }
      },
      "pointwise_best": "shell_cq",
      "pointwise_best_mi": 0.6294810275455314,
      "history_best": "hist_fe_indexed",
      "history_best_mi": 1.4245166370576587,
      "history_steps": 8
    },
    {
      "engine_type": 2,
      "torus": "outer",
      "pointwise": {
        "lr_direct": {
          "mi": 5.551115123125783e-16,
          "ic": -0.26214851663256755
        },
        "shell_cq": {
          "mi": 0.5103117431356357,
          "ic": -0.7656824709164398
        },
        "point_ref_cq": {
          "mi": 0.16771843051521418,
          "ic": -0.8322815694847858
        }
      },
      "history_window": {
        "hist_uniform": {
          "mi": 0.008514368450055487,
          "ic": -0.319835984584356
        },
        "hist_retro_exp": {
          "mi": 1.6217173110853524,
          "ic": 0.6257442582192385
        },
        "hist_fe_indexed": {
          "mi": 1.7942314188216177,
          "ic": 0.7960176372175426
        }
      },
      "pointwise_best": "shell_cq",
      "pointwise_best_mi": 0.5103117431356357,
      "history_best": "hist_fe_indexed",
      "history_best_mi": 1.7942314188216177,
      "history_steps": 8
    }
  ],
  "summary": {
    "pointwise": {
      "mean_mi": {
        "lr_direct": 3.3769283665681843e-16,
        "shell_cq": 0.5500348379389343,
        "point_ref_cq": 0.1696824724533066
      },
      "mean_ic": {
        "lr_direct": -0.2651622353505884,
        "shell_cq": -0.8144415925688175,
        "point_ref_cq": -0.8303175275466934
      },
      "winner_counts": {
        "lr_direct": 0,
        "shell_cq": 6,
        "point_ref_cq": 0
      },
      "best": "shell_cq",
      "best_mi": 0.5500348379389343
    },
    "history_window": {
      "mean_mi": {
        "hist_uniform": 0.007466818037433913,
        "hist_retro_exp": 1.4828908499635307,
        "hist_fe_indexed": 1.461058045270187
      },
      "mean_ic": {
        "hist_uniform": -0.40704996113979636,
        "hist_retro_exp": 0.4926013662516813,
        "hist_fe_indexed": 0.472504286964941
      },
      "winner_counts": {
        "hist_uniform": 0,
        "hist_retro_exp": 3,
        "hist_fe_indexed": 3
      },
      "best": "hist_retro_exp",
      "best_mi": 1.4828908499635307
    },
    "cross_family": {
      "gap_history_minus_pointwise": 0.9328560120245964,
      "verdict": "history_leads",
      "note": "diagnostic only \u2014 both families remain open and must be narrowed independently"
    }
  }
}