{
  "timestamp": "2026-04-15T11:08:16.370485+00:00",
  "probe": "sim_history_mispair_counterfeit",
  "bridge_candidate": "Xi_chiral_entangle",
  "rows": [
    {
      "engine_type": 1,
      "torus": "inner",
      "eta": 0.39269908169872414,
      "live": {
        "I_AB": 0.8296233487343229,
        "I_c": 0.024029467502319712,
        "S_A": 0.8055938812320032,
        "S_B": 0.6894721696471875,
        "S_AB": 0.6654427021448678,
        "S_A_given_B": -0.024029467502319712,
        "D_KL_to_product": 0.5750510851018953
      },
      "counterfeit": {
        "I_AB": 0.8150567531515642,
        "I_c": 0.02243749925694183,
        "S_A": 0.7926192538946224,
        "S_B": 0.6427078472282552,
        "S_AB": 0.6202703479713134,
        "S_A_given_B": -0.02243749925694183,
        "D_KL_to_product": 0.5649542904433497
      },
      "delta_I_AB": 0.014566595582758635,
      "delta_I_c": 0.0015919682453778838
    },
    {
      "engine_type": 1,
      "torus": "clifford",
      "eta": 0.7853981633974483,
      "live": {
        "I_AB": 0.840069477800434,
        "I_c": -0.042430650119359425,
        "S_A": 0.8825001279197935,
        "S_B": 0.8821322983006267,
        "S_AB": 0.9245629484199861,
        "S_A_given_B": 0.042430650119359425,
        "D_KL_to_product": 0.5822917900118363
      },
      "counterfeit": {
        "I_AB": 0.8404934175281227,
        "I_c": -0.02757835302834355,
        "S_A": 0.8680717705564662,
        "S_B": 0.8679432495569057,
        "S_AB": 0.8955216025852493,
        "S_A_given_B": 0.02757835302834355,
        "D_KL_to_product": 0.5825856426388095
      },
      "delta_I_AB": -0.0004239397276887269,
      "delta_I_c": -0.014852297091015876
    },
    {
      "engine_type": 1,
      "torus": "outer",
      "eta": 1.1780972450961724,
      "live": {
        "I_AB": 0.8300927993879813,
        "I_c": 0.13925409428274815,
        "S_A": 0.6908387051052332,
        "S_B": 0.8065957829079253,
        "S_AB": 0.6673416886251772,
        "S_A_given_B": -0.13925409428274815,
        "D_KL_to_product": 0.5753764834988906
      },
      "counterfeit": {
        "I_AB": 0.769807090962251,
        "I_c": 0.17142874591120405,
        "S_A": 0.598378345051047,
        "S_B": 0.7507786105857461,
        "S_AB": 0.5793498646745421,
        "S_A_given_B": -0.17142874591120405,
        "D_KL_to_product": 0.5335896146755366
      },
      "delta_I_AB": 0.06028570842573033,
      "delta_I_c": -0.0321746516284559
    },
    {
      "engine_type": 2,
      "torus": "inner",
      "eta": 0.39269908169872414,
      "live": {
        "I_AB": 0.821948250322659,
        "I_c": 0.028753953403314103,
        "S_A": 0.7931942969193447,
        "S_B": 0.6815516586463493,
        "S_AB": 0.6527977052430352,
        "S_A_given_B": -0.028753953403314103,
        "D_KL_to_product": 0.5697311122773294
      },
      "counterfeit": {
        "I_AB": 0.8190926115734105,
        "I_c": -0.11045221479089051,
        "S_A": 0.9295448263643011,
        "S_B": 0.807543588815434,
        "S_AB": 0.9179958036063245,
        "S_A_given_B": 0.11045221479089051,
        "D_KL_to_product": 0.5677517343295911
      },
      "delta_I_AB": 0.0028556387492484347,
      "delta_I_c": 0.13920616819420462
    },
    {
      "engine_type": 2,
      "torus": "clifford",
      "eta": 0.7853981633974483,
      "live": {
        "I_AB": 0.7968774050684551,
        "I_c": -0.11963463564433718,
        "S_A": 0.9165120407127921,
        "S_B": 0.9135543508860278,
        "S_AB": 1.033188986530365,
        "S_A_given_B": 0.11963463564433718,
        "D_KL_to_product": 0.552353326575123
      },
      "counterfeit": {
        "I_AB": 0.4832707463356931,
        "I_c": -0.4336122121808653,
        "S_A": 0.9168829585165585,
        "S_B": 0.9778570245879438,
        "S_AB": 1.411469236768809,
        "S_A_given_B": 0.4336122121808653,
        "D_KL_to_product": 0.33497775526968687
      },
      "delta_I_AB": 0.31360665873276194,
      "delta_I_c": 0.31397757653652814
    },
    {
      "engine_type": 2,
      "torus": "outer",
      "eta": 1.1780972450961724,
      "live": {
        "I_AB": 0.820914432251888,
        "I_c": 0.1410566358093488,
        "S_A": 0.6798577964425393,
        "S_B": 0.7904602567284682,
        "S_AB": 0.6494036209191194,
        "S_A_given_B": -0.1410566358093488,
        "D_KL_to_product": 0.5690145241963631
      },
      "counterfeit": {
        "I_AB": 0.8521060989644775,
        "I_c": 0.013555976914714885,
        "S_A": 0.8385501220497626,
        "S_B": 0.9851769265589894,
        "S_AB": 0.9716209496442745,
        "S_A_given_B": -0.013555976914714885,
        "D_KL_to_product": 0.5906349400351627
      },
      "delta_I_AB": -0.03119166671258955,
      "delta_I_c": 0.1275006588946339
    }
  ],
  "summary": {
    "mean_live_I_AB": 0.8232542855942899,
    "mean_counterfeit_I_AB": 0.7633044530859198,
    "mean_live_I_c": 0.028504810872339026,
    "mean_counterfeit_I_c": -0.06070342631953977,
    "mean_I_AB_gap": 0.05994983250837016,
    "mean_I_c_gap": 0.08920823719187879,
    "counterfeit_beats_live_on_I_AB_count": 2,
    "live_beats_counterfeit_on_I_c_count": 4
  }
}