{
  "timestamp": "2026-04-01T11:22:26.185634+00:00",
  "probe": "sim_history_mispair_counterfeit",
  "bridge_candidate": "Xi_chiral_entangle",
  "rows": [
    {
      "engine_type": 1,
      "torus": "inner",
      "eta": 0.39269908169872414,
      "live": {
        "I_AB": 0.23698473607220205,
        "I_c": 0.04388156472649389,
        "S_A": 0.19310317134570815,
        "S_B": 0.1571630647373438,
        "S_AB": 0.1132815000108499,
        "S_A_given_B": -0.04388156472649389,
        "D_KL_to_product": 0.1642653016441598
      },
      "counterfeit": {
        "I_AB": 0.8456117769565875,
        "I_c": -0.03349699333139056,
        "S_A": 0.8791087702879781,
        "S_B": 0.7400728841812829,
        "S_AB": 0.7735698775126735,
        "S_A_given_B": 0.03349699333139056,
        "D_KL_to_product": 0.5861334190457443
      },
      "delta_I_AB": -0.6086270408843855,
      "delta_I_c": 0.07737855805788445
    },
    {
      "engine_type": 1,
      "torus": "clifford",
      "eta": 0.7853981633974483,
      "live": {
        "I_AB": 0.8473288561559795,
        "I_c": 0.09223157048174191,
        "S_A": 0.7550972856742375,
        "S_B": 0.7557235420717007,
        "S_AB": 0.6634919715899588,
        "S_A_given_B": -0.09223157048174191,
        "D_KL_to_product": 0.5873236076515985
      },
      "counterfeit": {
        "I_AB": 0.6407245347789863,
        "I_c": -0.26091710181987693,
        "S_A": 0.9016416365988633,
        "S_B": 0.9782372720288038,
        "S_AB": 1.2391543738486808,
        "S_A_given_B": 0.26091710181987693,
        "D_KL_to_product": 0.44411640479763614
      },
      "delta_I_AB": 0.20660432137699325,
      "delta_I_c": 0.35314867230161884
    },
    {
      "engine_type": 1,
      "torus": "outer",
      "eta": 1.1780972450961724,
      "live": {
        "I_AB": 0.23669682718385213,
        "I_c": 0.07990744259848889,
        "S_A": 0.15678938458536323,
        "S_B": 0.19275596686575536,
        "S_AB": 0.11284852426726646,
        "S_A_given_B": -0.07990744259848889,
        "D_KL_to_product": 0.1640657384099425
      },
      "counterfeit": {
        "I_AB": 0.9023082107253123,
        "I_c": 0.14208212768272344,
        "S_A": 0.7602260830425889,
        "S_B": 0.93313897659027,
        "S_AB": 0.7910568489075466,
        "S_A_given_B": -0.14208212768272344,
        "D_KL_to_product": 0.6254323922603391
      },
      "delta_I_AB": -0.6656113835414602,
      "delta_I_c": -0.06217468508423454
    },
    {
      "engine_type": 2,
      "torus": "inner",
      "eta": 0.39269908169872414,
      "live": {
        "I_AB": 0.6607853502290768,
        "I_c": 0.0794800304310162,
        "S_A": 0.5813053197980607,
        "S_B": 0.4931356919015215,
        "S_AB": 0.4136556614705053,
        "S_A_given_B": -0.0794800304310162,
        "D_KL_to_product": 0.4580215024665963
      },
      "counterfeit": {
        "I_AB": 0.7438150185064087,
        "I_c": 0.04205294874285315,
        "S_A": 0.7017620697635556,
        "S_B": 0.5579391119510213,
        "S_AB": 0.5158861632081682,
        "S_A_given_B": -0.04205294874285315,
        "D_KL_to_product": 0.5155732829358601
      },
      "delta_I_AB": -0.08302966827733194,
      "delta_I_c": 0.037427081688163055
    },
    {
      "engine_type": 2,
      "torus": "clifford",
      "eta": 0.7853981633974483,
      "live": {
        "I_AB": 0.8680669594160358,
        "I_c": 0.0019657327040591976,
        "S_A": 0.8661012267119765,
        "S_B": 0.866197391324767,
        "S_AB": 0.8642316586207078,
        "S_A_given_B": -0.0019657327040591976,
        "D_KL_to_product": 0.6016981654564688
      },
      "counterfeit": {
        "I_AB": 0.8478312349011878,
        "I_c": -0.023637521843431708,
        "S_A": 0.8714687567446195,
        "S_B": 0.8675946733512614,
        "S_AB": 0.8912321951946931,
        "S_A_given_B": 0.023637521843431708,
        "D_KL_to_product": 0.5876718300624152
      },
      "delta_I_AB": 0.020235724514848008,
      "delta_I_c": 0.025603254547490906
    },
    {
      "engine_type": 2,
      "torus": "outer",
      "eta": 1.1780972450961724,
      "live": {
        "I_AB": 0.6607038508508303,
        "I_c": 0.1676542232183213,
        "S_A": 0.4930496276325089,
        "S_B": 0.5812161747634175,
        "S_AB": 0.4135619515450962,
        "S_A_given_B": -0.1676542232183213,
        "D_KL_to_product": 0.4579650114023446
      },
      "counterfeit": {
        "I_AB": 0.7773091721156103,
        "I_c": 0.17650630670069434,
        "S_A": 0.600802865414916,
        "S_B": 0.7419071293328601,
        "S_AB": 0.5654008226321657,
        "S_A_given_B": -0.17650630670069434,
        "D_KL_to_product": 0.5387896610753183
      },
      "delta_I_AB": -0.11660532126478007,
      "delta_I_c": -0.008852083482373041
    }
  ],
  "summary": {
    "mean_live_I_AB": 0.5850944299846628,
    "mean_counterfeit_I_AB": 0.7929333246640154,
    "mean_live_I_c": 0.0775200940266869,
    "mean_counterfeit_I_c": 0.007098294355261954,
    "mean_I_AB_gap": -0.20783889467935268,
    "mean_I_c_gap": 0.07042179967142495,
    "counterfeit_beats_live_on_I_AB_count": 4,
    "live_beats_counterfeit_on_I_c_count": 4
  }
}