{
  "timestamp": "2026-04-08T08:40:44.006487+00:00",
  "probe": "sim_history_vs_pointwise_ax0",
  "description": "Compares pointwise (Ax0-native) and history-window (Ax2-adjacent) bridge families. Does NOT collapse them into one winner.",
  "results": [
    {
      "engine_type": 1,
      "torus": "inner",
      "pointwise": {
        "lr_direct": {
          "mi": 4.440892098500626e-16,
          "ic": -0.3416509826897583
        },
        "shell_cq": {
          "mi": 0.5103117431356359,
          "ic": -0.7656824709164393
        },
        "point_ref_cq": {
          "mi": 0.18626784986209954,
          "ic": -0.8137321501379005
        }
      },
      "history_window": {
        "hist_uniform": {
          "mi": 0.00651270176183516,
          "ic": -0.2564539734819488
        },
        "hist_retro_exp": {
          "mi": 1.7812598167035296,
          "ic": 0.782501417300127
        },
        "hist_fe_indexed": {
          "mi": 1.497246052074022,
          "ic": 0.5055588798990837
        }
      },
      "pointwise_best": "shell_cq",
      "pointwise_best_mi": 0.5103117431356359,
      "history_best": "hist_retro_exp",
      "history_best_mi": 1.7812598167035296,
      "history_steps": 8
    },
    {
      "engine_type": 1,
      "torus": "clifford",
      "pointwise": {
        "lr_direct": {
          "mi": 0.0,
          "ic": -0.5718229236957384
        },
        "shell_cq": {
          "mi": 0.6294810275455314,
          "ic": -0.9119598358735737
        },
        "point_ref_cq": {
          "mi": 0.21405712862957293,
          "ic": -0.7859428713704271
        }
      },
      "history_window": {
        "hist_uniform": {
          "mi": 0.002203702773391214,
          "ic": -0.5816745213158547
        },
        "hist_retro_exp": {
          "mi": 1.2457291707659146,
          "ic": 0.26190598106968377
        },
        "hist_fe_indexed": {
          "mi": 0.8104354333610027,
          "ic": -0.1607218440263306
        }
      },
      "pointwise_best": "shell_cq",
      "pointwise_best_mi": 0.6294810275455314,
      "history_best": "hist_retro_exp",
      "history_best_mi": 1.2457291707659146,
      "history_steps": 8
    },
    {
      "engine_type": 1,
      "torus": "outer",
      "pointwise": {
        "lr_direct": {
          "mi": 0.0,
          "ic": -0.34183230662814085
        },
        "shell_cq": {
          "mi": 0.5103117431356357,
          "ic": -0.7656824709164398
        },
        "point_ref_cq": {
          "mi": 0.18650843346763502,
          "ic": -0.813491566532365
        }
      },
      "history_window": {
        "hist_uniform": {
          "mi": 0.006290880023432255,
          "ic": -0.28401012335653536
        },
        "hist_retro_exp": {
          "mi": 1.781067737859938,
          "ic": 0.7822815534221204
        },
        "hist_fe_indexed": {
          "mi": 1.4972460520740212,
          "ic": 0.5055588798990824
        }
      },
      "pointwise_best": "shell_cq",
      "pointwise_best_mi": 0.5103117431356357,
      "history_best": "hist_retro_exp",
      "history_best_mi": 1.781067737859938,
      "history_steps": 8
    },
    {
      "engine_type": 2,
      "torus": "inner",
      "pointwise": {
        "lr_direct": {
          "mi": 5.551115123125783e-16,
          "ic": -0.37664618399754457
        },
        "shell_cq": {
          "mi": 0.5103117431356359,
          "ic": -0.7656824709164393
        },
        "point_ref_cq": {
          "mi": 0.1723289168135158,
          "ic": -0.8276710831864842
        }
      },
      "history_window": {
        "hist_uniform": {
          "mi": 0.005371806386246125,
          "ic": -0.3085710541243324
        },
        "hist_retro_exp": {
          "mi": 1.7105799966106514,
          "ic": 0.7125535352080499
        },
        "hist_fe_indexed": {
          "mi": 1.6170065259598962,
          "ic": 0.6238883844608891
        }
      },
      "pointwise_best": "shell_cq",
      "pointwise_best_mi": 0.5103117431356359,
      "history_best": "hist_retro_exp",
      "history_best_mi": 1.7105799966106514,
      "history_steps": 8
    },
    {
      "engine_type": 2,
      "torus": "clifford",
      "pointwise": {
        "lr_direct": {
          "mi": 0.0,
          "ic": -0.6423774052127016
        },
        "shell_cq": {
          "mi": 0.6294810275455314,
          "ic": -0.9119598358735737
        },
        "point_ref_cq": {
          "mi": 0.22356346588173093,
          "ic": -0.776436534118269
        }
      },
      "history_window": {
        "hist_uniform": {
          "mi": 0.0015420979241163035,
          "ic": -0.603318600523431
        },
        "hist_retro_exp": {
          "mi": 0.9691384497273144,
          "ic": -0.00032351439648869995
        },
        "hist_fe_indexed": {
          "mi": 0.868645016405575,
          "ic": -0.06653310064342854
        }
      },
      "pointwise_best": "shell_cq",
      "pointwise_best_mi": 0.6294810275455314,
      "history_best": "hist_retro_exp",
      "history_best_mi": 0.9691384497273144,
      "history_steps": 8
    },
    {
      "engine_type": 2,
      "torus": "outer",
      "pointwise": {
        "lr_direct": {
          "mi": 0.0,
          "ic": -0.37515064015684335
        },
        "shell_cq": {
          "mi": 0.5103117431356357,
          "ic": -0.7656824709164398
        },
        "point_ref_cq": {
          "mi": 0.17189071528972022,
          "ic": -0.8281092847102799
        }
      },
      "history_window": {
        "hist_uniform": {
          "mi": 0.0051372431978741195,
          "ic": -0.30431177195139825
        },
        "hist_retro_exp": {
          "mi": 1.7164685111893205,
          "ic": 0.718397180782328
        },
        "hist_fe_indexed": {
          "mi": 1.6170065259598938,
          "ic": 0.6238883844608863
        }
      },
      "pointwise_best": "shell_cq",
      "pointwise_best_mi": 0.5103117431356357,
      "history_best": "hist_retro_exp",
      "history_best_mi": 1.7164685111893205,
      "history_steps": 8
    }
  ],
  "summary": {
    "pointwise": {
      "mean_mi": {
        "lr_direct": 1.6653345369377348e-16,
        "shell_cq": 0.5500348379389343,
        "point_ref_cq": 0.1924360849907124
      },
      "mean_ic": {
        "lr_direct": -0.44158007373012115,
        "shell_cq": -0.8144415925688175,
        "point_ref_cq": -0.8075639150092876
      },
      "winner_counts": {
        "lr_direct": 0,
        "shell_cq": 6,
        "point_ref_cq": 0
      },
      "best": "shell_cq",
      "best_mi": 0.5500348379389343
    },
    "history_window": {
      "mean_mi": {
        "hist_uniform": 0.004509738677815863,
        "hist_retro_exp": 1.534040613809445,
        "hist_fe_indexed": 1.3179309343057353
      },
      "mean_ic": {
        "hist_uniform": -0.38972334079225,
        "hist_retro_exp": 0.5428860255643033,
        "hist_fe_indexed": 0.338606597341697
      },
      "winner_counts": {
        "hist_uniform": 0,
        "hist_retro_exp": 6,
        "hist_fe_indexed": 0
      },
      "best": "hist_retro_exp",
      "best_mi": 1.534040613809445
    },
    "cross_family": {
      "gap_history_minus_pointwise": 0.9840057758705106,
      "verdict": "history_leads",
      "note": "diagnostic only \u2014 both families remain open and must be narrowed independently"
    }
  }
}