{
  "layer": 9,
  "name": "strength_goldilocks",
  "positive": {
    "P1_midrange_nonzero": {
      "pass": true,
      "concurrence_at_0.5": 0.4172289817728478,
      "note": "strength=0.5 produces nonzero entanglement"
    }
  },
  "negative": {
    "N1_zero_strength_identity": {
      "pass": false,
      "concurrence_at_0.0": 0.14111999972113817,
      "note": "strength=0 produces no entanglement (identity)"
    },
    "N2_extremes_vs_midrange": {
      "pass": true,
      "concurrence_sweep": {
        "0.0": 0.14111999972113817,
        "0.1": 0.489709552991052,
        "0.25": 0.44180280360974844,
        "0.5": 0.4172289817728478,
        "0.75": 0.37233102820114355,
        "1.0": 0.3925780562810523
      },
      "best_midrange": 0.44180280360974844,
      "concurrence_at_0.0": 0.14111999972113817,
      "concurrence_at_1.0": 0.3925780562810523,
      "note": "Midrange strength >= extreme strengths"
    }
  },
  "tools_used": [
    "GeometricEngine",
    "StageControls",
    "concurrence_4x4"
  ],
  "timestamp": "2026-04-05",
  "summary": {
    "passed": 2,
    "total": 3,
    "all_pass": false
  }
}