{
  "layer": 16,
  "name": "3q_vs_2q_advantage",
  "positive": {
    "P1": {
      "description": "3q max I_c > 2q max I_c (cross-partition advantage)",
      "max_I_c_3q": 0.6471561,
      "max_I_c_2q": 0.1825126,
      "advantage_ratio": 3.5458,
      "trajectory_3q": [
        0.1825125951,
        0.4544278361,
        0.63280603,
        0.6471560995,
        0.5029177651,
        0.2695001275,
        0.0642618526,
        0.0018057438,
        0.0914132833,
        0.2335979868,
        0.3293152764,
        0.3310115948,
        0.2447068556,
        0.1188797008,
        0.022024047,
        0.0035476984,
        0.0579129536,
        0.135145349,
        0.1834775306,
        0.1775230191,
        0.1241779591,
        0.0547916148,
        0.0074567603,
        0.0042286847,
        0.0378403946,
        0.0803861731,
        0.104091206,
        0.0964086926,
        0.06367975,
        0.0253716052
      ],
      "trajectory_2q": [
        0.1825125951,
        -0.0,
        0.1342000723,
        -0.0,
        0.1059389093,
        0.0,
        0.0861565908,
        0.0,
        0.0712591466,
        0.0,
        0.0595828291,
        0.0,
        0.050199486,
        0.0,
        0.0425299721,
        0.0,
        0.0361848385,
        -0.0,
        0.0308878972,
        0.0,
        0.0264354219,
        -0.0,
        0.0226725642,
        -0.0,
        0.0194788489,
        -0.0,
        0.0167587957,
        -0.0,
        0.0144356029,
        -0.0
      ],
      "pass": true
    },
    "P2": {
      "description": "Advantage is structural: 3q with cross-partition Fi vs 3q without (same dimension)",
      "max_I_c_3q_with_Fi_cut1": 0.6471561,
      "max_I_c_3q_no_Fi_cut2": -0.12716372,
      "max_I_c_2q": 0.1825126,
      "structural_advantage": true,
      "pass": true
    }
  },
  "negative": {
    "N1": {
      "description": "Random 8x8 unitaries -> I_c not reliably sustained (structure matters)",
      "engine_positive_cycles": 30,
      "random_avg_positive_cycles": 7.2,
      "random_positive_per_trial": [
        8,
        7,
        6,
        7,
        7,
        9,
        8,
        8,
        6,
        6
      ],
      "random_max_ics": [
        0.8572056,
        0.7489896,
        0.65792021,
        0.78869589,
        0.83369228,
        0.89306111,
        0.89903668,
        0.70984659,
        0.62333821,
        0.70507648
      ],
      "engine_outperforms_random_avg": true,
      "pass": true
    }
  },
  "summary": "3/3 tests passed",
  "tools_used": [
    "numpy",
    "von_neumann_entropy",
    "partial_trace_keep"
  ],
  "timestamp": "2026-04-05"
}