{
  "layer": 19,
  "name": "Axis 0",
  "positive": {
    "P1_toponetx_shell_mapping": {
      "description": "I_c mapped onto torus cell complex shells with gradient",
      "cell_complex_stats": {
        "n_vertices": 24,
        "n_edges": 40,
        "n_faces": 16
      },
      "ic_per_eta": {
        "inner": {
          "eta": 0.392699,
          "mean_ic": -0.08585428,
          "trajectory_1vs23": [
            0.0,
            0.05147579,
            0.10365869,
            0.17823771,
            0.2057294,
            0.23316417,
            0.21629614,
            0.19417827,
            0.14791983,
            0.09559139,
            0.03600063,
            -0.03125097,
            -0.09691073,
            -0.17103659,
            -0.2358267,
            -0.3096006,
            -0.36319769,
            -0.43018452,
            -0.46751156,
            -0.5250385,
            -0.54877974
          ]
        },
        "clifford": {
          "eta": 0.785398,
          "mean_ic": -0.13336413,
          "trajectory_1vs23": [
            0.0,
            0.18184794,
            0.2058081,
            0.28302676,
            0.40055782,
            0.41087431,
            0.30249462,
            0.15485517,
            -0.02425916,
            -0.21310648,
            -0.41162799,
            -0.48652766,
            -0.43052585,
            -0.43253437,
            -0.35356302,
            -0.26117474,
            -0.26857226,
            -0.30705691,
            -0.35876828,
            -0.47399953,
            -0.58503105
          ]
        },
        "outer": {
          "eta": 1.178097,
          "mean_ic": -0.09026803,
          "trajectory_1vs23": [
            0.0,
            0.21092132,
            0.36795529,
            0.52400988,
            0.5871182,
            0.41962115,
            0.20075616,
            -0.09653155,
            -0.35205072,
            -0.4112907,
            -0.29153772,
            -0.07864815,
            0.04512288,
            0.01564836,
            -0.10742896,
            -0.3490913,
            -0.55413156,
            -0.60794835,
            -0.56547483,
            -0.44065888,
            -0.3217212
          ]
        }
      },
      "shell_ic_gradient": [
        {
          "shell": "inner->clifford",
          "inner_ic": -0.08585428,
          "outer_ic": -0.13336413,
          "delta_ic": -0.04750985
        },
        {
          "shell": "clifford->outer",
          "inner_ic": -0.13336413,
          "outer_ic": -0.09026803,
          "delta_ic": 0.0430961
        }
      ],
      "all_three_differ": true,
      "passed": true
    },
    "P2_max_ic_positive": {
      "description": "Max I_c > 0 over 20 cycles at Clifford torus (earned entanglement)",
      "max_ic": 0.41087431,
      "positive_cycles": 7,
      "passed": true
    }
  },
  "negative": {
    "N1_no_bridge": {
      "description": "Without Fe, max I_c is strictly lower than with Fe (bridge is load-bearing)",
      "max_ic_no_fe": 0.09684578,
      "max_ic_with_fe": 0.41087431,
      "fe_advantage": true,
      "trajectory_no_fe": [
        0.09684578,
        -0.09171036,
        -0.19757694,
        -0.16309422,
        -0.24621149,
        -0.30559689,
        -0.33843548,
        -0.37455335,
        -0.38461682,
        -0.4657394,
        -0.48702833,
        -0.45854158,
        -0.55367346,
        -0.57776336,
        -0.53602324,
        -0.6161329,
        -0.64323078,
        -0.61454209,
        -0.66730363,
        -0.68723874
      ],
      "passed": true
    }
  },
  "tools_used": [
    "TopoNetX",
    "numpy"
  ],
  "timestamp": "2026-04-06",
  "summary": "Axis 0: shell gradient=True, max I_c=0.410874>0, Fe advantage=True (with=0.410874 vs without=0.096846)"
}