{
  "name": "layer19_p1_gradient_rerun",
  "note": "Rerun after eta-dependent operator scaling wired into engine_3qubit.py",
  "three_point_gradient": {
    "INNER": {
      "eta": 0.39269908169872414,
      "R_major": 0.9238795325112867,
      "R_minor": 0.3826834323650898,
      "mean_ic": -0.11026280080929488,
      "max_ic": 0.19242551052830004,
      "trajectory": [
        0.0,
        0.03222340427068644,
        0.08809870266994213,
        0.14048397505133264,
        0.17689947225845987,
        0.19242551052830004,
        0.1866359484648228,
        0.16172077552955355,
        0.12118212467019729,
        0.06891836914890015,
        0.008606665441536099,
        -0.05666786899439136,
        -0.12456816319524455,
        -0.19346792486837805,
        -0.2622443008989078,
        -0.32994596828422296,
        -0.3954307497576852,
        -0.45712002223670023,
        -0.5130122384970253,
        -0.5609866953915854,
        -0.5992698329047823
      ]
    },
    "CLIFFORD": {
      "eta": 0.7853981633974483,
      "R_major": 0.7071067811865476,
      "R_minor": 0.7071067811865475,
      "mean_ic": -0.1496630738658022,
      "max_ic": 0.4012394431003975,
      "trajectory": [
        0.0,
        0.10694032152357183,
        0.1945295490797364,
        0.2725772967319904,
        0.38053541943307756,
        0.4012394431003975,
        0.28520754457007613,
        0.13366991261186267,
        -0.03571214363214459,
        -0.25413614863091805,
        -0.43389499052294545,
        -0.49728305556255414,
        -0.4904653905395726,
        -0.44937971009885547,
        -0.365657700224143,
        -0.29290426188529006,
        -0.287952871405748,
        -0.3253530660141133,
        -0.38613904153829637,
        -0.4901913445741649,
        -0.6085543136038118
      ]
    },
    "OUTER": {
      "eta": 1.1780972450961724,
      "R_major": 0.38268343236508984,
      "R_minor": 0.9238795325112867,
      "mean_ic": -0.11366467139184804,
      "max_ic": 0.5817519655083688,
      "trajectory": [
        0.0,
        0.18429647054614917,
        0.33103997433773347,
        0.5110382433601722,
        0.5817519655083688,
        0.4102599705289952,
        0.182023969728358,
        -0.15333499145159324,
        -0.42003052955305137,
        -0.42774900002150146,
        -0.3041123656259116,
        -0.10228909408127873,
        0.01994839728935116,
        -0.010720797974802299,
        -0.12932806647622686,
        -0.36432077097748383,
        -0.5815810867431314,
        -0.6710906874372202,
        -0.63059269817818,
        -0.472259757712145,
        -0.3399072442954112
      ]
    }
  },
  "all_three_differ": true,
  "fine_sweep": {
    "eta_values": [
      0.1,
      0.32846605446581606,
      0.5569321089316321,
      0.7853981633974482,
      1.0138642178632642,
      1.2423302723290803,
      1.4707963267948965
    ],
    "mean_ic_values": [
      0.04722807743437927,
      -0.07547043415352361,
      -0.1596264161984803,
      -0.14966307386581518,
      -0.1524535251646665,
      -0.08947724897779076,
      0.04100093388976278
    ],
    "max_ic_values": [
      0.07199210298432812,
      0.18211019963604314,
      0.2261931275304676,
      0.40123944310039494,
      0.4752479751237498,
      0.6041057128461302,
      0.7705084055168924
    ]
  },
  "gradient_shape": "non_monotonic",
  "best_eta": 0.1,
  "timestamp": "2026-04-06"
}