{
  "name": "layer19_p1_gradient_rerun",
  "note": "Rerun after eta-dependent operator scaling wired into engine_3qubit.py",
  "three_point_gradient": {
    "INNER": {
      "eta": 0.39269908169872414,
      "R_major": 0.9238795325112867,
      "R_minor": 0.3826834323650898,
      "mean_ic": -0.08176598010792782,
      "max_ic": 0.23316417306031356,
      "trajectory": [
        0.0,
        0.05147579347440927,
        0.10365868776721712,
        0.178237712384261,
        0.2057293987438753,
        0.23316417306031356,
        0.21629614060163693,
        0.194178273845381,
        0.14791982742514032,
        0.0955913858020454,
        0.03600063041935053,
        -0.03125097018497747,
        -0.09691073268597217,
        -0.17103659443395047,
        -0.23582669942099144,
        -0.30960059898029413,
        -0.3631976918988208,
        -0.4301845159751789,
        -0.46751155765283947,
        -0.5250384996511792,
        -0.5487797449059104
      ]
    },
    "CLIFFORD": {
      "eta": 0.7853981633974483,
      "R_major": 0.7071067811865476,
      "R_minor": 0.7071067811865475,
      "mean_ic": -0.12701345627717198,
      "max_ic": 0.41087430606451203,
      "trajectory": [
        0.0,
        0.18184793559247872,
        0.20580810405041106,
        0.2830267605120603,
        0.4005578245243733,
        0.41087430606451203,
        0.30249462103476876,
        0.15485516957303758,
        -0.024259162174077975,
        -0.21310648126913267,
        -0.41162799010007456,
        -0.4865276590540649,
        -0.4305258541380649,
        -0.4325343706093423,
        -0.35356302384501204,
        -0.2611747421586472,
        -0.2685722564006463,
        -0.307056910330185,
        -0.3587682787434181,
        -0.4739995260685901,
        -0.5850310482809968
      ]
    },
    "OUTER": {
      "eta": 1.1780972450961724,
      "R_major": 0.38268343236508984,
      "R_minor": 0.9238795325112867,
      "mean_ic": -0.08596955645670465,
      "max_ic": 0.5871181992136704,
      "trajectory": [
        0.0,
        0.2109213231001905,
        0.3679552904895529,
        0.5240098804666306,
        0.5871181992136704,
        0.4196211520158445,
        0.20075615655839507,
        -0.09653154700298583,
        -0.35205072395160075,
        -0.4112906951715156,
        -0.2915377243421384,
        -0.07864815190931385,
        0.0451228807670262,
        0.01564836320241003,
        -0.107428963158686,
        -0.34909130074309136,
        -0.5541315629900233,
        -0.6079483521688579,
        -0.5654748315735405,
        -0.4406588770201283,
        -0.3217212013726358
      ]
    }
  },
  "all_three_differ": true,
  "fine_sweep": {
    "eta_values": [
      0.1,
      0.32846605446581606,
      0.5569321089316321,
      0.7853981633974482,
      1.0138642178632642,
      1.2423302723290803,
      1.4707963267948965
    ],
    "mean_ic_values": [
      0.058903469393624154,
      -0.04915165857117725,
      -0.1347479476699533,
      -0.12701345627717112,
      -0.12702605001960934,
      -0.06038076312520824,
      0.06920025725884651
    ],
    "max_ic_values": [
      0.09438478259219618,
      0.21385860862952333,
      0.2464283936176358,
      0.41087430606451536,
      0.4858955131088585,
      0.6120562382089562,
      0.7724601447301103
    ]
  },
  "gradient_shape": "non_monotonic",
  "best_eta": 1.4707963267948965,
  "timestamp": "2026-04-15"
}