{
  "layer": 13,
  "name": "entanglement_earned",
  "positive": {
    "P1": {
      "description": "From |000>, 3q engine cycle -> I_c crosses zero",
      "max_I_c": 0.6471561,
      "first_positive_cycle": 1,
      "trajectory": [
        0.1825125951,
        0.4544278361,
        0.63280603,
        0.6471560995,
        0.5029177651,
        0.2695001275,
        0.0642618526,
        0.0018057438,
        0.0914132833,
        0.2335979868,
        0.3293152764,
        0.3310115948,
        0.2447068556,
        0.1188797008,
        0.022024047,
        0.0035476984,
        0.0579129536,
        0.135145349,
        0.1834775306,
        0.1775230191,
        0.1241779591,
        0.0547916148,
        0.0074567603,
        0.0042286847,
        0.0378403946,
        0.0803861731,
        0.104091206,
        0.0964086926,
        0.06367975,
        0.0253716052
      ],
      "pass": true
    },
    "P2": {
      "description": "Initial |000> has I_c = 0 exactly (entanglement earned, not smuggled)",
      "I_c_init_cut1": 0.0,
      "I_c_init_cut2": 0.0,
      "pass": true
    }
  },
  "negative": {
    "N1": {
      "description": "Fi removed -> I_c on cut2 (q1q2 vs q3) stays <= 0 (q3 never entangled)",
      "max_I_c_cut2_without_Fi": -0.12716372,
      "trajectory_cut2": [
        -0.1271637227,
        -0.2159387937,
        -0.2892952008,
        -0.3523813481,
        -0.40774183,
        -0.456930254,
        -0.5010071858,
        -0.5407488512,
        -0.5767510315,
        -0.6094869964,
        -0.6393425452,
        -0.6666385452,
        -0.6916461455,
        -0.7145974549,
        -0.7356932815,
        -0.7551088954,
        -0.7729984203,
        -0.7894982457,
        -0.8047297259,
        -0.8188013459,
        -0.8318104841,
        -0.8438448622,
        -0.854983753,
        -0.8652989931,
        -0.8748558425,
        -0.8837137169,
        -0.891926818,
        -0.8995446786,
        -0.9066126368,
        -0.913172251
      ],
      "pass": true
    },
    "N2": {
      "description": "Full dephasing (1.0) -> I_c degrades significantly vs best regime",
      "max_I_c_full_deph": 0.01013258,
      "max_I_c_best_regime": 0.6471561,
      "degradation_ratio": 0.015657,
      "trajectory": [
        0.0101325765,
        0.0030128148,
        0.0004568778,
        4.72878e-05,
        3.5218e-06,
        1.749e-07,
        3.9e-09,
        0.0,
        1e-10,
        0.0,
        0.0,
        0.0,
        0.0,
        0.0,
        0.0,
        0.0,
        0.0,
        0.0,
        0.0,
        0.0,
        0.0,
        -0.0,
        0.0,
        -0.0,
        -0.0,
        -0.0,
        -0.0,
        -0.0,
        -0.0,
        -0.0
      ],
      "pass": true
    }
  },
  "summary": "4/4 tests passed",
  "tools_used": [
    "numpy",
    "von_neumann_entropy",
    "partial_trace_keep"
  ],
  "timestamp": "2026-04-05"
}