{
  "layer": 15,
  "name": "sustained_positive_ic",
  "positive": {
    "P1": {
      "description": "Consecutive positive cycles at best regime (deph=0.05, theta=pi)",
      "positive_cycles": 30,
      "max_consecutive_positive": 30,
      "total_cycles": 30,
      "trajectory": [
        0.1825125951,
        0.4544278361,
        0.63280603,
        0.6471560995,
        0.5029177651,
        0.2695001275,
        0.0642618526,
        0.0018057438,
        0.0914132833,
        0.2335979868,
        0.3293152764,
        0.3310115948,
        0.2447068556,
        0.1188797008,
        0.022024047,
        0.0035476984,
        0.0579129536,
        0.135145349,
        0.1834775306,
        0.1775230191,
        0.1241779591,
        0.0547916148,
        0.0074567603,
        0.0042286847,
        0.0378403946,
        0.0803861731,
        0.104091206,
        0.0964086926,
        0.06367975,
        0.0253716052
      ],
      "pass": true
    },
    "P2": {
      "description": "Oscillation analysis: I_c oscillates but stays positive",
      "zero_crossings": 0,
      "avg_half_period": 0,
      "I_c_mean": 0.17607921,
      "I_c_std": 0.17814887,
      "I_c_min": 0.00180574,
      "I_c_max": 0.6471561,
      "pass": true
    }
  },
  "negative": {
    "N1": {
      "description": "deph=0.3 -> max and mean I_c degrade vs best regime (deph=0.05)",
      "max_I_c_deph03": 0.16179623,
      "max_I_c_deph005": 0.6471561,
      "mean_I_c_deph03": 0.02060011,
      "mean_I_c_deph005": 0.17607921,
      "max_degradation_ratio": 0.25,
      "mean_degradation_ratio": 0.117,
      "trajectory": [
        0.0895011526,
        0.1617962336,
        0.1601037269,
        0.1122930773,
        0.0575595224,
        0.0197522196,
        0.0030206454,
        5.70137e-05,
        0.0020379119,
        0.0037117643,
        0.0036584348,
        0.0025009898,
        0.0012274673,
        0.0003910988,
        4.78163e-05,
        5.1917e-06,
        5.82319e-05,
        9.37601e-05,
        8.70287e-05,
        5.67468e-05,
        2.64248e-05,
        7.7255e-06,
        7.001e-07,
        2.673e-07,
        1.6245e-06,
        2.3476e-06,
        2.0573e-06,
        1.2793e-06,
        5.638e-07,
        1.496e-07
      ],
      "pass": true
    }
  },
  "summary": "3/3 tests passed",
  "tools_used": [
    "numpy",
    "von_neumann_entropy",
    "partial_trace_keep"
  ],
  "timestamp": "2026-04-05"
}