{
  "schema": "SIM_EVIDENCE_v1",
  "file": "neg_missing_fe_stage_matrix_sim.py",
  "timestamp": "2026-04-15T09:32:13.440679+00:00",
  "trial_count_per_stage": 4,
  "trace_fail_threshold": 0.05,
  "abs_dphi_gap_threshold": 0.1,
  "overall": {
    "mean_d_L": 0.01968285859124913,
    "mean_d_R": 0.024599449815098748,
    "mean_total_d": 0.04428230840634788,
    "mean_axis_diff_count": 2.78125,
    "mean_abs_dphi_gap": 0.03379985945027833,
    "mean_abs_ga5_gap": 0.016899929725139165,
    "mean_abs_ga3_gap": 0.027625572389381296,
    "mean_abs_ga1_gap": 0.010881589342598004
  },
  "by_native_operator": {
    "Ti": {
      "mean_d_L": 0.03588331345155035,
      "mean_d_R": 0.04735898695238633,
      "mean_total_d": 0.08324230040393668,
      "mean_axis_diff_count": 4.4375,
      "mean_abs_dphi_gap": 0.06298465369061396,
      "mean_abs_ga5_gap": 0.031492326845306964,
      "mean_abs_ga3_gap": 0.054462069936868085,
      "mean_abs_ga1_gap": 0.0232662888004933
    },
    "Fe": {
      "mean_d_L": 0.036601320185280464,
      "mean_d_R": 0.04413508325748731,
      "mean_total_d": 0.08073640344276778,
      "mean_axis_diff_count": 4.4375,
      "mean_abs_dphi_gap": 0.05711193123396933,
      "mean_abs_ga5_gap": 0.028555965616984667,
      "mean_abs_ga3_gap": 0.051028665759362726,
      "mean_abs_ga1_gap": 0.018298698202603672
    },
    "Fi": {
      "mean_d_L": 0.0032042750129813143,
      "mean_d_R": 0.0035028554444938853,
      "mean_total_d": 0.0067071304574752,
      "mean_axis_diff_count": 1.0625,
      "mean_abs_dphi_gap": 0.007228319191201468,
      "mean_abs_ga5_gap": 0.003614159595600748,
      "mean_abs_ga3_gap": 0.0024472211552002895,
      "mean_abs_ga1_gap": 0.0008233973434351102
    },
    "Te": {
      "mean_d_L": 0.0030425257151843895,
      "mean_d_R": 0.0034008736060274643,
      "mean_total_d": 0.006443399321211854,
      "mean_axis_diff_count": 1.1875,
      "mean_abs_dphi_gap": 0.007874533685328568,
      "mean_abs_ga5_gap": 0.0039372668426642735,
      "mean_abs_ga3_gap": 0.0025643327060940815,
      "mean_abs_ga1_gap": 0.001137973023859937
    }
  },
  "by_loop_role": {
    "A-outer": {
      "mean_d_L": 0.03736569581688648,
      "mean_d_R": 0.04404714148831946,
      "mean_total_d": 0.08141283730520595,
      "mean_axis_diff_count": 4.5,
      "mean_abs_dphi_gap": 0.05899725748790126,
      "mean_abs_ga5_gap": 0.029498628743950643,
      "mean_abs_ga3_gap": 0.05209903808246197,
      "mean_abs_ga1_gap": 0.018344009741490527
    },
    "B-inner": {
      "mean_d_L": 0.002944083156678442,
      "mean_d_R": 0.003284336499249115,
      "mean_total_d": 0.006228419655927557,
      "mean_axis_diff_count": 1.0,
      "mean_abs_dphi_gap": 0.00732463359175136,
      "mean_abs_ga5_gap": 0.003662316795875656,
      "mean_abs_ga3_gap": 0.002453552921481028,
      "mean_abs_ga1_gap": 0.0009321245221791986
    },
    "B-outer": {
      "mean_d_L": 0.0033027175714872613,
      "mean_d_R": 0.0036193925512722344,
      "mean_total_d": 0.006922110122759496,
      "mean_axis_diff_count": 1.25,
      "mean_abs_dphi_gap": 0.007778219284778676,
      "mean_abs_ga5_gap": 0.0038891096423893656,
      "mean_abs_ga3_gap": 0.002558000939813343,
      "mean_abs_ga1_gap": 0.0010292458451158486
    },
    "A-inner": {
      "mean_d_L": 0.03511893781994434,
      "mean_d_R": 0.04744692872155418,
      "mean_total_d": 0.08256586654149851,
      "mean_axis_diff_count": 4.375,
      "mean_abs_dphi_gap": 0.06109932743668203,
      "mean_abs_ga5_gap": 0.03054966371834099,
      "mean_abs_ga3_gap": 0.05339169761376884,
      "mean_abs_ga1_gap": 0.02322097726160644
    }
  },
  "by_engine_type": {
    "1": {
      "mean_d_L": 0.020154889486782464,
      "mean_d_R": 0.023665738993784286,
      "mean_total_d": 0.04382062848056675,
      "mean_axis_diff_count": 2.75,
      "mean_abs_dphi_gap": 0.033160945539826306,
      "mean_abs_ga5_gap": 0.01658047276991315,
      "mean_abs_ga3_gap": 0.027276295501971498,
      "mean_abs_ga1_gap": 0.009638067131834863
    },
    "2": {
      "mean_d_L": 0.019210827695715797,
      "mean_d_R": 0.025533160636413206,
      "mean_total_d": 0.044743988332129,
      "mean_axis_diff_count": 2.8125,
      "mean_abs_dphi_gap": 0.034438773360730354,
      "mean_abs_ga5_gap": 0.017219386680365177,
      "mean_abs_ga3_gap": 0.027974849276791093,
      "mean_abs_ga1_gap": 0.012125111553361146
    }
  },
  "evidence_ledger": [
    {
      "token_id": "K_NEG_MISSING_FE_TRACE_V1",
      "sim_spec_id": "S_SIM_NEG_MISSING_FE_TRACE_V1",
      "status": "PASS",
      "measured_value": 0.04428230840634788,
      "kill_reason": null,
      "timestamp": "2026-04-15T09:32:13.440050"
    },
    {
      "token_id": "K_NEG_MISSING_FE_DPHI_V1",
      "sim_spec_id": "S_SIM_NEG_MISSING_FE_DPHI_V1",
      "status": "PASS",
      "measured_value": 0.03379985945027833,
      "kill_reason": null,
      "timestamp": "2026-04-15T09:32:13.440669"
    }
  ]
}