{
  "schema": "SIM_EVIDENCE_v1",
  "file": "neg_axis6_shared_stage_matrix_sim.py",
  "timestamp": "2026-03-26T09:57:00.592224+00:00",
  "trial_count_per_stage": 4,
  "control_equivalence": {
    "d_L": 0.0,
    "d_R": 0.0
  },
  "mixed_axis6_sweep": {
    "DDDU": {
      "mean_d_L": 0.2502250725720214,
      "mean_d_R": 0.25082796070684016,
      "mean_total_d": 0.5010530332788616,
      "mean_axis_diff_count": 4.828125
    },
    "DDUD": {
      "mean_d_L": 0.1788147761601807,
      "mean_d_R": 0.2020174727408644,
      "mean_total_d": 0.3808322489010451,
      "mean_axis_diff_count": 4.8125
    },
    "DDUU": {
      "mean_d_L": 0.10317443133107279,
      "mean_d_R": 0.11932040167943651,
      "mean_total_d": 0.2224948330105093,
      "mean_axis_diff_count": 4.78125
    },
    "DUDD": {
      "mean_d_L": 0.25724778093602313,
      "mean_d_R": 0.26106812975430693,
      "mean_total_d": 0.5183159106903301,
      "mean_axis_diff_count": 4.734375
    },
    "DUDU": {
      "mean_d_L": 0.24033817562468426,
      "mean_d_R": 0.24040161498986148,
      "mean_total_d": 0.48073979061454575,
      "mean_axis_diff_count": 4.765625
    },
    "DUUD": {
      "mean_d_L": 0.1610053643765065,
      "mean_d_R": 0.1865290515189417,
      "mean_total_d": 0.3475344158954482,
      "mean_axis_diff_count": 4.78125
    },
    "DUUU": {
      "mean_d_L": 0.09091816965252894,
      "mean_d_R": 0.10513498384836228,
      "mean_total_d": 0.19605315350089125,
      "mean_axis_diff_count": 4.703125
    },
    "UDDD": {
      "mean_d_L": 0.23292547950976303,
      "mean_d_R": 0.21416762064389572,
      "mean_total_d": 0.4470931001536588,
      "mean_axis_diff_count": 4.71875
    },
    "UDDU": {
      "mean_d_L": 0.21361506665908322,
      "mean_d_R": 0.18644556575020454,
      "mean_total_d": 0.40006063240928774,
      "mean_axis_diff_count": 3.96875
    },
    "UDUD": {
      "mean_d_L": 0.12090809858394654,
      "mean_d_R": 0.13604869229829214,
      "mean_total_d": 0.25695679088223866,
      "mean_axis_diff_count": 4.453125
    },
    "UDUU": {
      "mean_d_L": 0.02658246502715271,
      "mean_d_R": 0.02437169001593916,
      "mean_total_d": 0.05095415504309187,
      "mean_axis_diff_count": 3.375
    },
    "UUDD": {
      "mean_d_L": 0.22129047528801135,
      "mean_d_R": 0.2038566240547826,
      "mean_total_d": 0.42514709934279393,
      "mean_axis_diff_count": 4.6875
    },
    "UUDU": {
      "mean_d_L": 0.20650045445211476,
      "mean_d_R": 0.1837867885569563,
      "mean_total_d": 0.3902872430090711,
      "mean_axis_diff_count": 3.21875
    },
    "UUUD": {
      "mean_d_L": 0.0962180311036486,
      "mean_d_R": 0.11317457669641823,
      "mean_total_d": 0.20939260780006683,
      "mean_axis_diff_count": 4.453125
    }
  },
  "closest_mixed_axis6": {
    "name": "UDUU",
    "mean_d_L": 0.02658246502715271,
    "mean_d_R": 0.02437169001593916,
    "mean_total_d": 0.05095415504309187,
    "mean_axis_diff_count": 3.375
  },
  "top3_mixed_axis6": [
    {
      "name": "UDUU",
      "mean_d_L": 0.02658246502715271,
      "mean_d_R": 0.02437169001593916,
      "mean_total_d": 0.05095415504309187,
      "mean_axis_diff_count": 3.375
    },
    {
      "name": "DUUU",
      "mean_d_L": 0.09091816965252894,
      "mean_d_R": 0.10513498384836228,
      "mean_total_d": 0.19605315350089125,
      "mean_axis_diff_count": 4.703125
    },
    {
      "name": "UUUD",
      "mean_d_L": 0.0962180311036486,
      "mean_d_R": 0.11317457669641823,
      "mean_total_d": 0.20939260780006683,
      "mean_axis_diff_count": 4.453125
    }
  ],
  "evidence_ledger": [
    {
      "token_id": "E_NEG_STAGE_AXIS6_CONTROL_EQUIV",
      "sim_spec_id": "S_SIM_NEG_STAGE_AXIS6_CONTROL_V1",
      "status": "PASS",
      "measured_value": 0.0,
      "kill_reason": null,
      "timestamp": "2026-03-26T09:57:00.592022"
    },
    {
      "token_id": "K_NEG_STAGE_AXIS6_SHARED_V1",
      "sim_spec_id": "S_SIM_NEG_STAGE_AXIS6_SHARED_V1",
      "status": "KILL",
      "measured_value": 0.05095415504309187,
      "kill_reason": null,
      "timestamp": "2026-03-26T09:57:00.592217"
    }
  ]
}