{
  "schema": "SIM_EVIDENCE_v1",
  "file": "neg_missing_fe_stage_matrix_sim.py",
  "timestamp": "2026-03-26T09:59:32.192233+00:00",
  "trial_count_per_stage": 4,
  "trace_fail_threshold": 0.05,
  "abs_dphi_gap_threshold": 0.1,
  "overall": {
    "mean_d_L": 0.02890784116824297,
    "mean_d_R": 0.022415965202395242,
    "mean_total_d": 0.051323806370638214,
    "mean_axis_diff_count": 2.859375,
    "mean_abs_dphi_gap": 0.054797886337667794,
    "mean_abs_ga5_gap": 0.027398943168833893,
    "mean_abs_ga3_gap": 0.023140885553566658,
    "mean_abs_ga1_gap": 0.005927099225767849
  },
  "by_native_operator": {
    "Ti": {
      "mean_d_L": 0.05147387832748576,
      "mean_d_R": 0.03801344167677694,
      "mean_total_d": 0.08948732000426271,
      "mean_axis_diff_count": 4.3125,
      "mean_abs_dphi_gap": 0.0824303886019489,
      "mean_abs_ga5_gap": 0.04121519430097446,
      "mean_abs_ga3_gap": 0.0391970074404946,
      "mean_abs_ga1_gap": 0.012358881459154583
    },
    "Fe": {
      "mean_d_L": 0.041764047055361554,
      "mean_d_R": 0.03308963215305089,
      "mean_total_d": 0.07485367920841245,
      "mean_axis_diff_count": 3.5625,
      "mean_abs_dphi_gap": 0.07842324301002179,
      "mean_abs_ga5_gap": 0.039211621505010896,
      "mean_abs_ga3_gap": 0.037206208598056525,
      "mean_abs_ga1_gap": 0.0026495176867455447
    },
    "Fi": {
      "mean_d_L": 0.010895047478048068,
      "mean_d_R": 0.008337868577556598,
      "mean_total_d": 0.019232916055604666,
      "mean_axis_diff_count": 1.625,
      "mean_abs_dphi_gap": 0.028273447707606016,
      "mean_abs_ga5_gap": 0.014136723853802984,
      "mean_abs_ga3_gap": 0.0072828069211869,
      "mean_abs_ga1_gap": 0.0033307196864487947
    },
    "Te": {
      "mean_d_L": 0.011498391812076496,
      "mean_d_R": 0.010222918402196543,
      "mean_total_d": 0.02172131021427304,
      "mean_axis_diff_count": 1.9375,
      "mean_abs_dphi_gap": 0.03006446603109446,
      "mean_abs_ga5_gap": 0.015032233015547236,
      "mean_abs_ga3_gap": 0.008877519254528614,
      "mean_abs_ga1_gap": 0.005369278070722475
    }
  },
  "by_loop_role": {
    "A-outer": {
      "mean_d_L": 0.07588988973469402,
      "mean_d_R": 0.029038286474182128,
      "mean_total_d": 0.10492817620887615,
      "mean_axis_diff_count": 4.125,
      "mean_abs_dphi_gap": 0.09488371748201671,
      "mean_abs_ga5_gap": 0.04744185874100837,
      "mean_abs_ga3_gap": 0.03184928179097403,
      "mean_abs_ga1_gap": 0.007513897199172025
    },
    "B-inner": {
      "mean_d_L": 0.00242060676853761,
      "mean_d_R": 0.0034139953225345485,
      "mean_total_d": 0.005834602091072159,
      "mean_axis_diff_count": 0.25,
      "mean_abs_dphi_gap": 0.005299865254489895,
      "mean_abs_ga5_gap": 0.0026499326272449372,
      "mean_abs_ga3_gap": 0.0011930898152711367,
      "mean_abs_ga1_gap": 0.0011583806012237432
    },
    "B-outer": {
      "mean_d_L": 0.019972832521586954,
      "mean_d_R": 0.015146791657218592,
      "mean_total_d": 0.03511962417880554,
      "mean_axis_diff_count": 3.3125,
      "mean_abs_dphi_gap": 0.05303804848421058,
      "mean_abs_ga5_gap": 0.026519024242105282,
      "mean_abs_ga3_gap": 0.014967236360444378,
      "mean_abs_ga1_gap": 0.007541617155947526
    },
    "A-inner": {
      "mean_d_L": 0.017348035648153296,
      "mean_d_R": 0.04206478735564571,
      "mean_total_d": 0.059412823003799006,
      "mean_axis_diff_count": 3.75,
      "mean_abs_dphi_gap": 0.06596991412995398,
      "mean_abs_ga5_gap": 0.03298495706497699,
      "mean_abs_ga3_gap": 0.044553934247577094,
      "mean_abs_ga1_gap": 0.007494501946728103
    }
  },
  "by_engine_type": {
    "1": {
      "mean_d_L": 0.039155248251615815,
      "mean_d_R": 0.01622614089835834,
      "mean_total_d": 0.055381389149974154,
      "mean_axis_diff_count": 2.1875,
      "mean_abs_dphi_gap": 0.050091791368253306,
      "mean_abs_ga5_gap": 0.02504589568412665,
      "mean_abs_ga3_gap": 0.016521185803122583,
      "mean_abs_ga1_gap": 0.004336138900197884
    },
    "2": {
      "mean_d_L": 0.01866043408487012,
      "mean_d_R": 0.02860578950643215,
      "mean_total_d": 0.047266223591302274,
      "mean_axis_diff_count": 3.53125,
      "mean_abs_dphi_gap": 0.05950398130708228,
      "mean_abs_ga5_gap": 0.029751990653541137,
      "mean_abs_ga3_gap": 0.029760585304010736,
      "mean_abs_ga1_gap": 0.0075180595513378145
    }
  },
  "evidence_ledger": [
    {
      "token_id": "K_NEG_MISSING_FE_TRACE_V1",
      "sim_spec_id": "S_SIM_NEG_MISSING_FE_TRACE_V1",
      "status": "KILL",
      "measured_value": 0.051323806370638214,
      "kill_reason": null,
      "timestamp": "2026-03-26T09:59:32.192034"
    },
    {
      "token_id": "K_NEG_MISSING_FE_DPHI_V1",
      "sim_spec_id": "S_SIM_NEG_MISSING_FE_DPHI_V1",
      "status": "PASS",
      "measured_value": 0.054797886337667794,
      "kill_reason": null,
      "timestamp": "2026-03-26T09:59:32.192222"
    }
  ]
}