{
  "schema": "SIM_EVIDENCE_v1",
  "file": "sim_neg_process_cycle_stage_matrix.py",
  "timestamp": "2026-03-26T09:52:36.714282+00:00",
  "trial_count_per_stage": 4,
  "control_equivalence": {
    "d_L": 0.0,
    "d_R": 0.0
  },
  "order_sweep": {
    "Ti_Fe_Fi_Te": {
      "mean_d_L": 0.04939826912226408,
      "mean_d_R": 0.049796843687482335,
      "mean_total_d": 0.09919511280974641,
      "mean_axis_diff_count": 2.828125
    },
    "Ti_Te_Fe_Fi": {
      "mean_d_L": 0.012090138774154015,
      "mean_d_R": 0.011882614884650448,
      "mean_total_d": 0.023972753658804465,
      "mean_axis_diff_count": 2.21875
    },
    "Ti_Te_Fi_Fe": {
      "mean_d_L": 0.014273713232224886,
      "mean_d_R": 0.014147260907493938,
      "mean_total_d": 0.02842097413971882,
      "mean_axis_diff_count": 2.5
    },
    "Ti_Fi_Fe_Te": {
      "mean_d_L": 0.054147564500080805,
      "mean_d_R": 0.05425739333146245,
      "mean_total_d": 0.10840495783154327,
      "mean_axis_diff_count": 3.34375
    },
    "Ti_Fi_Te_Fe": {
      "mean_d_L": 0.05040066454299818,
      "mean_d_R": 0.05162358870806458,
      "mean_total_d": 0.10202425325106275,
      "mean_axis_diff_count": 3.28125
    },
    "Fe_Ti_Te_Fi": {
      "mean_d_L": 0.0163135243098085,
      "mean_d_R": 0.020736012849840967,
      "mean_total_d": 0.03704953715964947,
      "mean_axis_diff_count": 2.84375
    },
    "Fe_Ti_Fi_Te": {
      "mean_d_L": 0.06033309350034453,
      "mean_d_R": 0.06441817709290798,
      "mean_total_d": 0.12475127059325251,
      "mean_axis_diff_count": 4.453125
    },
    "Fe_Te_Ti_Fi": {
      "mean_d_L": 0.03454513471979897,
      "mean_d_R": 0.03858206648368565,
      "mean_total_d": 0.07312720120348462,
      "mean_axis_diff_count": 4.046875
    },
    "Fe_Te_Fi_Ti": {
      "mean_d_L": 0.04243797248643812,
      "mean_d_R": 0.07585203824249084,
      "mean_total_d": 0.11829001072892897,
      "mean_axis_diff_count": 4.453125
    },
    "Fe_Fi_Ti_Te": {
      "mean_d_L": 0.06793477879691276,
      "mean_d_R": 0.09853101746929314,
      "mean_total_d": 0.16646579626620592,
      "mean_axis_diff_count": 4.515625
    },
    "Fe_Fi_Te_Ti": {
      "mean_d_L": 0.06785082278613391,
      "mean_d_R": 0.1016601620704941,
      "mean_total_d": 0.16951098485662802,
      "mean_axis_diff_count": 4.5625
    },
    "Te_Ti_Fe_Fi": {
      "mean_d_L": 0.029525470591647555,
      "mean_d_R": 0.026925426082235568,
      "mean_total_d": 0.05645089667388312,
      "mean_axis_diff_count": 4.03125
    },
    "Te_Ti_Fi_Fe": {
      "mean_d_L": 0.0310015186344057,
      "mean_d_R": 0.025243126184665635,
      "mean_total_d": 0.056244644819071335,
      "mean_axis_diff_count": 3.9375
    },
    "Te_Fe_Ti_Fi": {
      "mean_d_L": 0.03779482485118267,
      "mean_d_R": 0.043988583243285806,
      "mean_total_d": 0.08178340809446848,
      "mean_axis_diff_count": 4.453125
    },
    "Te_Fe_Fi_Ti": {
      "mean_d_L": 0.04347971505855181,
      "mean_d_R": 0.07655123669602103,
      "mean_total_d": 0.12003095175457285,
      "mean_axis_diff_count": 4.578125
    },
    "Te_Fi_Ti_Fe": {
      "mean_d_L": 0.03828372053466322,
      "mean_d_R": 0.06417546502860175,
      "mean_total_d": 0.10245918556326497,
      "mean_axis_diff_count": 4.265625
    },
    "Te_Fi_Fe_Ti": {
      "mean_d_L": 0.048738539696292174,
      "mean_d_R": 0.08247655305762594,
      "mean_total_d": 0.13121509275391813,
      "mean_axis_diff_count": 4.5625
    },
    "Fi_Ti_Fe_Te": {
      "mean_d_L": 0.06066222998951544,
      "mean_d_R": 0.08737274466273093,
      "mean_total_d": 0.14803497465224635,
      "mean_axis_diff_count": 4.15625
    },
    "Fi_Ti_Te_Fe": {
      "mean_d_L": 0.05621443096367695,
      "mean_d_R": 0.08408220608289899,
      "mean_total_d": 0.14029663704657594,
      "mean_axis_diff_count": 4.1875
    },
    "Fi_Fe_Ti_Te": {
      "mean_d_L": 0.07201913041217954,
      "mean_d_R": 0.10308482769655872,
      "mean_total_d": 0.17510395810873824,
      "mean_axis_diff_count": 4.390625
    },
    "Fi_Fe_Te_Ti": {
      "mean_d_L": 0.07174458410078945,
      "mean_d_R": 0.10567876814767027,
      "mean_total_d": 0.17742335224845973,
      "mean_axis_diff_count": 4.484375
    },
    "Fi_Te_Ti_Fe": {
      "mean_d_L": 0.05980237487254684,
      "mean_d_R": 0.08660450758993371,
      "mean_total_d": 0.14640688246248054,
      "mean_axis_diff_count": 4.375
    },
    "Fi_Te_Fe_Ti": {
      "mean_d_L": 0.07022821041054561,
      "mean_d_R": 0.10505851061841623,
      "mean_total_d": 0.17528672102896184,
      "mean_axis_diff_count": 4.671875
    }
  },
  "closest_wrong_order": {
    "name": "Ti_Te_Fe_Fi",
    "mean_d_L": 0.012090138774154015,
    "mean_d_R": 0.011882614884650448,
    "mean_total_d": 0.023972753658804465,
    "mean_axis_diff_count": 2.21875
  },
  "top3_wrong_orders": [
    {
      "name": "Ti_Te_Fe_Fi",
      "mean_d_L": 0.012090138774154015,
      "mean_d_R": 0.011882614884650448,
      "mean_total_d": 0.023972753658804465,
      "mean_axis_diff_count": 2.21875
    },
    {
      "name": "Ti_Te_Fi_Fe",
      "mean_d_L": 0.014273713232224886,
      "mean_d_R": 0.014147260907493938,
      "mean_total_d": 0.02842097413971882,
      "mean_axis_diff_count": 2.5
    },
    {
      "name": "Fe_Ti_Te_Fi",
      "mean_d_L": 0.0163135243098085,
      "mean_d_R": 0.020736012849840967,
      "mean_total_d": 0.03704953715964947,
      "mean_axis_diff_count": 2.84375
    }
  ],
  "axis6_sweep": {
    "DDDU": {
      "mean_d_L": 0.25461374754180366,
      "mean_d_R": 0.24683353541054392,
      "mean_total_d": 0.5014472829523476,
      "mean_axis_diff_count": 4.703125
    },
    "DDUD": {
      "mean_d_L": 0.18256946538960953,
      "mean_d_R": 0.20297407015273677,
      "mean_total_d": 0.38554353554234627,
      "mean_axis_diff_count": 4.671875
    },
    "DDUU": {
      "mean_d_L": 0.10255193194168287,
      "mean_d_R": 0.12258605745323067,
      "mean_total_d": 0.22513798939491353,
      "mean_axis_diff_count": 4.703125
    },
    "DUDD": {
      "mean_d_L": 0.2708219042441353,
      "mean_d_R": 0.25237439576843623,
      "mean_total_d": 0.5231963000125714,
      "mean_axis_diff_count": 4.765625
    },
    "DUDU": {
      "mean_d_L": 0.24367553712565315,
      "mean_d_R": 0.2379204435053631,
      "mean_total_d": 0.4815959806310163,
      "mean_axis_diff_count": 4.71875
    },
    "DUUD": {
      "mean_d_L": 0.16562341535214953,
      "mean_d_R": 0.18765761673112333,
      "mean_total_d": 0.3532810320832729,
      "mean_axis_diff_count": 4.71875
    },
    "DUUU": {
      "mean_d_L": 0.09049577211993477,
      "mean_d_R": 0.10869181305434611,
      "mean_total_d": 0.1991875851742809,
      "mean_axis_diff_count": 4.71875
    },
    "UDDD": {
      "mean_d_L": 0.2428908946309865,
      "mean_d_R": 0.20322603033181239,
      "mean_total_d": 0.446116924962799,
      "mean_axis_diff_count": 4.65625
    },
    "UDDU": {
      "mean_d_L": 0.21156326550080218,
      "mean_d_R": 0.18188317485106884,
      "mean_total_d": 0.39344644035187104,
      "mean_axis_diff_count": 4.046875
    },
    "UDUD": {
      "mean_d_L": 0.12570834038431178,
      "mean_d_R": 0.13325146944427518,
      "mean_total_d": 0.25895980982858696,
      "mean_axis_diff_count": 4.375
    },
    "UDUU": {
      "mean_d_L": 0.02643581386924586,
      "mean_d_R": 0.024437488945978508,
      "mean_total_d": 0.05087330281522436,
      "mean_axis_diff_count": 3.28125
    },
    "UUDD": {
      "mean_d_L": 0.23027437263617467,
      "mean_d_R": 0.19301207409410598,
      "mean_total_d": 0.4232864467302807,
      "mean_axis_diff_count": 4.671875
    },
    "UUDU": {
      "mean_d_L": 0.20305421163104553,
      "mean_d_R": 0.1792737686568579,
      "mean_total_d": 0.3823279802879035,
      "mean_axis_diff_count": 3.1875
    },
    "UUUD": {
      "mean_d_L": 0.10173732140852702,
      "mean_d_R": 0.11017524767249079,
      "mean_total_d": 0.21191256908101785,
      "mean_axis_diff_count": 4.421875
    }
  },
  "closest_mixed_axis6": {
    "name": "UDUU",