{
  "schema": "SIM_EVIDENCE_v1",
  "file": "neg_axis6_shared_stage_matrix_sim.py",
  "timestamp": "2026-04-14T11:54:59.348087+00:00",
  "trial_count_per_stage": 4,
  "control_equivalence": {
    "d_L": 0.1435279086774189,
    "d_R": 0.21116521613183958
  },
  "mixed_axis6_sweep": {
    "DDDU": {
      "mean_d_L": 0.1269376781852396,
      "mean_d_R": 0.1095782670090443,
      "mean_total_d": 0.2365159451942839,
      "mean_axis_diff_count": 4.453125
    },
    "DDUD": {
      "mean_d_L": 0.20656842412313725,
      "mean_d_R": 0.2050600533156414,
      "mean_total_d": 0.4116284774387787,
      "mean_axis_diff_count": 4.734375
    },
    "DDUU": {
      "mean_d_L": 0.1093382154455815,
      "mean_d_R": 0.12522333761387916,
      "mean_total_d": 0.23456155305946066,
      "mean_axis_diff_count": 4.78125
    },
    "DUDD": {
      "mean_d_L": 0.2124265718572972,
      "mean_d_R": 0.19925118639993727,
      "mean_total_d": 0.4116777582572344,
      "mean_axis_diff_count": 4.453125
    },
    "DUDU": {
      "mean_d_L": 0.12686557794766407,
      "mean_d_R": 0.11040012157056522,
      "mean_total_d": 0.2372656995182293,
      "mean_axis_diff_count": 4.46875
    },
    "DUUD": {
      "mean_d_L": 0.20656131476035344,
      "mean_d_R": 0.205493830833737,
      "mean_total_d": 0.41205514559409046,
      "mean_axis_diff_count": 4.734375
    },
    "DUUU": {
      "mean_d_L": 0.1092622825430398,
      "mean_d_R": 0.1260208929146434,
      "mean_total_d": 0.2352831754576832,
      "mean_axis_diff_count": 4.78125
    },
    "UDDD": {
      "mean_d_L": 0.15370871286039745,
      "mean_d_R": 0.13551447896487104,
      "mean_total_d": 0.2892231918252685,
      "mean_axis_diff_count": 3.1875
    },
    "UDDU": {
      "mean_d_L": 0.03490714368765449,
      "mean_d_R": 0.035683936764281596,
      "mean_total_d": 0.07059108045193609,
      "mean_axis_diff_count": 2.453125
    },
    "UDUD": {
      "mean_d_L": 0.1506658979487493,
      "mean_d_R": 0.13190521814416878,
      "mean_total_d": 0.282571116092918,
      "mean_axis_diff_count": 1.6875
    },
    "UDUU": {
      "mean_d_L": 0.008100851318493358,
      "mean_d_R": 0.012477235746508695,
      "mean_total_d": 0.020578087065002054,
      "mean_axis_diff_count": 0.765625
    },
    "UUDD": {
      "mean_d_L": 0.15457755284835129,
      "mean_d_R": 0.13353205091207815,
      "mean_total_d": 0.28810960376042943,
      "mean_axis_diff_count": 3.0
    },
    "UUDU": {
      "mean_d_L": 0.03276632808644715,
      "mean_d_R": 0.029669668257857475,
      "mean_total_d": 0.062435996344304634,
      "mean_axis_diff_count": 2.265625
    },
    "UUUD": {
      "mean_d_L": 0.15158330873543527,
      "mean_d_R": 0.1299029893133345,
      "mean_total_d": 0.2814862980487698,
      "mean_axis_diff_count": 0.9375
    }
  },
  "closest_mixed_axis6": {
    "name": "UDUU",
    "mean_d_L": 0.008100851318493358,
    "mean_d_R": 0.012477235746508695,
    "mean_total_d": 0.020578087065002054,
    "mean_axis_diff_count": 0.765625
  },
  "top3_mixed_axis6": [
    {
      "name": "UDUU",
      "mean_d_L": 0.008100851318493358,
      "mean_d_R": 0.012477235746508695,
      "mean_total_d": 0.020578087065002054,
      "mean_axis_diff_count": 0.765625
    },
    {
      "name": "UUDU",
      "mean_d_L": 0.03276632808644715,
      "mean_d_R": 0.029669668257857475,
      "mean_total_d": 0.062435996344304634,
      "mean_axis_diff_count": 2.265625
    },
    {
      "name": "UDDU",
      "mean_d_L": 0.03490714368765449,
      "mean_d_R": 0.035683936764281596,
      "mean_total_d": 0.07059108045193609,
      "mean_axis_diff_count": 2.453125
    }
  ],
  "evidence_ledger": [
    {
      "token_id": "E_NEG_STAGE_AXIS6_CONTROL_EQUIV",
      "sim_spec_id": "S_SIM_NEG_STAGE_AXIS6_CONTROL_V1",
      "status": "KILL",
      "measured_value": 0.21116521613183958,
      "kill_reason": null,
      "timestamp": "2026-04-14T11:54:59.347797"
    },
    {
      "token_id": "K_NEG_STAGE_AXIS6_SHARED_V1",
      "sim_spec_id": "S_SIM_NEG_STAGE_AXIS6_SHARED_V1",
      "status": "PASS",
      "measured_value": 0.020578087065002054,
      "kill_reason": null,
      "timestamp": "2026-04-14T11:54:59.348084"
    }
  ]
}