{
  "baseline": {
    "C": 0.07796290487191619,
    "S": 0.3522184119764886
  },
  "neg_zero_strength": {
    "C": 0.0,
    "S": 1.7694780777522314e-13
  },
  "neg_max_strength": {
    "C": 0.0,
    "S": 0.47503268618076694
  },
  "neg_random_order": {
    "C": 0.0,
    "S": 0.5996111829354831
  },
  "neg_reversed_order": {
    "C": 0.02036566388218652,
    "S": 0.8720016569757337
  },
  "neg_flat_order": {
    "C": 0.014665279032943138,
    "S": 0.503857346964608
  },
  "neg_degenerate_torus": {
    "C": 0.0027169139579692053,
    "S": 0.36418141062130055
  },
  "neg_outer_only": {
    "C": 2.0416491271358936e-05,
    "S": 0.47157183947262415
  },
  "neg_inner_only": {
    "C": 0.0,
    "S": 0.4841221486634696
  },
  "neg_swapped_ind_ded": {
    "C": 0.012840494289191842,
    "S": 0.44922652960256326
  },
  "neg_wrong_chirality_order": {
    "C": 0.0,
    "S": 0.45046465975982325
  },
  "neg_maxmix_init": {
    "C": 0.06789719717758937,
    "S": 0.3667312351309613
  },
  "neg_no_axis0": {
    "C": 0.0,
    "S": 0.9999999999999999
  }
}