{
  "sim": "operator_basis_search",
  "timestamp": "2026-04-01T21:25:17.289578+00:00",
  "canonical": {
    "fiber_base_gap": 0.02296013749137532,
    "mean_fiber_drift": 0.48966244123482877,
    "mean_base_traversal": 0.5126225787262041,
    "mean_sheet_gap": 1.6653345369377348e-16,
    "mean_noncomm_residual": 0.18191115843090125
  },
  "B3_1_basis_remap": {
    "fiber_base_gap": 0.41734632352430906,
    "gap_change_fraction": 17.176995833804558,
    "remap_breaks_grammar": true,
    "sheet_gap": 1.6653345369377348e-16
  },
  "B3_2_coord_change": {
    "fiber_base_gap": 0.022960137491375154,
    "gap_change_fraction": 7.25315576861548e-15,
    "coord_change_preserves_grammar": true,
    "sheet_gap": 8.326672684688674e-17
  },
  "B3_3_noncomm_ablation": {
    "fiber_base_gap": 0.030400124409027007,
    "gap_change_fraction": 0.3240393016133471,
    "noncomm_residual": 1.2647831792467087e-17,
    "noncomm_ratio": 6.952752047517389e-17,
    "noncomm_ablation_degrades_grammar": true
  },
  "B3_4_rep_demotion": {
    "per_operator": {
      "Te": {
        "fiber_base_gap_without": 0.06254588348134388,
        "gap_drop_fraction": 1.7241075322322625,
        "load_bearing": true
      },
      "Fi": {
        "fiber_base_gap_without": 0.01662560849859329,
        "gap_drop_fraction": 0.27589246776773496,
        "load_bearing": true
      },
      "Ti": {
        "fiber_base_gap_without": 0.046424262573183106,
        "gap_drop_fraction": 1.0219505475793331,
        "load_bearing": true
      },
      "Fe": {
        "fiber_base_gap_without": 0.09234453755593358,
        "gap_drop_fraction": 3.021950547579326,
        "load_bearing": true
      }
    },
    "n_load_bearing": 4,
    "n_demotion_candidates": 0,
    "at_least_one_load_bearing": true,
    "at_least_one_demotion_candidate": false
  }
}