{
  "1_entangling_gates": {
    "ising_zz_pi4": {
      "name": "ising_zz_pi4",
      "unitarity": true,
      "concurrence_00": 0.0,
      "concurrence_0p": 0.0,
      "concurrence_p0": 0.0,
      "entangling_power_avg_concurrence": 0.4038226461135223,
      "is_entangling": true
    },
    "ising_xx_pi4": {
      "name": "ising_xx_pi4",
      "unitarity": true,
      "concurrence_00": 1.0000000000000002,
      "concurrence_0p": 0.0,
      "concurrence_p0": 1.1102230246251565e-16,
      "entangling_power_avg_concurrence": 0.7110609775174773,
      "is_entangling": true
    },
    "heisenberg_pi8": {
      "name": "heisenberg_pi8",
      "unitarity": true,
      "concurrence_00": 0.0,
      "concurrence_0p": 0.5000000000000001,
      "concurrence_p0": 0.5000000000000001,
      "entangling_power_avg_concurrence": 0.4965342409675284,
      "is_entangling": true
    },
    "cnot": {
      "name": "cnot",
      "unitarity": true,
      "concurrence_00": 0.0,
      "concurrence_0p": 0.0,
      "concurrence_p0": 1.0000000000000002,
      "entangling_power_avg_concurrence": 0.5489871209172215,
      "is_entangling": true
    },
    "sqrt_swap": {
      "name": "sqrt_swap",
      "unitarity": true,
      "concurrence_00": 0.0,
      "concurrence_0p": 0.5,
      "concurrence_p0": 0.5000000000000001,
      "entangling_power_avg_concurrence": 0.5003057018728145,
      "is_entangling": true
    },
    "cz": {
      "name": "cz",
      "unitarity": true,
      "concurrence_00": 0.0,
      "concurrence_0p": 0.0,
      "concurrence_p0": 0.0,
      "entangling_power_avg_concurrence": 0.3953817980662724,
      "is_entangling": true
    },
    "strength_sweeps": {
      "ising_zz": {
        "s_values": [
          0.0,
          0.0320570678937734,
          0.0641141357875468,
          0.09617120368132019,
          0.1282282715750936,
          0.16028533946886697,
          0.19234240736264038,
          0.2243994752564138,
          0.2564565431501872,
          0.28851361104396056,
          0.32057067893773394,
          0.3526277468315074,
          0.38468481472528077,
          0.41674188261905415,
          0.4487989505128276,
          0.48085601840660097,
          0.5129130863003744,
          0.5449701541941477,
          0.5770272220879211,
          0.6090842899816945,
          0.6411413578754679,
          0.6731984257692414,
          0.7052554936630148,
          0.7373125615567881,
          0.7693696294505615,
          0.8014266973443349,
          0.8334837652381083,
          0.8655408331318817,
          0.8975979010256552,
          0.9296549689194286,
          0.9617120368132019,
          0.9937691047069753,
          1.0258261726007487,
          1.0578832404945222,
          1.0899403083882955,
          1.121997376282069,
          1.1540544441758422,
          1.1861115120696157,
          1.218168579963389,
          1.2502256478571625,
          1.2822827157509358,
          1.3143397836447093,
          1.3463968515384828,
          1.378453919432256,
          1.4105109873260295,
          1.4425680552198028,
          1.4746251231135763,
          1.5066821910073496,
          1.538739258901123,
          1.5707963267948966
        ],
        "concurrences": [
          0.0,
          0.0,
          0.0,
          0.0,
          0.0,
          0.0,
          0.0,
          0.0,
          0.0,
          0.0,
          0.0,
          0.0,
          0.0,
          0.0,
          0.0,
          0.0,
          0.0,
          0.0,
          0.0,
          0.0,
          0.0,
          0.0,
          0.0,
          0.0,
          0.0,
          0.0,
          0.0,
          0.0,
          0.0,
          0.0,
          0.0,
          0.0,
          0.0,
          0.0,
          0.0,
          0.0,
          0.0,
          0.0,
          0.0,
          0.0,
          0.0,
          0.0,
          0.0,
          0.0,
          0.0,
          0.0,
          0.0,
          0.0,
          0.0,
          0.0
        ],
        "max_concurrence": 0.0,
        "s_at_max": 0.0
      },
      "ising_xx": {
        "s_values": [
          0.0,
          0.0320570678937734,
          0.0641141357875468,
          0.09617120368132019,
          0.1282282715750936,
          0.16028533946886697,
          0.19234240736264038,
          0.2243994752564138,
          0.2564565431501872,
          0.28851361104396056,
          0.32057067893773394,
          0.3526277468315074,
          0.38468481472528077,
          0.41674188261905415,
          0.4487989505128276,
          0.48085601840660097,
          0.5129130863003744,
          0.5449701541941477,
          0.5770272220879211,
          0.6090842899816945,
          0.6411413578754679,
          0.6731984257692414,
          0.7052554936630148,
          0.7373125615567881,
          0.7693696294505615,
          0.8014266973443349,
          0.8334837652381083,
          0.8655408331318817,
          0.8975979010256552,
          0.9296549689194286,
          0.9617120368132019,
          0.9937691047069753,
          1.0258261726007487,
          1.0578832404945222,
          1.0899403083882955,
          1.121997376282069,
          1.1540544441758422,
          1.1861115120696157,
          1.218168579963389,
          1.2502256478571625,
          1.2822827157509358,
          1.3143397836447093,
          1.3463968515384828,
          1.378453919432256,
          1.4105109873260295,
          1.4425680552198028,
          1.4746251231135763,
          1.5066821910073496,
          1.538739258901123,
          1.5707963267948966
        ],
        "concurrences": [
          0.0,
          0.0,
          0.0,
          0.0,
          0.0,
          0.0,
          0.0,
          0.0,
          0.0,
          0.0,
          0.0,
          0.0,
          0.0,
          0.0,
          0.0,
          0.0,
          0.0,
          0.0,
          0.0,
          0.0,
          0.0,
          0.0,
          0.0,
          0.0,
          0.0,
          0.0,
          0.0,
          0.0,
          0.0,
          0.0,
          0.0,
          0.0,
          0.0,
          0.0,
          0.0,
          0.0,
          0.0,
          0.0,
          0.0,
          0.0,
          0.0,
          0.0,
          0.0,
          0.0,
          0.0,
          0.0,
          0.0,
          0.0,
          0.0,
          0.0
        ],
        "max_concurrence": 0.0,
        "s_at_max": 0.0
      },