{
  "sec1_symplectic": {
    "antisymmetry_all_pass": true,
    "antisymmetry_trials": 200,
    "closure_mean_residual": 2.574337458390492e-06,
    "closure_pass": true,
    "nondegeneracy_all_pass": true,
    "symplectic_volume": 6.283249904054026,
    "symplectic_volume_expected": 6.283185307179586,
    "symplectic_volume_error": 6.459687443971518e-05,
    "riemannian_area_FS": 6.283249904054026,
    "bloch_sphere_area": 12.566499808108052,
    "bloch_area_expected": 12.566370614359172,
    "bloch_area_error": 0.00012919374887943036,
    "total_area_pass": "True",
    "liouville_all_pass": true,
    "hamiltonian_flow_all_pass": true
  },
  "sec2_kahler": {
    "J_squared_minus_id_all_pass": true,
    "kahler_compat_all_pass": true,
    "qgt_metric_all_pass": true,
    "berry_curvature_all_pass": true,
    "kahler_potential_all_pass": true,
    "area_from_kahler_potential": 12.565218826372561,
    "area_from_K_error": 0.0011517879866111969,
    "area_from_K_pass": "True"
  },
  "sec3_weyl_chamber": {
    "random_gates_in_chamber": 100,
    "random_gates_total": 100,
    "random_gates_all_in_chamber": true,
    "ordering_pass": true,
    "identity_ep": -5.440092820663267e-18,
    "identity_ep_pass": "True",
    "cnot_ep": 0.2214616017466977,
    "cnot_weyl": [
      0.7853981633974483,
      0.0,
      0.0
    ],
    "cnot_ep_pass": "True",
    "iswap_ep": 0.2229976901385828,
    "iswap_weyl": [
      0.7853981633974483,
      0.7853981633974483,
      0.0
    ],
    "iswap_ep_pass": "True",
    "swap_ep": 8.704148513061227e-18,
    "swap_weyl": [
      0.7853981633974483,
      0.7853981633974483,
      0.7853981633974483
    ],
    "swap_ep_pass": "True",
    "pe_volume_fraction": 0.9193333333333333,
    "pe_volume_pass": true,
    "ep_landscape_c3_0": {
      "(0,0)": {
        "c1": 0.0,
        "c2": 0.0,
        "ep": -0.0
      },
      "(1,0)": {
        "c1": 0.0982,
        "c2": 0.0,
        "ep": 0.0086
      },
      "(1,1)": {
        "c1": 0.0982,
        "c2": 0.0982,
        "ep": 0.0164
      },
      "(2,0)": {
        "c1": 0.1963,
        "c2": 0.0,
        "ep": 0.031
      },
      "(2,1)": {
        "c1": 0.1963,
        "c2": 0.0982,
        "ep": 0.0391
      },
      "(2,2)": {
        "c1": 0.1963,
        "c2": 0.1963,
        "ep": 0.0624
      },
      "(3,0)": {
        "c1": 0.2945,
        "c2": 0.0,
        "ep": 0.0677
      },
      "(3,1)": {
        "c1": 0.2945,
        "c2": 0.0982,
        "ep": 0.0768
      },
      "(3,2)": {
        "c1": 0.2945,
        "c2": 0.1963,
        "ep": 0.0921
      },
      "(3,3)": {
        "c1": 0.2945,
        "c2": 0.2945,
        "ep": 0.1081
      },
      "(4,0)": {
        "c1": 0.3927,
        "c2": 0.0,
        "ep": 0.1122
      },
      "(4,1)": {
        "c1": 0.3927,
        "c2": 0.0982,
        "ep": 0.116
      },
      "(4,2)": {
        "c1": 0.3927,
        "c2": 0.1963,
        "ep": 0.1302
      },
      "(4,3)": {
        "c1": 0.3927,
        "c2": 0.2945,
        "ep": 0.1447
      },
      "(4,4)": {
        "c1": 0.3927,
        "c2": 0.3927,
        "ep": 0.1663
      },
      "(5,0)": {
        "c1": 0.4909,
        "c2": 0.0,
        "ep": 0.1581
      },
      "(5,1)": {
        "c1": 0.4909,
        "c2": 0.0982,
        "ep": 0.1528
      },
      "(5,2)": {
        "c1": 0.4909,
        "c2": 0.1963,
        "ep": 0.1641
      },
      "(5,3)": {
        "c1": 0.4909,
        "c2": 0.2945,
        "ep": 0.1637
      },
      "(5,4)": {
        "c1": 0.4909,
        "c2": 0.3927,
        "ep": 0.1831
      },
      "(5,5)": {
        "c1": 0.4909,
        "c2": 0.4909,
        "ep": 0.2077
      },
      "(6,0)": {
        "c1": 0.589,
        "c2": 0.0,
        "ep": 0.1858
      },
      "(6,1)": {
        "c1": 0.589,
        "c2": 0.0982,
        "ep": 0.2011
      },
      "(6,2)": {
        "c1": 0.589,
        "c2": 0.1963,
        "ep": 0.1992
      },
      "(6,3)": {
        "c1": 0.589,
        "c2": 0.2945,
        "ep": 0.2062
      },
      "(6,4)": {
        "c1": 0.589,
        "c2": 0.3927,
        "ep": 0.2045
      },
      "(6,5)": {
        "c1": 0.589,
        "c2": 0.4909,
        "ep": 0.2046
      },
      "(6,6)": {
        "c1": 0.589,
        "c2": 0.589,
        "ep": 0.2168
      },
      "(7,0)": {
        "c1": 0.6872,
        "c2": 0.0,
        "ep": 0.2136
      },
      "(7,1)": {
        "c1": 0.6872,
        "c2": 0.0982,
        "ep": 0.2144
      },
      "(7,2)": {
        "c1": 0.6872,
        "c2": 0.1963,
        "ep": 0.2227
      },
      "(7,3)": {
        "c1": 0.6872,
        "c2": 0.2945,
        "ep": 0.2197
      },
      "(7,4)": {
        "c1": 0.6872,
        "c2": 0.3927,
        "ep": 0.2199
      },
      "(7,5)": {
        "c1": 0.6872,
        "c2": 0.4909,
        "ep": 0.2198
      },
      "(7,6)": {
        "c1": 0.6872,
        "c2": 0.589,
        "ep": 0.2267
      },
      "(7,7)": {
        "c1": 0.6872,
        "c2": 0.6872,
        "ep": 0.2306
      },
      "(8,0)": {
        "c1": 0.7854,
        "c2": 0.0,
        "ep": 0.2317
      },
      "(8,1)": {
        "c1": 0.7854,
        "c2": 0.0982,
        "ep": 0.2213
      },
      "(8,2)": {
        "c1": 0.7854,
        "c2": 0.1963,
        "ep": 0.2174
      },
      "(8,3)": {
        "c1": 0.7854,
        "c2": 0.2945,
        "ep": 0.2264
      },
      "(8,4)": {
        "c1": 0.7854,
        "c2": 0.3927,
        "ep": 0.2138
      },
      "(8,5)": {
        "c1": 0.7854,
        "c2": 0.4909,
        "ep": 0.23
      },
      "(8,6)": {
        "c1": 0.7854,
        "c2": 0.589,
        "ep": 0.2094
      },
      "(8,7)": {
        "c1": 0.7854,
        "c2": 0.6872,
        "ep": 0.2228
      },
      "(8,8)": {
        "c1": 0.7854,
        "c2": 0.7854,
        "ep": 0.2177
      }
    }
  },
  "sec4_grassmannian_flag": {
    "gr12_equals_cp1": true,
    "gr12_all_on_bloch_sphere": true,
    "gr12_real_dim": 2,
    "gr24_schmidt_all_pass": true,
    "gr24_real_dim": 8,
    "gr24_complex_dim": 4,
    "flag_su2_u1_is_s2": true,
    "flag_su2_u1_dim": 2,
    "dimension_table": {
      "Gr(1,2)=CP^1": {
        "real_dim": 2,
        "complex_dim": 1
      },
      "Gr(2,4)": {
        "real_dim": 8,
        "complex_dim": 4
      },
      "SU(2)/U(1)=S^2": {
        "real_dim": 2
      },
      "SU(4)/[SU(2)xSU(2)xU(1)]_Weyl": {
        "real_dim": 3,
        "note": "Weyl chamber is 3-param tetrahedron"
      }
    }
  },
  "summary": {
    "sec1_symplectic": {
      "tests": 6,
      "pass": "6"
    },
    "sec2_kahler": {
      "tests": 6,
      "pass": "6"
    },
    "sec3_weyl_chamber": {
      "tests": 8,
      "pass": "8"
    },
    "sec4_grassmannian_flag": {
      "tests": 4,
      "pass": 4
    },
    "total_tests": 24,
    "total_pass": "24",
    "all_pass": "True"
  },
  "classification": "supporting",
  "classification_note": "Supporting pure-lego local probe for symplectic kahler weyl. It provides bounded foundational evidence for this domain, but it is not promoted here as a canonical owner surface, stack/coexistence closure, or final doctrine claim."
}
