{
  "2_unitarity": {
    "qr_d2_all_pass": true,
    "qr_d4_all_pass": true,
    "gue_d2_all_pass": true,
    "gue_d4_all_pass": true,
    "qr_d2_max_err": 8.881784197001252e-16,
    "qr_d4_max_err": 1.1102230246251565e-15,
    "all_pass": true
  },
  "3_state_ensemble": {
    "n_samples": 1000,
    "generation_time_s": 0.0328,
    "all_pure": true,
    "mean_purity": 0.9999999999999998
  },
  "4_page_entanglement": {
    "page_mean_bits_exact": 0.4808983469629877,
    "page_mean_nats_exact": 0.33333333333333326,
    "measured_mean_bits": 0.4873015513650888,
    "measured_std_bits": 0.26227431486724395,
    "absolute_error": 0.00640320440210107,
    "page_pass": "True",
    "max_possible_entropy_bits": 1.0,
    "fraction_above_0p9_max": 0.053
  },
  "5_concurrence": {
    "exact_mean": 0.5890486225480862,
    "measured_mean": 0.5938028371596639,
    "measured_std": 0.23388593976804692,
    "absolute_error": 0.004754214611577656,
    "pass": true,
    "fraction_above_0p5": 0.667,
    "fraction_above_0p9": 0.09,
    "min": 0.011681005469566791,
    "max": 0.996004242924976
  },
  "6_marginal_purity": {
    "exact_mean_purity": 0.8,
    "measured_mean_purity_A": 0.7963477747066299,
    "measured_mean_purity_B": 0.7963477747066299,
    "error_A": 0.0036522252933701704,
    "symmetry_AB_diff": 0.0,
    "pass_mean": true,
    "pass_symmetry": true,
    "min_purity_A": 0.5039877706563769,
    "max_purity_A": 0.9999317770298171
  },
  "7_mutual_information": {
    "expected_mean_bits": 0.9617966939259754,
    "measured_mean_bits": 0.9746031027301774,
    "measured_std_bits": 0.5245486297344879,
    "error": 0.012806408804201919,
    "pass_mean": true,
    "all_nonneg": true,
    "mi_equals_2S_identity": true,
    "max_identity_deviation": 2.858824288409778e-15
  },
  "8_concentration": {
    "data": {
      "D=4": {
        "dA": 2,
        "dB": 2,
        "max_entropy_bits": 1.0,
        "page_mean_bits": 0.4808983469629877,
        "measured_mean": 0.48362144155429365,
        "measured_std": 0.2539511969623437,
        "coeff_variation": 0.5251032628871438,
        "fraction_within_10pct_of_max": 0.056
      },
      "D=8": {
        "dA": 2,
        "dB": 4,
        "max_entropy_bits": 1.0,
        "page_mean_bits": 0.7350874732148528,
        "measured_mean": 0.7250343653414332,
        "measured_std": 0.172854886530204,
        "coeff_variation": 0.23840923243521456,
        "fraction_within_10pct_of_max": 0.176
      },
      "D=16": {
        "dA": 4,
        "dB": 4,
        "max_entropy_bits": 2.0,
        "page_mean_bits": 1.3307356442689715,
        "measured_mean": 1.3231374249311392,
        "measured_std": 0.1569050274897342,
        "coeff_variation": 0.11858558645025108,
        "fraction_within_10pct_of_max": 0.0
      },
      "D=32": {
        "dA": 4,
        "dB": 8,
        "max_entropy_bits": 2.0,
        "page_mean_bits": 1.6636265499166245,
        "measured_mean": 1.6633810346548725,
        "measured_std": 0.1032134607148299,
        "coeff_variation": 0.06205040129981114,
        "fraction_within_10pct_of_max": 0.078
      }
    },
    "cv_decreasing_with_D": true,
    "pass": true
  },
  "9_frame_potential": {
    "depth_results": {
      "depth_1": {
        "frame_potential_t1": 1.061270148781941,
        "frame_potential_t2": 3.364158431727411,
        "haar_t1": 1.0,
        "haar_t2": 2.0,
        "ratio_t1": 1.061270148781941,
        "ratio_t2": 1.6820792158637055
      },
      "depth_2": {
        "frame_potential_t1": 1.0814304268314596,
        "frame_potential_t2": 3.3408169844140336,
        "haar_t1": 1.0,
        "haar_t2": 2.0,
        "ratio_t1": 1.0814304268314596,
        "ratio_t2": 1.6704084922070168
      },
      "depth_3": {
        "frame_potential_t1": 1.0742949190538211,
        "frame_potential_t2": 3.267529652534585,
        "haar_t1": 1.0,
        "haar_t2": 2.0,
        "ratio_t1": 1.0742949190538211,
        "ratio_t2": 1.6337648262672926
      },
      "depth_5": {
        "frame_potential_t1": 1.0806589659127368,
        "frame_potential_t2": 3.3147473137549217,
        "haar_t1": 1.0,
        "haar_t2": 2.0,
        "ratio_t1": 1.0806589659127368,
        "ratio_t2": 1.6573736568774609
      },
      "depth_10": {
        "frame_potential_t1": 1.0739257372026358,
        "frame_potential_t2": 3.25197338942669,
        "haar_t1": 1.0,
        "haar_t2": 2.0,
        "ratio_t1": 1.0739257372026358,
        "ratio_t2": 1.625986694713345
      }
    },
    "convergence_at_depth_10": true,
    "pass": true
  },
  "10_clifford_3design": {
    "n_cliffords": 24,
    "frame_potential_t1": 1.0,
    "frame_potential_t2": 1.9999999999999996,
    "frame_potential_t3": 4.999999999999997,
    "haar_ref_t1": 1.003077617631302,
    "haar_ref_t2": 2.0006661098337353,
    "haar_ref_t3": 4.9321400177340875,
    "is_1_design": "True",
    "is_2_design": "True",
    "is_3_design": "True",
    "note": "F_t = t! only when d >= t. For d=2, t=3: Haar value ~ 5, not 6.",
    "pass": "True"
  },
  "11_porter_thomas": {
    "part_A_exact_beta": {
      "D": 4,
      "n_probabilities": 8000,
      "exact_mean": 0.25,
      "measured_mean": 0.25,
      "exact_var": 0.0375,
      "measured_var": 0.037962028416079804,
      "mean_pass": true,
      "var_pass": true,
      "ks_statistic": 0.007702771436232825,
      "ks_critical": 0.01520526224699857,
      "ks_pass": "True"
    },
    "part_B_porter_thomas_limit": {
      "D": 256,
      "n_probabilities": 128000,
      "rescaled_mean": 1.0,
      "rescaled_var": 0.9855383902513081,
      "mean_pass": true,
      "ks_statistic": 0.003346100181500944,
      "ks_critical": 0.0038013155617496425,
      "ks_pass": "True",
      "frac_above_mean": 0.369828125,
      "expected_frac": 0.36787944117144233,
      "anti_conc_pass": "True"
    },
    "pass": true
  },
  "summary": {
    "2_all_unitaries_valid": true,
    "3_all_states_pure": true,
    "4_page_result": "True",
    "5_concurrence_mean": true,
    "6_marginal_purity": true,
    "6_marginal_symmetry": true,
    "7_mi_mean": true,
    "7_mi_identity": true,
    "8_concentration": true,
    "9_circuit_convergence": true,
    "10_clifford_3design": "True",
    "11_porter_thomas": true
  },
  "ALL_PASS": true
}