{
  "probe": "sim_pure_lego_qca_lieb_robinson",
  "description": "QCA ballistic spreading, Lieb-Robinson bounds, OTOC scrambling",
  "n_qubits": 6,
  "timestamp": "2026-04-15T10:48:07",
  "qca": {
    "mid_cut_entropies": [
      -0.0,
      -0.0,
      1.0,
      1.0,
      1.0,
      1.0,
      1.0,
      -0.0,
      -0.0,
      -0.0,
      1.0
    ],
    "all_cut_entropies": [
      [
        -0.0,
        -0.0,
        -0.0,
        -0.0,
        -0.0
      ],
      [
        1.0,
        1.0,
        -0.0,
        -0.0,
        -0.0
      ],
      [
        1.0,
        1.0,
        1.0,
        1.0,
        -0.0
      ],
      [
        1.0,
        1.0,
        1.0,
        1.0,
        1.0
      ],
      [
        1.0,
        1.0,
        1.0,
        1.0,
        -0.0
      ],
      [
        1.0,
        1.0,
        1.0,
        1.0,
        1.0
      ],
      [
        1.0,
        1.0,
        1.0,
        -0.0,
        -0.0
      ],
      [
        1.0,
        -0.0,
        -0.0,
        -0.0,
        -0.0
      ],
      [
        -0.0,
        -0.0,
        -0.0,
        -0.0,
        -0.0
      ],
      [
        1.0,
        1.0,
        -0.0,
        -0.0,
        -0.0
      ],
      [
        1.0,
        1.0,
        1.0,
        1.0,
        -0.0
      ]
    ],
    "linear_fit_slope": 0.2,
    "linear_fit_intercept": 0.19999999999999987,
    "max_possible_entropy": 3.0,
    "final_entropy": 1.0,
    "ballistic_spreading": true
  },
  "lieb_robinson": {
    "t_values": [
      0.1,
      0.2,
      0.30000000000000004,
      0.4,
      0.5,
      0.6000000000000001,
      0.7000000000000001,
      0.8,
      0.9,
      1.0,
      1.1,
      1.2000000000000002,
      1.3,
      1.4000000000000001,
      1.5,
      1.6,
      1.7000000000000002,
      1.8,
      1.9000000000000001,
      2.0
    ],
    "commutator_norms": [
      6.223284690811057e-05,
      0.0019182425308229968,
      0.013681268467809158,
      0.05277266314730239,
      0.14355329221699606,
      0.3096321105645764,
      0.562898621570301,
      0.8927861991198976,
      1.2602357555654318,
      1.601381387680896,
      1.8464137005056762,
      1.9601227196049489,
      1.990329937814584,
      1.9990042258397127,
      1.9997815234284468,
      1.9997360272370415,
      1.9894734968194778,
      1.9996932833349932,
      1.9999988189257163,
      1.9999574888019687
    ],
    "distance": 5,
    "lr_velocity_estimate": 1.3164171928488406,
    "early_mean_norm": 0.005220581281846755,
    "late_mean_norm": 1.9998831970208928,
    "light_cone_respected": true
  },
  "otoc": {
    "couplings": [
      1.2739560485559633,
      0.9388784397520523,
      1.3585979199113825,
      1.1973680290593638,
      0.5941773478876495
    ],
    "t_values": [
      0.0,
      0.1,
      0.2,
      0.30000000000000004,
      0.4,
      0.5,
      0.6000000000000001,
      0.7000000000000001,
      0.8,
      0.9,
      1.0,
      1.1,
      1.2000000000000002,
      1.3,
      1.4000000000000001,
      1.5,
      1.6,
      1.7000000000000002,
      1.8,
      1.9000000000000001,
      2.0,
      2.1,
      2.2,
      2.3000000000000003,
      2.4000000000000004,
      2.5,
      2.6,
      2.7,
      2.8000000000000003,
      2.9000000000000004,
      3.0
    ],
    "F_values": [
      1.0,
      0.9999999995939228,
      0.9999996193186813,
      0.9999810533369367,
      0.9997262446830493,
      0.9980443119358426,
      0.9912414957752742,
      0.972078854865632,
      0.9315887908642516,
      0.8644131819509645,
      0.7742506755364793,
      0.6740929786606515,
      0.5796868744832641,
      0.5011762844750594,
      0.43993984261238905,
      0.3922553242154957,
      0.35453895270556324,
      0.3246778730486257,
      0.30003075479163477,
      0.27661633630239363,
      0.2512482990585352,
      0.2238863458577645,
      0.19746077144189705,
      0.17572028924353494,
      0.16124487778924698,
      0.15459781817601065,
      0.1543421387098412,
      0.15758858669323067,
      0.16090417819417172,
      0.16126775352760903,
      0.15674942977224535
    ],
    "F_initial": 1.0,
    "F_final": 0.15674942977224535,
    "F_min": 0.1543421387098412,
    "scrambling_detected": true,
    "scrambling_time": 1.4000000000000001
  },
  "all_pass": true,
  "elapsed_seconds": 0.105
}