{
  "1_entanglement_swapping": {
    "concurrence_AC_before_swap": 0.0,
    "before_swap_zero": true,
    "outcomes": [
      {
        "bell_outcome": "Phi+",
        "probability": 0.24999999999999978,
        "concurrence_AC": 0.9999999999999999,
        "fidelity_bell_AC": 0.9999999999999998
      },
      {
        "bell_outcome": "Phi-",
        "probability": 0.24999999999999978,
        "concurrence_AC": 0.9999999999999999,
        "fidelity_bell_AC": 0.0
      },
      {
        "bell_outcome": "Psi+",
        "probability": 0.24999999999999978,
        "concurrence_AC": 0.9999999999999999,
        "fidelity_bell_AC": 0.0
      },
      {
        "bell_outcome": "Psi-",
        "probability": 0.24999999999999978,
        "concurrence_AC": 0.9999999999999999,
        "fidelity_bell_AC": 0.0
      }
    ],
    "all_concurrence_one": true,
    "all_prob_quarter": true,
    "elapsed_s": 0.0008630752563476562
  },
  "2_entanglement_distillation": {
    "werner_p": 0.8,
    "input_fidelity": 0.8499999999999996,
    "input_concurrence": 0.6999999999999998,
    "dm_vs_analytical_match": true,
    "explicit_round1_fidelity": 0.8841463414634146,
    "analytical_round1_fidelity": 0.8841463414634143,
    "rounds": 8,
    "fidelities": [
      0.8499999999999996,
      0.8841463414634143,
      0.9134033532472535,
      0.9370910751553928,
      0.9553522406583336,
      0.9688803905549643,
      0.9785992452253489,
      0.9854246416831614,
      0.990140558888535
    ],
    "concurrences": [
      0.6999999999999998,
      0.7682926829268286,
      0.826806706494507,
      0.8741821503107856,
      0.9107044813166671,
      0.9377607811099287,
      0.9571984904506978,
      0.9708492833663227,
      0.98028111777707
    ],
    "cumulative_yields": [
      1.0,
      0.4099999999999998,
      0.17577913279132776,
      0.07832749477895724,
      0.036016518904244066,
      0.016968130933688437,
      0.008139341038887977,
      0.0039552019386272,
      0.001939542088925041
    ],
    "final_fidelity": 0.990140558888535,
    "final_concurrence": 0.98028111777707,
    "purification_achieved": true,
    "monotone_fidelity_increase": true,
    "elapsed_s": 0.0001819133758544922
  },
  "3_locc_bound": {
    "p_values_tested": [
      0.5,
      0.55,
      0.6,
      0.65,
      0.7,
      0.75,
      0.8,
      0.8500000000000001,
      0.9,
      0.95,
      1.0
    ],
    "results": [
      {
        "p": 0.5,
        "fidelity_input": 0.6249999999999998,
        "concurrence": 0.25000000000000006,
        "coherent_information": -0.5487949406953987,
        "hashing_bound_positive": false,
        "distillation_yield_5rounds": 0.004139228776688447,
        "final_fidelity_5rounds": 0.7868670261778329
      },
      {
        "p": 0.55,
        "fidelity_input": 0.6624999999999999,
        "concurrence": 0.3250000000000002,
        "coherent_information": -0.4573311057524625,
        "hashing_bound_positive": false,
        "distillation_yield_5rounds": 0.005494929082427382,
        "final_fidelity_5rounds": 0.8421955054960052
      },
      {
        "p": 0.6,
        "fidelity_input": 0.6999999999999996,
        "concurrence": 0.39999999999999947,
        "coherent_information": -0.35677964944703966,
        "hashing_bound_positive": false,
        "distillation_yield_5rounds": 0.007167532669350982,
        "final_fidelity_5rounds": 0.8836802311259476
      },
      {
        "p": 0.65,
        "fidelity_input": 0.7374999999999997,
        "concurrence": 0.47499999999999964,
        "coherent_information": -0.2465481789428834,
        "hashing_bound_positive": false,
        "distillation_yield_5rounds": 0.009158343366059219,
        "final_fidelity_5rounds": 0.9145956257689568
      },
      {
        "p": 0.7,
        "fidelity_input": 0.7749999999999997,
        "concurrence": 0.55,
        "coherent_information": -0.12580939167527427,
        "hashing_bound_positive": false,
        "distillation_yield_5rounds": 0.011461928542610484,
        "final_fidelity_5rounds": 0.9377714063755167
      },
      {
        "p": 0.75,
        "fidelity_input": 0.8124999999999996,
        "concurrence": 0.6249999999999999,
        "coherent_information": 0.006607270989637204,
        "hashing_bound_positive": true,
        "distillation_yield_5rounds": 0.014068952696970326,
        "final_fidelity_5rounds": 0.9553522406583336
      },
      {
        "p": 0.8,
        "fidelity_input": 0.8499999999999996,
        "concurrence": 0.6999999999999998,
        "coherent_information": 0.15241532017542614,
        "hashing_bound_positive": true,
        "distillation_yield_5rounds": 0.016968130933688437,
        "final_fidelity_5rounds": 0.9688803905549643
      },
      {
        "p": 0.8500000000000001,
        "fidelity_input": 0.8874999999999997,
        "concurrence": 0.7749999999999991,
        "coherent_information": 0.3142807550041731,
        "hashing_bound_positive": true,
        "distillation_yield_5rounds": 0.020147479002141633,
        "final_fidelity_5rounds": 0.9794451410378084
      },
      {
        "p": 0.9,
        "fidelity_input": 0.9249999999999997,
        "concurrence": 0.8499999999999994,
        "coherent_information": 0.49681626831941617,
        "hashing_bound_positive": true,
        "distillation_yield_5rounds": 0.02359507173039342,
        "final_fidelity_5rounds": 0.9878149271886525
      },
      {
        "p": 0.95,
        "fidelity_input": 0.9624999999999996,
        "concurrence": 0.9249999999999974,
        "coherent_information": 0.7098539505314796,
        "hashing_bound_positive": true,
        "distillation_yield_5rounds": 0.027299479347607014,
        "final_fidelity_5rounds": 0.9945357577214478
      },
      {
        "p": 1.0,
        "fidelity_input": 0.9999999999999997,
        "concurrence": 0.9999999999999994,
        "coherent_information": 0.9999999999999997,
        "hashing_bound_positive": true,
        "distillation_yield_5rounds": 0.031249999999999965,
        "final_fidelity_5rounds": 0.9999999999999999
      }
    ],
    "pure_bell_coherent_info": 0.9999999999999997,
    "pure_bell_one_ebit": true,
    "hashing_positive_count": 6,
    "all_entangled_above_threshold": true,
    "yield_respects_hashing_bound": true,
    "purification_works_all_above_half": true,
    "elapsed_s": 0.0010080337524414062
  },
  "summary": {
    "1_swap_AC_unentangled_before": true,
    "1_swap_all_concurrence_one": true,
    "1_swap_all_prob_quarter": true,
    "2_distill_purification_achieved": true,
    "2_distill_monotone_fidelity": true,
    "3_locc_pure_bell_one_ebit": true,
    "3_locc_yield_respects_bound": true,
    "3_locc_all_entangled_above_threshold": true
  },
  "ALL_PASS": true
}