{
  "name": "pure_geometry_hopf_tori",
  "timestamp": "2026-04-15T03:31:19",
  "hopf_map": {
    "n_points": 1000,
    "all_on_S2": true,
    "radius_min": 0.9999999999999994,
    "radius_max": 1.0000000000000004,
    "fiber_invariance": true
  },
  "nested_tori": {
    "inner": {
      "eta": 0.39269908169872414,
      "R_major": 0.9238795325112867,
      "R_minor": 0.3826834323650898,
      "g11": 0.8535533905932736,
      "g22": 0.14644660940672627,
      "g12": 0.0,
      "area_analytical": 13.957728399277757,
      "area_from_metric": 13.957728399277759,
      "area_match": true,
      "gaussian_curvature": 0.0,
      "is_flat": true
    },
    "clifford": {
      "eta": 0.7853981633974483,
      "R_major": 0.7071067811865476,
      "R_minor": 0.7071067811865475,
      "g11": 0.5,
      "g22": 0.5,
      "g12": 0.0,
      "area_analytical": 19.739208802178716,
      "area_from_metric": 19.739208802178716,
      "area_match": true,
      "gaussian_curvature": 0.0,
      "is_flat": true
    },
    "outer": {
      "eta": 1.1780972450961724,
      "R_major": 0.38268343236508984,
      "R_minor": 0.9238795325112867,
      "g11": 0.1464466094067263,
      "g22": 0.8535533905932736,
      "g12": 0.0,
      "area_analytical": 13.957728399277759,
      "area_from_metric": 13.957728399277759,
      "area_match": true,
      "gaussian_curvature": 0.0,
      "is_flat": true
    }
  },
  "cell_complex": {
    "n_ring": 20,
    "n_layers": 3,
    "V": 60,
    "E": 120,
    "F": 60,
    "euler": 0,
    "B2B1_zero": true,
    "betti": [
      1,
      2,
      1
    ],
    "betti_match_torus": true
  },
  "weyl_spinors": {
    "inner": {
      "eta": 0.39269908169872414,
      "L_norm_ok": true,
      "R_norm_ok": true,
      "L_norm_mean": 1.0,
      "R_norm_mean": 1.0,
      "orthogonal": true,
      "ortho_max": 2.682824098297944e-17,
      "anti_aligned": true,
      "bloch_dot_mean": -1.0
    },
    "clifford": {
      "eta": 0.7853981633974483,
      "L_norm_ok": true,
      "R_norm_ok": true,
      "L_norm_mean": 1.0,
      "R_norm_mean": 1.0,
      "orthogonal": true,
      "ortho_max": 2.7399539304285715e-17,
      "anti_aligned": true,
      "bloch_dot_mean": -1.0
    },
    "outer": {
      "eta": 1.1780972450961724,
      "L_norm_ok": true,
      "R_norm_ok": true,
      "L_norm_mean": 1.0,
      "R_norm_mean": 1.0,
      "orthogonal": true,
      "ortho_max": 2.5860532068485732e-17,
      "anti_aligned": true,
      "bloch_dot_mean": -1.0
    }
  },
  "berry_phase": {
    "n_points": 20,
    "eta_values": [
      0.05,
      0.12741033298920507,
      0.20482066597841014,
      0.2822309989676152,
      0.3596413319568203,
      0.4370516649460254,
      0.5144619979352305,
      0.5918723309244356,
      0.6692826639136407,
      0.7466929969028457,
      0.8241033298920508,
      0.9015136628812559,
      0.978923995870461,
      1.056334328859666,
      1.1337446618488711,
      1.2111549948380762,
      1.2885653278272813,
      1.3659756608164864,
      1.4433859938056914,
      1.5207963267948965
    ],
    "computed": [
      -6.267490839497676,
      -6.181741161269995,
      -6.023267671550583,
      -5.795860558822009,
      -5.504958876061785,
      -5.157520618203332,
      -4.761856453423801,
      -4.327431048030535,
      -3.864636710162415,
      -3.384544755736432,
      -2.8986405514431395,
      -2.4185485970171765,
      -1.955754259149051,
      -1.5213288537557799,
      -1.1256646889762285,
      -0.7782264311178005,
      -0.48732474835754885,
      -0.25991763562896436,
      -0.10144414590953452,
      -0.015694467681929496
    ],
    "theoretical": [
      -6.2674904295184835,
      -6.181738619250377,
      -6.023261656233018,
      -5.795850562829429,
      -5.504945376028446,
      -5.157505013061221,
      -4.761840802973611,
      -4.327417666345436,
      -3.8646276992556206,
      -3.3845415777268233,
      -2.898643729452764,
      -2.4185576079239666,
      -1.9557676408341504,
      -1.5213445042059761,
      -1.1256802941183666,
      -0.7782399311511405,
      -0.48733474435015744,
      -0.2599236509465688,
      -0.10144668792920948,
      -0.015694877661103127
    ],
    "max_error": 1.5650450196247334e-05,
    "clifford_computed": -3.141592653589793,
    "clifford_theoretical": -3.141592653589794
  },
  "cl3_geometry": {
    "fiber_tangent_norms": [
      0.9999999999999584,
      1.000000000103651,
      0.9999999998878737,
      0.9999999999155503,
      1.000000000165141,
      1.0000000001397364,
      1.000000000103651,
      1.0000000000990508,
      1.000000000126727,
      1.0000000000998837
    ],
    "base_tangent_norms": [
      0.9999999999999584,
      0.9999999999448076,
      1.0000000000026523,
      0.9999999999591545,
      1.0000000000138323,
      0.9999999999999584,
      0.9999999999448076,
      1.0000000000026523,
      1.0000000000119487,
      1.0000000000138323
    ],
    "area_elements": [
      1.0000889021227814e-06,
      1.0001621766204158e-06,
      1.0000379386118377e-06,
      1.000089412604868e-06,
      1.000113065684035e-06,
      1.0000889021926766e-06,
      1.0001621766204158e-06,
      1.0001065542804342e-06,
      1.0000379510483439e-06,
      1.0002028722338988e-06
    ],
    "eta_pi4_balanced": true
  },
  "verdict": "YES",
  "checks_passed": 12,
  "checks_total": 12
}