{
  "type_1": {
    "gnn_terrain_norms_per_step": [
      3.6037795040830325,
      2.2121357474079066,
      1.9919180099640619,
      1.8509489435300552,
      1.9383571129496435
    ],
    "gnn_state_propagated": true,
    "gnn_final_terrain_features": [
      [
        -0.4870249927043915,
        -0.32553204894065857,
        -0.15288026630878448,
        -0.2538847029209137
      ],
      [
        -0.11771544814109802,
        0.23731566965579987,
        0.13419795036315918,
        -0.610966145992279
      ],
      [
        0.1026906967163086,
        -0.1919127106666565,
        -0.07156233489513397,
        -0.26745474338531494
      ],
      [
        0.3531182110309601,
        0.7107155323028564,
        -0.1469198763370514,
        -0.8220517635345459
      ],
      [
        0.4461624026298523,
        0.3915944993495941,
        -0.1365841031074524,
        -0.4349942207336426
      ],
      [
        -0.003199562430381775,
        -0.1712341457605362,
        0.3702618479728699,
        -0.25518834590911865
      ],
      [
        0.352811336517334,
        0.43133699893951416,
        0.25438183546066284,
        -0.032366618514060974
      ],
      [
        -0.3701048493385315,
        -0.20095880329608917,
        0.25831520557403564,
        0.03707294538617134
      ]
    ],
    "hybrid_entropy_L_per_cycle": [
      1.0,
      0.9999999999999998,
      0.9999999999999999,
      1.0,
      1.0
    ],
    "old_engine_entropy_L_per_cycle": [
      0.40426561336558564,
      0.39783081535533366,
      0.3954279548110964,
      0.39303569060641136,
      0.39060618218747545
    ],
    "hybrid_matches_old": false,
    "ablation": {
      "remove_sequence_edge": {
        "terrain_L2_diff": 0.1458362191915512,
        "changed": true
      },
      "remove_assignment_edge": {
        "terrain_L2_diff": 2.7790324687957764,
        "changed": true
      },
      "remove_transport_edges": {
        "torus_L2_diff": 4.998971462249756,
        "changed": true
      }
    }
  },
  "type_2": {
    "gnn_terrain_norms_per_step": [
      3.431619025597627,
      2.250346328948495,
      2.203544017456758,
      2.024813036193337,
      2.0783774165230406
    ],
    "gnn_state_propagated": true,
    "gnn_final_terrain_features": [
      [
        -0.046388909220695496,
        0.25694727897644043,
        0.38421112298965454,
        0.3440389037132263
      ],
      [
        -0.3753313720226288,
        -0.24260646104812622,
        -0.32581815123558044,
        -0.6048871278762817
      ],
      [
        0.1450083702802658,
        0.36799222230911255,
        -0.19923283159732819,
        -0.11013585329055786
      ],
      [
        0.14773857593536377,
        0.1331530064344406,
        -0.4958822727203369,
        0.5900380611419678
      ],
      [
        0.36224597692489624,
        0.41550540924072266,
        -0.6681530475616455,
        -0.26985037326812744
      ],
      [
        -0.20912602543830872,
        -0.4836276173591614,
        -0.3308263421058655,
        0.08251327276229858
      ],
      [
        0.057944267988204956,
        -0.0243397057056427,
        -0.8345361351966858,
        -0.12418985366821289
      ],
      [
        -0.7281036376953125,
        0.0765521451830864,
        -0.051720038056373596,
        -0.018930047750473022
      ]
    ],
    "hybrid_entropy_L_per_cycle": [
      1.0,
      0.9999999999999999,
      0.9999999999999998,
      1.0,
      0.9999999999999999
    ],
    "old_engine_entropy_L_per_cycle": [
      0.5383579551690086,
      0.5209371546449538,
      0.5064936564938443,
      0.49135191275112666,
      0.4758568635765852
    ],
    "hybrid_matches_old": false,
    "ablation": {
      "remove_sequence_edge": {
        "terrain_L2_diff": 0.10410126298666,
        "changed": true
      },
      "remove_assignment_edge": {
        "terrain_L2_diff": 2.0246992111206055,
        "changed": true
      },
      "remove_transport_edges": {
        "torus_L2_diff": 4.998971462249756,
        "changed": true
      }
    }
  },
  "summary": {
    "all_gnn_state_propagated": true,
    "all_ablation_edges_matter": true,
    "message_passing_works_as_dynamics_substrate": true
  }
}