{
  "fine_sweep": {
    "theta_values": [
      0.01,
      0.13802418994244056,
      0.2660483798848811,
      0.39407256982732164,
      0.5220967597697622,
      0.6501209497122028,
      0.7781451396546433,
      0.9061693295970839,
      1.0341935195395244,
      1.162217709481965,
      1.2902418994244056,
      1.4182660893668462,
      1.5462902793092865,
      1.6743144692517271,
      1.8023386591941677,
      1.9303628491366083,
      2.0583870390790486,
      2.186411229021489,
      2.31443541896393,
      2.44245960890637,
      2.570483798848811,
      2.6985079887912513,
      2.826532178733692,
      2.9545563686761325,
      3.082580558618573,
      3.2106047485610136,
      3.338628938503454,
      3.466653128445895,
      3.594677318388335,
      3.722701508330776,
      3.8507256982732163,
      3.978749888215657,
      4.1067740781580975,
      4.234798268100538,
      4.362822458042978,
      4.490846647985419,
      4.61887083792786,
      4.7468950278703,
      4.8749192178127405,
      5.002943407755182,
      5.130967597697622,
      5.2589917876400625,
      5.387015977582503,
      5.515040167524943,
      5.643064357467384,
      5.771088547409825,
      5.899112737352265,
      6.0271369272947055,
      6.155161117237146,
      6.283185307179586
    ],
    "max_ic": [
      0.64654937,
      0.60631492,
      0.55669071,
      0.49886546,
      0.44362699,
      0.39888423,
      0.36956814,
      0.35744888,
      0.36374039,
      0.37629805,
      0.39643575,
      0.41401724,
      0.42248943,
      0.41860933,
      0.4038714,
      0.38382581,
      0.36788084,
      0.35716558,
      0.36290472,
      0.38567141,
      0.42492153,
      0.47691903,
      0.53486924,
      0.5891054,
      0.63288307,
      0.62848591,
      0.58527501,
      0.53033376,
      0.47253704,
      0.42132884,
      0.38327263,
      0.3618578,
      0.35737924,
      0.36830069,
      0.38541441,
      0.40530349,
      0.41935242,
      0.42225859,
      0.41290184,
      0.39485755,
      0.37483942,
      0.36249047,
      0.35778952,
      0.37124178,
      0.40186815,
      0.4476482,
      0.50341052,
      0.56102217,
      0.60945537,
      0.6471561
    ],
    "median_ic": 0.41345954,
    "num_outliers": 41,
    "outlier_thetas": [
      0.01,
      0.13802418994244056,
      0.2660483798848811,
      0.39407256982732164,
      0.5220967597697622,
      0.6501209497122028,
      0.7781451396546433,
      0.9061693295970839,
      1.0341935195395244,
      1.162217709481965,
      1.2902418994244056,
      1.9303628491366083,
      2.0583870390790486,
      2.186411229021489,
      2.31443541896393,
      2.44245960890637,
      2.570483798848811,
      2.6985079887912513,
      2.826532178733692,
      2.9545563686761325,
      3.082580558618573,
      3.2106047485610136,
      3.338628938503454,
      3.466653128445895,
      3.594677318388335,
      3.8507256982732163,
      3.978749888215657,
      4.1067740781580975,
      4.234798268100538,
      4.362822458042978,
      5.002943407755182,
      5.130967597697622,
      5.2589917876400625,
      5.387015977582503,
      5.515040167524943,
      5.643064357467384,
      5.771088547409825,
      5.899112737352265,
      6.0271369272947055,
      6.155161117237146,
      6.283185307179586
    ],
    "outlier_ics": [
      0.64654937,
      0.60631492,
      0.55669071,
      0.49886546,
      0.44362699,
      0.39888423,
      0.36956814,
      0.35744888,
      0.36374039,
      0.37629805,
      0.39643575,
      0.38382581,
      0.36788084,
      0.35716558,
      0.36290472,
      0.38567141,
      0.42492153,
      0.47691903,
      0.53486924,
      0.5891054,
      0.63288307,
      0.62848591,
      0.58527501,
      0.53033376,
      0.47253704,
      0.38327263,
      0.3618578,
      0.35737924,
      0.36830069,
      0.38541441,
      0.39485755,
      0.37483942,
      0.36249047,
      0.35778952,
      0.37124178,
      0.40186815,
      0.4476482,
      0.50341052,
      0.56102217,
      0.60945537,
      0.6471561
    ]
  },
  "operator_analysis": {
    "single_fi_outputs_identical": false,
    "single_fi_pairwise_diffs": {
      "pi/4 vs pi/2": 0.3535533905932736,
      "pi/4 vs 3pi/4": 0.7071067811865475,
      "pi/4 vs pi": 0.8535533905932737,
      "pi/2 vs 3pi/4": 0.35355339059327384,
      "pi/2 vs pi": 0.5000000000000001,
      "3pi/4 vs pi": 0.3535533905932738
    },
    "post_cycle1_fi_diffs": {
      "pi/4 vs pi/2": 0.33390003982907623,
      "pi/4 vs 3pi/4": 0.6678000796581522,
      "pi/4 vs pi": 0.8061060046322722,
      "pi/2 vs 3pi/4": 0.333900039829076,
      "pi/2 vs pi": 0.4722059648031961,
      "3pi/4 vs pi": 0.33390003982907607
    },
    "final_30cycle_diffs": {
      "pi/4 vs pi/2": 0.12865542928702092,
      "pi/4 vs 3pi/4": 0.2573108585740395,
      "pi/4 vs pi": 0.3278257385624642,
      "pi/2 vs 3pi/4": 0.1286554292870186,
      "pi/2 vs pi": 0.4475978928312708,
      "3pi/4 vs pi": 0.32782573856246366
    },
    "all_final_states_identical": false,
    "populations": {
      "pi/4": {
        "P_000": 0.8535533905932737,
        "P_100": 0.14644660940672624
      },
      "pi/2": {
        "P_000": 0.5000000000000001,
        "P_100": 0.4999999999999999
      },
      "3pi/4": {
        "P_000": 0.1464466094067263,
        "P_100": 0.8535533905932737
      },
      "pi": {
        "P_000": 3.749399456654644e-33,
        "P_100": 1.0
      }
    }
  },
  "ensure_valid_density_test": {
    "theta_values": [
      0.01,
      0.13802418994244056,
      0.2660483798848811,
      0.39407256982732164,
      0.5220967597697622,
      0.6501209497122028,
      0.7781451396546433,
      0.9061693295970839,
      1.0341935195395244,
      1.162217709481965,
      1.2902418994244056,
      1.4182660893668462,
      1.5462902793092865,
      1.6743144692517271,
      1.8023386591941677,
      1.9303628491366083,
      2.0583870390790486,
      2.186411229021489,
      2.31443541896393,
      2.44245960890637,
      2.570483798848811,
      2.6985079887912513,
      2.826532178733692,
      2.9545563686761325,
      3.082580558618573,
      3.2106047485610136,
      3.338628938503454,
      3.466653128445895,
      3.594677318388335,
      3.722701508330776,
      3.8507256982732163,
      3.978749888215657,
      4.1067740781580975,
      4.234798268100538,
      4.362822458042978,
      4.490846647985419,
      4.61887083792786,
      4.7468950278703,
      4.8749192178127405,
      5.002943407755182,
      5.130967597697622,
      5.2589917876400625,
      5.387015977582503,
      5.515040167524943,
      5.643064357467384,
      5.771088547409825,
      5.899112737352265,
      6.0271369272947055,
      6.155161117237146,
      6.283185307179586
    ],
    "with_evd": [
      0.64654937,
      0.60631492,
      0.55669071,
      0.49886546,
      0.44362699,
      0.39888423,
      0.36956814,
      0.35744888,
      0.36374039,
      0.37629805,
      0.39643575,
      0.41401724,
      0.42248943,
      0.41860933,
      0.4038714,
      0.38382581,
      0.36788084,
      0.35716558,
      0.36290472,
      0.38567141,
      0.42492153,
      0.47691903,
      0.53486924,
      0.5891054,
      0.63288307,
      0.62848591,
      0.58527501,
      0.53033376,
      0.47253704,
      0.42132884,
      0.38327263,
      0.3618578,
      0.35737924,
      0.36830069,
      0.38541441,
      0.40530349,
      0.41935242,
      0.42225859,
      0.41290184,
      0.39485755,
      0.37483942,
      0.36249047,
      0.35778952,
      0.37124178,
      0.40186815,
      0.4476482,
      0.50341052,
      0.56102217,
      0.60945537,
      0.6471561
    ],