{
  "engine_type": 1,
  "n_cycles": 10,
  "cycles": [
    {
      "bloch_L": [
        0.763985692005252,
        -0.4769279862998574,
        0.015800993442339876
      ],
      "bloch_R": [
        -0.7639856920052519,
        -0.4769279862998573,
        -0.015800993442339876
      ],
      "correlation_frobenius": 0.8113841130985456,
      "concurrence": 0.08259273145592436,
      "concurrence_validation": 0.08259273145592436,
      "I_c": -0.3991413274022867,
      "MI": 0.22516762117132094,
      "S_A": 0.6243089485736077,
      "S_B": 0.6266951278173628,
      "S_AB": 1.0258364552196495,
      "berry_L": 1.2193138536740236,
      "berry_R": 1.219313853674024,
      "eta": 0.7853981633974483,
      "theta": 0.0,
      "phi": 3.141592653589793,
      "torus_level": 1,
      "purity_L": 0.9007686235091371,
      "purity_R": 0.900768623509137,
      "cycle": 1,
      "legal_count": 4
    },
    {
      "bloch_L": [
        0.3956944031763148,
        -0.8053864111132175,
        0.07850338328796343
      ],
      "bloch_R": [
        -0.39569440317631466,
        -0.8053864111132172,
        -0.0785033832879634
      ],
      "correlation_frobenius": 0.8113841130985453,
      "concurrence": 0.045932916272796505,
      "concurrence_validation": 0.045932911246581005,
      "I_c": -0.5523795405171401,
      "MI": 0.259880288560032,
      "S_A": 0.8122598290771721,
      "S_B": 0.8135367084011522,
      "S_AB": 1.3659162489182923,
      "berry_L": 2.600684830373413,
      "berry_R": 2.6006848303734125,
      "eta": 0.7853981633974483,
      "theta": 0.0,
      "phi": 4.39822971502571,
      "torus_level": 1,
      "purity_L": 0.9007686235091371,
      "purity_R": 0.9007686235091367,
      "cycle": 2,
      "legal_count": 2
    },
    {
      "bloch_L": [
        -0.08798706502558967,
        -0.889252445767872,
        0.11345693977270191
      ],
      "bloch_R": [
        0.08798706502558944,
        -0.8892524457678712,
        -0.11345693977270185
      ],
      "correlation_frobenius": 0.8113841130985455,
      "concurrence": 0.0,
      "concurrence_validation": 0.0,
      "I_c": -0.6347460159053063,
      "MI": 0.23815645687408393,
      "S_A": 0.8729024727793901,
      "S_B": 0.8739238615719448,
      "S_AB": 1.5086698774772511,
      "berry_L": 4.477037751283609,
      "berry_R": 4.477037751283609,
      "eta": 0.7853981633974483,
      "theta": 0.0,
      "phi": 5.654866776461628,
      "torus_level": 1,
      "purity_L": 0.9007686235091373,
      "purity_R": 0.9007686235091366,
      "cycle": 3,
      "legal_count": 2
    },
    {
      "bloch_L": [
        0.43124488383706505,
        -0.7611670085750265,
        0.21456175875455658
      ],
      "bloch_R": [
        -0.4312448838370647,
        -0.7611670085750256,
        -0.21456175875455638
      ],
      "correlation_frobenius": 0.8113841130985457,
      "concurrence": 0.0,
      "concurrence_validation": 0.0,
      "I_c": -0.6426443588194989,
      "MI": 0.22555563890336305,
      "S_A": 0.8681999977228619,
      "S_B": 0.8596133215577749,
      "S_AB": 1.5022576803772738,
      "berry_L": 5.698405767011773,
      "berry_R": 5.698405767011773,
      "eta": 0.7853981633974483,
      "theta": 0.0,
      "phi": 0.6283185307179586,
      "torus_level": 1,
      "purity_L": 0.9007686235091377,
      "purity_R": 0.9007686235091368,
      "cycle": 4,
      "legal_count": 2
    },
    {
      "bloch_L": [
        -0.02883298344182958,
        -0.8422678958328084,
        0.3180213260361064
      ],
      "bloch_R": [
        0.02883298344182947,
        -0.8422678958328074,
        -0.3180213260361061
      ],
      "correlation_frobenius": 0.8113841130985459,
      "concurrence": 0.006676700820844525,
      "concurrence_validation": 0.006676695803518962,
      "I_c": -0.4233762707632077,
      "MI": 0.2800951713270454,
      "S_A": 0.7034714420902531,
      "S_B": 0.6946323664870334,
      "S_AB": 1.1180086372502411,
      "berry_L": 6.247538497406619,
      "berry_R": 6.247538497406618,
      "eta": 0.7853981633974483,
      "theta": 0.0,
      "phi": 1.8849555921538759,
      "torus_level": 1,
      "purity_L": 0.9007686235091378,
      "purity_R": 0.9007686235091368,
      "cycle": 5,
      "legal_count": 2
    },
    {
      "bloch_L": [
        -0.45571389420292885,
        -0.6547372150431341,
        0.4183636444129786
      ],
      "bloch_R": [
        0.4557138942029282,
        -0.6547372150431334,
        -0.41836364441297824
      ],
      "correlation_frobenius": 0.8113841130985456,
      "concurrence": 0.08378715983322664,
      "concurrence_validation": 0.08378715983322664,
      "I_c": -0.3400765506658935,
      "MI": 0.2855627785397994,
      "S_A": 0.6256393292056929,
      "S_B": 0.6779961088109173,
      "S_AB": 1.0180726594768108,
      "berry_L": 7.074918037943015,
      "berry_R": 7.074918037943014,
      "eta": 0.7853981633974483,
      "theta": 0.0,
      "phi": 3.141592653589793,
      "torus_level": 1,
      "purity_L": 0.9007686235091377,
      "purity_R": 0.9007686235091367,
      "cycle": 6,
      "legal_count": 2
    },
    {
      "bloch_L": [
        -0.7098379773566913,
        -0.2661924900449982,
        0.4864727302165568
      ],
      "bloch_R": [
        0.7098379773566904,
        -0.26619249004499795,
        -0.48647273021655635
      ],
      "correlation_frobenius": 0.8113841130985453,
      "concurrence": 0.1666571182659222,
      "concurrence_validation": 0.1666571183351131,
      "I_c": -0.20525902436131582,
      "MI": 0.4868258348667954,
      "S_A": 0.6920848592281112,
      "S_B": 0.6972895595445723,
      "S_AB": 0.9025485839058881,
      "berry_L": 8.277478074490395,
      "berry_R": 8.277478074490393,
      "eta": 0.7853981633974483,
      "theta": 0.0,
      "phi": 4.39822971502571,
      "torus_level": 1,
      "purity_L": 0.9007686235091373,
      "purity_R": 0.9007686235091362,
      "cycle": 7,
      "legal_count": 2
    },
    {
      "bloch_L": [
        -0.7071043991649784,
        0.16388598822644052,
        0.5334124713981896
      ],
      "bloch_R": [
        0.7071043991649774,
        0.16388598822644024,
        -0.5334124713981891
      ],
      "correlation_frobenius": 0.8113841130985453,
      "concurrence": 0.2734386085542998,
      "concurrence_validation": 0.27343860768785466,
      "I_c": -0.2044325783491553,
      "MI": 0.46702119797627073,
      "S_A": 0.671453776325426,
      "S_B": 0.6770584157956059,
      "S_AB": 0.8814909941447612,
      "berry_L": 9.763597328742057,
      "berry_R": 9.763597328742055,
      "eta": 0.7853981633974483,
      "theta": 0.0,
      "phi": 5.654866776461628,
      "torus_level": 1,
      "purity_L": 0.9007686235091377,
      "purity_R": 0.9007686235091364,
      "cycle": 8,
      "legal_count": 2
    },
    {
      "bloch_L": [
        -0.6634378649029126,
        -0.19039914539203562,
        0.5787767081920231
      ],
      "bloch_R": [
        0.6634378649029117,
        -0.19039914539203517,
        -0.5787767081920225
      ],
      "correlation_frobenius": 0.8113841130985455,
      "concurrence": 0.0,
      "concurrence_validation": 0.0,
      "I_c": -0.44697880276951796,
      "MI": 0.24083880185337625,
      "S_A": 0.6878176046228941,
      "S_B": 0.6993075212965684,
      "S_AB": 1.1462863240660863,
      "berry_L": 10.722635581833808,
      "berry_R": 10.722635581833806,
      "eta": 0.7853981633974483,
      "theta": 0.0,
      "phi": 0.6283185307179586,
      "torus_level": 1,
      "purity_L": 0.9007686235091379,
      "purity_R": 0.9007686235091368,
      "cycle": 9,
      "legal_count": 2
    },
    {
      "bloch_L": [
        -0.6518590956888421,
        0.21993206426272813,
        0.5814582698486692
      ],
      "bloch_R": [
        0.651859095688841,
        0.21993206426272796,
        -0.5814582698486686
      ],
      "correlation_frobenius": 0.811384113098546,
      "concurrence": 0.0,
      "concurrence_validation": 0.0,