{
  "sim": "viability_vs_attractor",
  "timestamp": "2026-04-05",
  "n_initial_conditions": 20,
  "n_cycles": 10,
  "type1": {
    "final_mean": 0.07871176490893445,
    "final_std": 0.02556083358735537,
    "last3_std": 0.026151886888634554,
    "min_final": 0.05162103271150701,
    "max_final": 0.12362560765578567
  },
  "type2": {
    "final_mean": 0.1910628839129212,
    "final_std": 0.07358111947799222,
    "last3_std": 0.07854701736935475,
    "min_final": 0.062418812241933005,
    "max_final": 0.27986614017267347
  }
}