{
  "metadata": {
    "name": "weyl_ambient_vs_engine_overlay",
    "timestamp": "2026-04-15T09:03:43.153410+00:00",
    "results_path": "/Users/joshuaeisenhart/Desktop/Codex Ratchet/system_v4/probes/a2_state/sim_results/weyl_ambient_vs_engine_overlay_results.json"
  },
  "cases": {
    "ambient_fixed_engine_varied": [
      {
        "torus": "inner",
        "ambient_signature": {
          "eta": 0.39269908169872414,
          "theta1": 0.0,
          "theta2": 0.0,
          "hopf_base": [
            0.7071067811865476,
            0.0,
            0.7071067811865475
          ],
          "R_major": 0.9238795325112867,
          "R_minor": 0.3826834323650898,
          "rho_LR_trace_distance": 1.0,
          "spinor_overlap_abs": 2.1634997285925725e-17,
          "raw_LR_mutual_information": -3.2034265038149176e-16
        },
        "engine_type_1": {
          "engine_type": 1,
          "axes_before": {
            "GA0_entropy": 1.0,
            "GA1_boundary": 0.35355339059327384,
            "GA2_scale": 0.3535533905932738,
            "GA3_chirality": 0.9999999999999999,
            "GA4_variance": 1.4141979198683931e-06,
            "GA5_coupling": 1.0,
            "Ax0_torus_entropy": 0.4164955306996875,
            "Ax0_hemisphere": 1.0
          },
          "axes_after": {
            "GA0_entropy": 0.9436350407369085,
            "GA1_boundary": 0.3925215379629361,
            "GA2_scale": 0.46055588726816576,
            "GA3_chirality": 0.8281171341337783,
            "GA4_variance": 0.6471001944721785,
            "GA5_coupling": 0.6596663983622622,
            "Ax0_torus_entropy": 0.6153301599088725,
            "Ax0_hemisphere": 1.0
          },
          "axis_delta_l2": 0.7872660164290729,
          "total_dphi_L": -0.9787354959248744,
          "total_dphi_R": -0.9787354959248744,
          "stages_run": 8
        },
        "engine_type_2": {
          "engine_type": 2,
          "axes_before": {
            "GA0_entropy": 1.0,
            "GA1_boundary": 0.35355339059327384,
            "GA2_scale": 0.3535533905932738,
            "GA3_chirality": 0.9999999999999999,
            "GA4_variance": 1.4141979198683931e-06,
            "GA5_coupling": 1.0,
            "Ax0_torus_entropy": 0.4164955306996875,
            "Ax0_hemisphere": 1.0
          },
          "axes_after": {
            "GA0_entropy": 0.9727788312829444,
            "GA1_boundary": 0.3885448544958928,
            "GA2_scale": 0.4605321377019196,
            "GA3_chirality": 0.8370766656276132,
            "GA4_variance": 0.4545362468619673,
            "GA5_coupling": 0.6325955425179013,
            "Ax0_torus_entropy": 0.6152839723936404,
            "Ax0_hemisphere": 1.0
          },
          "axis_delta_l2": 0.6488903249564458,
          "total_dphi_L": -1.1089453902527833,
          "total_dphi_R": -1.1089453902527833,
          "stages_run": 8
        },
        "axes_after_diff": {
          "per_axis_abs_diff": {
            "GA0_entropy": 0.029143790546035886,
            "GA1_boundary": 0.003976683467043274,
            "GA2_scale": 2.374956624617841e-05,
            "GA3_chirality": 0.008959531493834882,
            "GA4_variance": 0.19256394761021117,
            "GA5_coupling": 0.027070855844360864,
            "Ax0_torus_entropy": 4.6187515232110066e-05,
            "Ax0_hemisphere": 0.0
          },
          "l2": 0.19687345071410736,
          "max_abs_diff": 0.19256394761021117
        },
        "overlay_nontrivial": true
      },
      {
        "torus": "clifford",
        "ambient_signature": {
          "eta": 0.7853981633974483,
          "theta1": 0.0,
          "theta2": 0.0,
          "hopf_base": [
            1.0,
            0.0,
            2.220446049250313e-16
          ],
          "R_major": 0.7071067811865476,
          "R_minor": 0.7071067811865475,
          "rho_LR_trace_distance": 1.0,
          "spinor_overlap_abs": 1.0146536357569526e-17,
          "raw_LR_mutual_information": 0.0
        },
        "engine_type_1": {
          "engine_type": 1,
          "axes_before": {
            "GA0_entropy": 1.0,
            "GA1_boundary": 0.5,
            "GA2_scale": 0.5,
            "GA3_chirality": 1.0,
            "GA4_variance": 1.414276423180778e-06,
            "GA5_coupling": 1.0,
            "Ax0_torus_entropy": 0.6931471805599453,
            "Ax0_hemisphere": 1.0
          },
          "axes_after": {
            "GA0_entropy": 0.9988765155056509,
            "GA1_boundary": 0.36490610272941915,
            "GA2_scale": 0.5,
            "GA3_chirality": 0.7298110091680065,
            "GA4_variance": 0.1079546263796441,
            "GA5_coupling": 0.43018470019644317,
            "Ax0_torus_entropy": 0.6931471805599453,
            "Ax0_hemisphere": 1.0
          },
          "axis_delta_l2": 0.653909080803742,
          "total_dphi_L": -0.9931272770024324,
          "total_dphi_R": -0.9931272770024324,
          "stages_run": 8
        },
        "engine_type_2": {
          "engine_type": 2,
          "axes_before": {
            "GA0_entropy": 1.0,
            "GA1_boundary": 0.5,
            "GA2_scale": 0.5,
            "GA3_chirality": 1.0,
            "GA4_variance": 1.414276423180778e-06,
            "GA5_coupling": 1.0,
            "Ax0_torus_entropy": 0.6931471805599453,
            "Ax0_hemisphere": 1.0
          },
          "axes_after": {
            "GA0_entropy": 0.9996384437259451,
            "GA1_boundary": 0.343790842922454,
            "GA2_scale": 0.5,
            "GA3_chirality": 0.6875796962850751,
            "GA4_variance": 0.04940177583350181,
            "GA5_coupling": 0.37538109387658913,
            "Ax0_torus_entropy": 0.6931471805599453,
            "Ax0_hemisphere": 1.0
          },
          "axis_delta_l2": 0.7173542020926058,
          "total_dphi_L": -1.0768396401855025,
          "total_dphi_R": -1.0768396401855025,
          "stages_run": 8
        },
        "axes_after_diff": {
          "per_axis_abs_diff": {
            "GA0_entropy": 0.0007619282202941946,
            "GA1_boundary": 0.02111525980696516,
            "GA2_scale": 0.0,
            "GA3_chirality": 0.04223131288293136,
            "GA4_variance": 0.058552850546142295,
            "GA5_coupling": 0.05480360631985404,
            "Ax0_torus_entropy": 0.0,
            "Ax0_hemisphere": 0.0
          },
          "l2": 0.09306873853171635,
          "max_abs_diff": 0.058552850546142295
        },
        "overlay_nontrivial": true
      },
      {
        "torus": "outer",
        "ambient_signature": {
          "eta": 1.1780972450961724,
          "theta1": 0.0,
          "theta2": 0.0,
          "hopf_base": [
            0.7071067811865477,
            0.0,
            -0.7071067811865475
          ],
          "R_major": 0.38268343236508984,
          "R_minor": 0.9238795325112867,
          "rho_LR_trace_distance": 1.0000000000000002,
          "spinor_overlap_abs": 2.5860532068485732e-17,
          "raw_LR_mutual_information": -3.2034265038149176e-16
        },
        "engine_type_1": {
          "engine_type": 1,
          "axes_before": {
            "GA0_entropy": 1.0,
            "GA1_boundary": 0.35355339059327384,
            "GA2_scale": 0.35355339059327384,
            "GA3_chirality": 0.9999999999999998,
            "GA4_variance": 1.414276423180778e-06,
            "GA5_coupling": 0.9999999999999999,
            "Ax0_torus_entropy": 0.4164955306996876,
            "Ax0_hemisphere": -1.0
          },
          "axes_after": {
            "GA0_entropy": 0.9434094846083402,
            "GA1_boundary": 0.39270397279416613,
            "GA2_scale": 0.46062605041908017,
            "GA3_chirality": 0.8277213219931334,
            "GA4_variance": 0.6485780985702866,
            "GA5_coupling": 0.6592756977663745,
            "Ax0_torus_entropy": 0.6154666161515977,
            "Ax0_hemisphere": -1.0
          },
          "axis_delta_l2": 0.7888054324642122,