{
  "metadata": {
    "name": "weyl_geometry_ladder_audit",
    "timestamp": "2026-04-04T20:19:45.597802+00:00",
    "results_path": "/Users/joshuaeisenhart/Desktop/Codex Ratchet/system_v4/probes/a2_state/sim_results/weyl_geometry_ladder_audit_results.json"
  },
  "rungs": {
    "nested_hopf_tori_to_geometry": [
      {
        "torus": "inner",
        "eta": 0.39269908169872414,
        "fiber_berry_phase": -5.334483870753452e-16,
        "base_berry_phase": 1.838517698668016,
        "berry_gap": 1.8385176986680165,
        "raw_LR_mutual_information": -3.2034265038149176e-16
      },
      {
        "torus": "clifford",
        "eta": 0.7853981633974483,
        "fiber_berry_phase": 6.92616395550585e-17,
        "base_berry_phase": -9.834860806657156e-16,
        "berry_gap": 1.0527477202207742e-15,
        "raw_LR_mutual_information": 0.0
      },
      {
        "torus": "outer",
        "eta": 1.1780972450961724,
        "fiber_berry_phase": 2.581030626841488e-16,
        "base_berry_phase": -1.8385176986680165,
        "berry_gap": 1.8385176986680167,
        "raw_LR_mutual_information": -3.2034265038149176e-16
      }
    ],
    "weyl_ambient_to_engine_dof": [
      {
        "torus": "inner",
        "eta": 0.39269908169872414,
        "engine_type_1": {
          "engine_type": 1,
          "axis_delta_l2": 0.29896930864838883,
          "axes_before": {
            "GA0_entropy": 1.0,
            "GA1_boundary": 0.35355339059327384,
            "GA2_scale": 0.3535533905932738,
            "GA3_chirality": 0.9999999999999999,
            "GA4_variance": 1.4141979198683931e-06,
            "GA5_coupling": 1.0,
            "Ax0_torus_entropy": 0.4164955306996875,
            "Ax0_hemisphere": 1.0
          },
          "axes_after": {
            "GA0_entropy": 0.995933112337512,
            "GA1_boundary": 0.45272739845877247,
            "GA2_scale": 0.46151672836605884,
            "GA3_chirality": 0.9822357576392482,
            "GA4_variance": 0.15251769288414374,
            "GA5_coupling": 0.936630558889763,
            "Ax0_torus_entropy": 0.6171994722696542,
            "Ax0_hemisphere": 1.0
          }
        },
        "engine_type_2": {
          "engine_type": 2,
          "axis_delta_l2": 0.3638798901184728,
          "axes_before": {
            "GA0_entropy": 1.0,
            "GA1_boundary": 0.35355339059327384,
            "GA2_scale": 0.3535533905932738,
            "GA3_chirality": 0.9999999999999999,
            "GA4_variance": 1.4141979198683931e-06,
            "GA5_coupling": 1.0,
            "Ax0_torus_entropy": 0.4164955306996875,
            "Ax0_hemisphere": 1.0
          },
          "axes_after": {
            "GA0_entropy": 0.9999995706669318,
            "GA1_boundary": 0.42017073346131595,
            "GA2_scale": 0.461109484794365,
            "GA3_chirality": 0.9113151231412828,
            "GA4_variance": 0.001666481253102216,
            "GA5_coupling": 0.7381412426308942,
            "Ax0_torus_entropy": 0.6164070161606758,
            "Ax0_hemisphere": 1.0
          }
        }
      },
      {
        "torus": "clifford",
        "eta": 0.7853981633974483,
        "engine_type_1": {
          "engine_type": 1,
          "axis_delta_l2": 0.47061153896119945,
          "axes_before": {
            "GA0_entropy": 1.0,
            "GA1_boundary": 0.5,
            "GA2_scale": 0.5,
            "GA3_chirality": 1.0,
            "GA4_variance": 1.414276423180778e-06,
            "GA5_coupling": 1.0,
            "Ax0_torus_entropy": 0.6931471805599453,
            "Ax0_hemisphere": 1.0
          },
          "axes_after": {
            "GA0_entropy": 0.9986270617113389,
            "GA1_boundary": 0.41542989155977783,
            "GA2_scale": 0.5,
            "GA3_chirality": 0.8297521277886263,
            "GA4_variance": 0.10328958089291702,
            "GA5_coupling": 0.5820664537910407,
            "Ax0_torus_entropy": 0.6931471805599453,
            "Ax0_hemisphere": 1.0
          }
        },
        "engine_type_2": {
          "engine_type": 2,
          "axis_delta_l2": 0.6067410026190926,
          "axes_before": {
            "GA0_entropy": 1.0,
            "GA1_boundary": 0.5,
            "GA2_scale": 0.5,
            "GA3_chirality": 1.0,
            "GA4_variance": 1.414276423180778e-06,
            "GA5_coupling": 1.0,
            "Ax0_torus_entropy": 0.6931471805599453,
            "Ax0_hemisphere": 1.0
          },
          "axes_after": {
            "GA0_entropy": 0.9999002251883777,
            "GA1_boundary": 0.37650683947551833,
            "GA2_scale": 0.5,
            "GA3_chirality": 0.7529222351990777,
            "GA4_variance": 0.03118547311575265,
            "GA5_coupling": 0.460681720851992,
            "Ax0_torus_entropy": 0.6931471805599453,
            "Ax0_hemisphere": 1.0
          }
        }
      },
      {
        "torus": "outer",
        "eta": 1.1780972450961724,
        "engine_type_1": {
          "engine_type": 1,
          "axis_delta_l2": 0.29895384355926624,
          "axes_before": {
            "GA0_entropy": 1.0,
            "GA1_boundary": 0.35355339059327384,
            "GA2_scale": 0.35355339059327384,
            "GA3_chirality": 0.9999999999999998,
            "GA4_variance": 1.414276423180778e-06,
            "GA5_coupling": 0.9999999999999999,
            "Ax0_torus_entropy": 0.4164955306996876,
            "Ax0_hemisphere": -1.0
          },
          "axes_after": {
            "GA0_entropy": 0.9959338965971178,
            "GA1_boundary": 0.45272076532012895,
            "GA2_scale": 0.46151278967540615,
            "GA3_chirality": 0.9822353422774353,
            "GA4_variance": 0.15250312253370138,
            "GA5_coupling": 0.9366271509540884,
            "Ax0_torus_entropy": 0.6171918067986724,
            "Ax0_hemisphere": -1.0
          }
        },
        "engine_type_2": {
          "engine_type": 2,
          "axis_delta_l2": 0.36386720864394295,
          "axes_before": {
            "GA0_entropy": 1.0,
            "GA1_boundary": 0.35355339059327384,
            "GA2_scale": 0.35355339059327384,
            "GA3_chirality": 0.9999999999999998,
            "GA4_variance": 1.414276423180778e-06,
            "GA5_coupling": 0.9999999999999999,
            "Ax0_torus_entropy": 0.4164955306996876,
            "Ax0_hemisphere": -1.0
          },
          "axes_after": {
            "GA0_entropy": 0.999999570814738,
            "GA1_boundary": 0.42017172003864545,
            "GA2_scale": 0.4611073789650424,
            "GA3_chirality": 0.9113205582487345,
            "GA4_variance": 0.0016661922566232096,
            "GA5_coupling": 0.7381532805262084,
            "Ax0_torus_entropy": 0.6164029190552911,
            "Ax0_hemisphere": -1.0
          }
        }
      }
    ]
  },
  "summary": {
    "ambient_nontrivial_count": 2,
    "clifford_neutral": true,
    "engine_nontrivial": true,
    "engine_type2_nontrivial": true,
    "overlay_nontrivial": true,
    "witness_separable": true,
    "type2_witness_separable": true,
    "guardrail_pass": true,
    "berry_gap_vector": [
      1.8385176986680165,
      1.0527477202207742e-15,
      1.8385176986680167
    ],
    "engine_type1_axis_delta_vector": [
      0.29896930864838883,
      0.47061153896119945,
      0.29895384355926624
    ],
    "engine_type2_axis_delta_vector": [
      0.3638798901184728,
      0.6067410026190926,
      0.36386720864394295
    ],
    "engine_type_difference_vector": [
      0.064910581470084,
      0.13612946365789313,
      0.06491336508467671
    ],
    "ambient_norm_vector": [
      0.9999999999999999,
      0.0,
      1.0
    ],
    "engine_norm_vector": [
      9.00926060225804e-05,
      1.0,
      0.0
    ],
    "engine_type2_norm_vector": [
      5.221425631112663e-05,
      1.0,
      0.0
    ]
  },
  "verdict": {
    "result": "PASS",