{
  "metadata": {
    "name": "weyl_ambient_vs_engine_overlay",
    "timestamp": "2026-04-01T10:53:52.038541+00:00",
    "results_path": "/Users/joshuaeisenhart/Desktop/Codex Ratchet/system_v4/probes/a2_state/sim_results/weyl_ambient_vs_engine_overlay_results.json"
  },
  "cases": {
    "ambient_fixed_engine_varied": [
      {
        "torus": "inner",
        "ambient_signature": {
          "eta": 0.39269908169872414,
          "theta1": 0.0,
          "theta2": 0.0,
          "hopf_base": [
            0.7071067811865476,
            0.0,
            0.7071067811865475
          ],
          "R_major": 0.9238795325112867,
          "R_minor": 0.3826834323650898,
          "rho_LR_trace_distance": 1.0,
          "spinor_overlap_abs": 2.1634997285925725e-17,
          "raw_LR_mutual_information": -3.2034265038149176e-16
        },
        "engine_type_1": {
          "engine_type": 1,
          "axes_before": {
            "GA0_entropy": 1.0,
            "GA1_boundary": 0.35355339059327384,
            "GA2_scale": 0.3535533905932738,
            "GA3_chirality": 0.9999999999999999,
            "GA4_variance": 1.4141979198683931e-06,
            "GA5_coupling": 1.0,
            "Ax0_torus_entropy": 0.4164955306996875,
            "Ax0_hemisphere": 1.0
          },
          "axes_after": {
            "GA0_entropy": 0.995933112337512,
            "GA1_boundary": 0.45272739845877247,
            "GA2_scale": 0.46151672836605884,
            "GA3_chirality": 0.9822357576392482,
            "GA4_variance": 0.15251769288414374,
            "GA5_coupling": 0.936630558889763,
            "Ax0_torus_entropy": 0.6171994722696542,
            "Ax0_hemisphere": 1.0
          },
          "axis_delta_l2": 0.29896930864838883,
          "total_dphi_L": -0.7030116415255542,
          "total_dphi_R": -0.7030116415255542,
          "stages_run": 8
        },
        "engine_type_2": {
          "engine_type": 2,
          "axes_before": {
            "GA0_entropy": 1.0,
            "GA1_boundary": 0.35355339059327384,
            "GA2_scale": 0.3535533905932738,
            "GA3_chirality": 0.9999999999999999,
            "GA4_variance": 1.4141979198683931e-06,
            "GA5_coupling": 1.0,
            "Ax0_torus_entropy": 0.4164955306996875,
            "Ax0_hemisphere": 1.0
          },
          "axes_after": {
            "GA0_entropy": 0.9999995706669318,
            "GA1_boundary": 0.42017073346131595,
            "GA2_scale": 0.461109484794365,
            "GA3_chirality": 0.9113151231412828,
            "GA4_variance": 0.001666481253102216,
            "GA5_coupling": 0.7381412426308942,
            "Ax0_torus_entropy": 0.6164070161606758,
            "Ax0_hemisphere": 1.0
          },
          "axis_delta_l2": 0.3638798901184728,
          "total_dphi_L": -0.801736665066406,
          "total_dphi_R": -0.801736665066406,
          "stages_run": 8
        },
        "axes_after_diff": {
          "per_axis_abs_diff": {
            "GA0_entropy": 0.004066458329419764,
            "GA1_boundary": 0.03255666499745652,
            "GA2_scale": 0.0004072435716938605,
            "GA3_chirality": 0.07092063449796537,
            "GA4_variance": 0.15085121163104154,
            "GA5_coupling": 0.1984893162588688,
            "Ax0_torus_entropy": 0.0007924561089783788,
            "Ax0_hemisphere": 0.0
          },
          "l2": 0.261268251936919,
          "max_abs_diff": 0.1984893162588688
        },
        "overlay_nontrivial": true
      },
      {
        "torus": "clifford",
        "ambient_signature": {
          "eta": 0.7853981633974483,
          "theta1": 0.0,
          "theta2": 0.0,
          "hopf_base": [
            1.0,
            0.0,
            2.220446049250313e-16
          ],
          "R_major": 0.7071067811865476,
          "R_minor": 0.7071067811865475,
          "rho_LR_trace_distance": 1.0,
          "spinor_overlap_abs": 1.0146536357569526e-17,
          "raw_LR_mutual_information": 0.0
        },
        "engine_type_1": {
          "engine_type": 1,
          "axes_before": {
            "GA0_entropy": 1.0,
            "GA1_boundary": 0.5,
            "GA2_scale": 0.5,
            "GA3_chirality": 1.0,
            "GA4_variance": 1.414276423180778e-06,
            "GA5_coupling": 1.0,
            "Ax0_torus_entropy": 0.6931471805599453,
            "Ax0_hemisphere": 1.0
          },
          "axes_after": {
            "GA0_entropy": 0.9986270617113389,
            "GA1_boundary": 0.41542989155977783,
            "GA2_scale": 0.5,
            "GA3_chirality": 0.8297521277886263,
            "GA4_variance": 0.10328958089291702,
            "GA5_coupling": 0.5820664537910407,
            "Ax0_torus_entropy": 0.6931471805599453,
            "Ax0_hemisphere": 1.0
          },
          "axis_delta_l2": 0.47061153896119945,
          "total_dphi_L": -0.5863364568795325,
          "total_dphi_R": -0.5863364568795325,
          "stages_run": 8
        },
        "engine_type_2": {
          "engine_type": 2,
          "axes_before": {
            "GA0_entropy": 1.0,
            "GA1_boundary": 0.5,
            "GA2_scale": 0.5,
            "GA3_chirality": 1.0,
            "GA4_variance": 1.414276423180778e-06,
            "GA5_coupling": 1.0,
            "Ax0_torus_entropy": 0.6931471805599453,
            "Ax0_hemisphere": 1.0
          },
          "axes_after": {
            "GA0_entropy": 0.9999002251883777,
            "GA1_boundary": 0.37650683947551833,
            "GA2_scale": 0.5,
            "GA3_chirality": 0.7529222351990777,
            "GA4_variance": 0.03118547311575265,
            "GA5_coupling": 0.460681720851992,
            "Ax0_torus_entropy": 0.6931471805599453,
            "Ax0_hemisphere": 1.0
          },
          "axis_delta_l2": 0.6067410026190926,
          "total_dphi_L": -0.6152461274399333,
          "total_dphi_R": -0.6152461274399333,
          "stages_run": 8
        },
        "axes_after_diff": {
          "per_axis_abs_diff": {
            "GA0_entropy": 0.0012731634770388744,
            "GA1_boundary": 0.0389230520842595,
            "GA2_scale": 0.0,
            "GA3_chirality": 0.07682989258954853,
            "GA4_variance": 0.07210410777716438,
            "GA5_coupling": 0.12138473293904872,
            "Ax0_torus_entropy": 0.0,
            "Ax0_hemisphere": 0.0
          },
          "l2": 0.16538655650668807,
          "max_abs_diff": 0.12138473293904872
        },
        "overlay_nontrivial": true
      },
      {
        "torus": "outer",
        "ambient_signature": {
          "eta": 1.1780972450961724,
          "theta1": 0.0,
          "theta2": 0.0,
          "hopf_base": [
            0.7071067811865477,
            0.0,
            -0.7071067811865475
          ],
          "R_major": 0.38268343236508984,
          "R_minor": 0.9238795325112867,
          "rho_LR_trace_distance": 1.0000000000000002,
          "spinor_overlap_abs": 2.5860532068485732e-17,
          "raw_LR_mutual_information": -3.2034265038149176e-16
        },
        "engine_type_1": {
          "engine_type": 1,
          "axes_before": {
            "GA0_entropy": 1.0,
            "GA1_boundary": 0.35355339059327384,
            "GA2_scale": 0.35355339059327384,
            "GA3_chirality": 0.9999999999999998,
            "GA4_variance": 1.414276423180778e-06,
            "GA5_coupling": 0.9999999999999999,
            "Ax0_torus_entropy": 0.4164955306996876,
            "Ax0_hemisphere": -1.0
          },
          "axes_after": {
            "GA0_entropy": 0.9959338965971178,
            "GA1_boundary": 0.45272076532012895,
            "GA2_scale": 0.46151278967540615,
            "GA3_chirality": 0.9822353422774353,
            "GA4_variance": 0.15250312253370138,
            "GA5_coupling": 0.9366271509540884,
            "Ax0_torus_entropy": 0.6171918067986724,
            "Ax0_hemisphere": -1.0
          },
          "axis_delta_l2": 0.29895384355926624,