{
  "metadata": {
    "name": "weyl_geometry_ladder_audit",
    "timestamp": "2026-04-14T09:19:26.626273+00:00",
    "results_path": "/Users/joshuaeisenhart/Desktop/Codex Ratchet/system_v4/probes/a2_state/sim_results/weyl_geometry_ladder_audit_results.json"
  },
  "rungs": {
    "nested_hopf_tori_to_geometry": [
      {
        "torus": "inner",
        "eta": 0.39269908169872414,
        "fiber_berry_phase": -5.334483870753452e-16,
        "base_berry_phase": 1.838517698668016,
        "berry_gap": 1.8385176986680165,
        "raw_LR_mutual_information": -3.2034265038149176e-16
      },
      {
        "torus": "clifford",
        "eta": 0.7853981633974483,
        "fiber_berry_phase": 6.92616395550585e-17,
        "base_berry_phase": -9.834860806657156e-16,
        "berry_gap": 1.0527477202207742e-15,
        "raw_LR_mutual_information": 0.0
      },
      {
        "torus": "outer",
        "eta": 1.1780972450961724,
        "fiber_berry_phase": 2.581030626841488e-16,
        "base_berry_phase": -1.8385176986680165,
        "berry_gap": 1.8385176986680167,
        "raw_LR_mutual_information": -3.2034265038149176e-16
      }
    ],
    "weyl_ambient_to_engine_dof": [
      {
        "torus": "inner",
        "eta": 0.39269908169872414,
        "engine_type_1": {
          "engine_type": 1,
          "axis_delta_l2": 0.7872660164290729,
          "axes_before": {
            "GA0_entropy": 1.0,
            "GA1_boundary": 0.35355339059327384,
            "GA2_scale": 0.3535533905932738,
            "GA3_chirality": 0.9999999999999999,
            "GA4_variance": 1.4141979198683931e-06,
            "GA5_coupling": 1.0,
            "Ax0_torus_entropy": 0.4164955306996875,
            "Ax0_hemisphere": 1.0
          },
          "axes_after": {
            "GA0_entropy": 0.9436350407369085,
            "GA1_boundary": 0.3925215379629361,
            "GA2_scale": 0.46055588726816576,
            "GA3_chirality": 0.8281171341337783,
            "GA4_variance": 0.6471001944721785,
            "GA5_coupling": 0.6596663983622622,
            "Ax0_torus_entropy": 0.6153301599088725,
            "Ax0_hemisphere": 1.0
          }
        },
        "engine_type_2": {
          "engine_type": 2,
          "axis_delta_l2": 0.6488903249564458,
          "axes_before": {
            "GA0_entropy": 1.0,
            "GA1_boundary": 0.35355339059327384,
            "GA2_scale": 0.3535533905932738,
            "GA3_chirality": 0.9999999999999999,
            "GA4_variance": 1.4141979198683931e-06,
            "GA5_coupling": 1.0,
            "Ax0_torus_entropy": 0.4164955306996875,
            "Ax0_hemisphere": 1.0
          },
          "axes_after": {
            "GA0_entropy": 0.9727788312829444,
            "GA1_boundary": 0.3885448544958928,
            "GA2_scale": 0.4605321377019196,
            "GA3_chirality": 0.8370766656276132,
            "GA4_variance": 0.4545362468619673,
            "GA5_coupling": 0.6325955425179013,
            "Ax0_torus_entropy": 0.6152839723936404,
            "Ax0_hemisphere": 1.0
          }
        }
      },
      {
        "torus": "clifford",
        "eta": 0.7853981633974483,
        "engine_type_1": {
          "engine_type": 1,
          "axis_delta_l2": 0.653909080803742,
          "axes_before": {
            "GA0_entropy": 1.0,
            "GA1_boundary": 0.5,
            "GA2_scale": 0.5,
            "GA3_chirality": 1.0,
            "GA4_variance": 1.414276423180778e-06,
            "GA5_coupling": 1.0,
            "Ax0_torus_entropy": 0.6931471805599453,
            "Ax0_hemisphere": 1.0
          },
          "axes_after": {
            "GA0_entropy": 0.9988765155056509,
            "GA1_boundary": 0.36490610272941915,
            "GA2_scale": 0.5,
            "GA3_chirality": 0.7298110091680065,
            "GA4_variance": 0.1079546263796441,
            "GA5_coupling": 0.43018470019644317,
            "Ax0_torus_entropy": 0.6931471805599453,
            "Ax0_hemisphere": 1.0
          }
        },
        "engine_type_2": {
          "engine_type": 2,
          "axis_delta_l2": 0.7173542020926058,
          "axes_before": {
            "GA0_entropy": 1.0,
            "GA1_boundary": 0.5,
            "GA2_scale": 0.5,
            "GA3_chirality": 1.0,
            "GA4_variance": 1.414276423180778e-06,
            "GA5_coupling": 1.0,
            "Ax0_torus_entropy": 0.6931471805599453,
            "Ax0_hemisphere": 1.0
          },
          "axes_after": {
            "GA0_entropy": 0.9996384437259451,
            "GA1_boundary": 0.343790842922454,
            "GA2_scale": 0.5,
            "GA3_chirality": 0.6875796962850751,
            "GA4_variance": 0.04940177583350181,
            "GA5_coupling": 0.37538109387658913,
            "Ax0_torus_entropy": 0.6931471805599453,
            "Ax0_hemisphere": 1.0
          }
        }
      },
      {
        "torus": "outer",
        "eta": 1.1780972450961724,
        "engine_type_1": {
          "engine_type": 1,
          "axis_delta_l2": 0.7888054324642122,
          "axes_before": {
            "GA0_entropy": 1.0,
            "GA1_boundary": 0.35355339059327384,
            "GA2_scale": 0.35355339059327384,
            "GA3_chirality": 0.9999999999999998,
            "GA4_variance": 1.414276423180778e-06,
            "GA5_coupling": 0.9999999999999999,
            "Ax0_torus_entropy": 0.4164955306996876,
            "Ax0_hemisphere": -1.0
          },
          "axes_after": {
            "GA0_entropy": 0.9434094846083402,
            "GA1_boundary": 0.39270397279416613,
            "GA2_scale": 0.46062605041908017,
            "GA3_chirality": 0.8277213219931334,
            "GA4_variance": 0.6485780985702866,
            "GA5_coupling": 0.6592756977663745,
            "Ax0_torus_entropy": 0.6154666161515977,
            "Ax0_hemisphere": -1.0
          }
        },
        "engine_type_2": {
          "engine_type": 2,
          "axis_delta_l2": 0.6301156004110903,
          "axes_before": {
            "GA0_entropy": 1.0,
            "GA1_boundary": 0.35355339059327384,
            "GA2_scale": 0.35355339059327384,
            "GA3_chirality": 0.9999999999999998,
            "GA4_variance": 1.414276423180778e-06,
            "GA5_coupling": 0.9999999999999999,
            "Ax0_torus_entropy": 0.4164955306996876,
            "Ax0_hemisphere": -1.0
          },
          "axes_after": {
            "GA0_entropy": 0.9757060112764009,
            "GA1_boundary": 0.38862993124563344,
            "GA2_scale": 0.4604743780750405,
            "GA3_chirality": 0.8397647358561375,
            "GA4_variance": 0.4290115456257973,
            "GA5_coupling": 0.6331270259832604,
            "Ax0_torus_entropy": 0.6151716464901014,
            "Ax0_hemisphere": -1.0
          }
        }
      }
    ]
  },
  "summary": {
    "ambient_nontrivial_count": 2,
    "clifford_neutral": true,
    "engine_nontrivial": true,
    "engine_type2_nontrivial": true,
    "overlay_nontrivial": true,
    "witness_separable": false,
    "type2_witness_separable": true,
    "guardrail_pass": true,
    "berry_gap_vector": [
      1.8385176986680165,
      1.0527477202207742e-15,
      1.8385176986680167
    ],
    "engine_type1_axis_delta_vector": [
      0.7872660164290729,
      0.653909080803742,
      0.7888054324642122
    ],
    "engine_type2_axis_delta_vector": [
      0.6488903249564458,
      0.7173542020926058,
      0.6301156004110903
    ],
    "engine_type_difference_vector": [
      0.13837569147262707,
      0.06344512128886381,
      0.15868983205312193
    ],
    "ambient_norm_vector": [
      0.9999999999999999,
      0.0,
      1.0
    ],
    "engine_norm_vector": [
      0.9885881566388545,
      0.0,
      1.0
    ],
    "engine_type2_norm_vector": [
      0.21521120448373282,
      1.0,
      0.0
    ]
  },
  "verdict": {
    "result": "KILL",