{
  "schema": "MULTI_SEED_STABILITY_v1",
  "generated_utc": "2026-04-14T12:26:37Z",
  "n_seeds": 100,
  "n_cycles": 5,
  "results": [
    {
      "engine_type": 1,
      "eta": 0.3927,
      "n_seeds": 100,
      "n_cycles": 5,
      "dphi_L": {
        "mean": -2.619063,
        "std": 0.0,
        "min": -2.619063,
        "max": -2.619063
      },
      "dphi_R": {
        "mean": -2.619063,
        "std": 0.0,
        "min": -2.619063,
        "max": -2.619063
      },
      "chirality": {
        "mean": 0.771494,
        "std": 0.0,
        "min": 0.771494,
        "max": 0.771494
      },
      "entropy": {
        "mean": 0.948045,
        "std": 0.0,
        "min": 0.948045,
        "max": 0.948045
      },
      "has_attractor": true,
      "seed_sensitive": false
    },
    {
      "engine_type": 1,
      "eta": 0.7854,
      "n_seeds": 100,
      "n_cycles": 5,
      "dphi_L": {
        "mean": -3.65055,
        "std": 0.0,
        "min": -3.65055,
        "max": -3.65055
      },
      "dphi_R": {
        "mean": -3.65055,
        "std": 0.0,
        "min": -3.65055,
        "max": -3.65055
      },
      "chirality": {
        "mean": 0.718622,
        "std": 0.0,
        "min": 0.718622,
        "max": 0.718622
      },
      "entropy": {
        "mean": 0.998906,
        "std": 0.0,
        "min": 0.998906,
        "max": 0.998906
      },
      "has_attractor": true,
      "seed_sensitive": false
    },
    {
      "engine_type": 1,
      "eta": 1.1781,
      "n_seeds": 100,
      "n_cycles": 5,
      "dphi_L": {
        "mean": -2.592019,
        "std": 0.0,
        "min": -2.592019,
        "max": -2.592019
      },
      "dphi_R": {
        "mean": -2.592019,
        "std": 0.0,
        "min": -2.592019,
        "max": -2.592019
      },
      "chirality": {
        "mean": 0.766053,
        "std": 0.0,
        "min": 0.766053,
        "max": 0.766053
      },
      "entropy": {
        "mean": 0.947589,
        "std": 0.0,
        "min": 0.947589,
        "max": 0.947589
      },
      "has_attractor": true,
      "seed_sensitive": false
    },
    {
      "engine_type": 2,
      "eta": 0.3927,
      "n_seeds": 100,
      "n_cycles": 5,
      "dphi_L": {
        "mean": -2.761577,
        "std": 0.0,
        "min": -2.761577,
        "max": -2.761577
      },
      "dphi_R": {
        "mean": -2.761577,
        "std": 0.0,
        "min": -2.761577,
        "max": -2.761577
      },
      "chirality": {
        "mean": 0.753432,
        "std": 0.0,
        "min": 0.753432,
        "max": 0.753432
      },
      "entropy": {
        "mean": 0.976011,
        "std": 0.0,
        "min": 0.976011,
        "max": 0.976011
      },
      "has_attractor": true,
      "seed_sensitive": false
    },
    {
      "engine_type": 2,
      "eta": 0.7854,
      "n_seeds": 100,
      "n_cycles": 5,
      "dphi_L": {
        "mean": -4.249302,
        "std": 0.0,
        "min": -4.249302,
        "max": -4.249302
      },
      "dphi_R": {
        "mean": -4.249302,
        "std": 0.0,
        "min": -4.249302,
        "max": -4.249302
      },
      "chirality": {
        "mean": 0.665929,
        "std": 0.0,
        "min": 0.665929,
        "max": 0.665929
      },
      "entropy": {
        "mean": 0.999143,
        "std": 0.0,
        "min": 0.999143,
        "max": 0.999143
      },
      "has_attractor": true,
      "seed_sensitive": false
    },
    {
      "engine_type": 2,
      "eta": 1.1781,
      "n_seeds": 100,
      "n_cycles": 5,
      "dphi_L": {
        "mean": -2.786388,
        "std": 0.0,
        "min": -2.786388,
        "max": -2.786388
      },
      "dphi_R": {
        "mean": -2.786388,
        "std": 0.0,
        "min": -2.786388,
        "max": -2.786388
      },
      "chirality": {
        "mean": 0.750328,
        "std": 0.0,
        "min": 0.750328,
        "max": 0.750328
      },
      "entropy": {
        "mean": 0.97577,
        "std": 0.0,
        "min": 0.97577,
        "max": 0.97577
      },
      "has_attractor": true,
      "seed_sensitive": false
    }
  ]
}