{
  "schema": "MULTI_SEED_STABILITY_v1",
  "generated_utc": "2026-03-27T00:19:25Z",
  "n_seeds": 100,
  "n_cycles": 5,
  "results": [
    {
      "engine_type": 1,
      "eta": 0.3927,
      "n_seeds": 100,
      "n_cycles": 5,
      "dphi_L": {
        "mean": -0.229936,
        "std": 0.0,
        "min": -0.229936,
        "max": -0.229936
      },
      "dphi_R": {
        "mean": -0.529466,
        "std": 0.0,
        "min": -0.529466,
        "max": -0.529466
      },
      "chirality": {
        "mean": 0.71426,
        "std": 0.0,
        "min": 0.71426,
        "max": 0.71426
      },
      "entropy": {
        "mean": 0.978495,
        "std": 0.0,
        "min": 0.978495,
        "max": 0.978495
      },
      "has_attractor": true,
      "seed_sensitive": false
    },
    {
      "engine_type": 1,
      "eta": 0.7854,
      "n_seeds": 100,
      "n_cycles": 5,
      "dphi_L": {
        "mean": -0.501817,
        "std": 0.0,
        "min": -0.501817,
        "max": -0.501817
      },
      "dphi_R": {
        "mean": -0.505991,
        "std": 0.0,
        "min": -0.505991,
        "max": -0.505991
      },
      "chirality": {
        "mean": 0.583502,
        "std": 0.0,
        "min": 0.583502,
        "max": 0.583502
      },
      "entropy": {
        "mean": 0.990275,
        "std": 0.0,
        "min": 0.990275,
        "max": 0.990275
      },
      "has_attractor": true,
      "seed_sensitive": false
    },
    {
      "engine_type": 1,
      "eta": 1.1781,
      "n_seeds": 100,
      "n_cycles": 5,
      "dphi_L": {
        "mean": -0.659837,
        "std": 0.0,
        "min": -0.659837,
        "max": -0.659837
      },
      "dphi_R": {
        "mean": -0.600865,
        "std": 0.0,
        "min": -0.600865,
        "max": -0.600865
      },
      "chirality": {
        "mean": 0.33733,
        "std": 0.0,
        "min": 0.33733,
        "max": 0.33733
      },
      "entropy": {
        "mean": 0.993822,
        "std": 0.0,
        "min": 0.993822,
        "max": 0.993822
      },
      "has_attractor": true,
      "seed_sensitive": false
    },
    {
      "engine_type": 2,
      "eta": 0.3927,
      "n_seeds": 100,
      "n_cycles": 5,
      "dphi_L": {
        "mean": -0.084912,
        "std": 0.0,
        "min": -0.084912,
        "max": -0.084912
      },
      "dphi_R": {
        "mean": -0.234172,
        "std": 0.0,
        "min": -0.234172,
        "max": -0.234172
      },
      "chirality": {
        "mean": 0.886766,
        "std": 0.0,
        "min": 0.886766,
        "max": 0.886766
      },
      "entropy": {
        "mean": 0.953796,
        "std": 0.0,
        "min": 0.953796,
        "max": 0.953796
      },
      "has_attractor": true,
      "seed_sensitive": false
    },
    {
      "engine_type": 2,
      "eta": 0.7854,
      "n_seeds": 100,
      "n_cycles": 5,
      "dphi_L": {
        "mean": -0.263207,
        "std": 0.0,
        "min": -0.263207,
        "max": -0.263207
      },
      "dphi_R": {
        "mean": -0.32232,
        "std": 0.0,
        "min": -0.32232,
        "max": -0.32232
      },
      "chirality": {
        "mean": 0.798596,
        "std": 0.0,
        "min": 0.798596,
        "max": 0.798596
      },
      "entropy": {
        "mean": 0.965351,
        "std": 0.0,
        "min": 0.965351,
        "max": 0.965351
      },
      "has_attractor": true,
      "seed_sensitive": false
    },
    {
      "engine_type": 2,
      "eta": 1.1781,
      "n_seeds": 100,
      "n_cycles": 5,
      "dphi_L": {
        "mean": -0.532637,
        "std": 0.0,
        "min": -0.532637,
        "max": -0.532637
      },
      "dphi_R": {
        "mean": -0.477839,
        "std": 0.0,
        "min": -0.477839,
        "max": -0.477839
      },
      "chirality": {
        "mean": 0.574457,
        "std": 0.0,
        "min": 0.574457,
        "max": 0.574457
      },
      "entropy": {
        "mean": 0.984754,
        "std": 0.0,
        "min": 0.984754,
        "max": 0.984754
      },
      "has_attractor": true,
      "seed_sensitive": false
    }
  ]
}