{
  "schema": "MULTI_SEED_STABILITY_v1",
  "generated_utc": "2026-03-29T09:41:13Z",
  "n_seeds": 100,
  "n_cycles": 5,
  "results": [
    {
      "engine_type": 1,
      "eta": 0.3927,
      "n_seeds": 100,
      "n_cycles": 5,
      "dphi_L": {
        "mean": -0.06591,
        "std": 0.0,
        "min": -0.06591,
        "max": -0.06591
      },
      "dphi_R": {
        "mean": -0.227661,
        "std": 0.0,
        "min": -0.227661,
        "max": -0.227661
      },
      "chirality": {
        "mean": 0.893724,
        "std": 0.0,
        "min": 0.893724,
        "max": 0.893724
      },
      "entropy": {
        "mean": 0.953403,
        "std": 0.0,
        "min": 0.953403,
        "max": 0.953403
      },
      "has_attractor": true,
      "seed_sensitive": false
    },
    {
      "engine_type": 1,
      "eta": 0.7854,
      "n_seeds": 100,
      "n_cycles": 5,
      "dphi_L": {
        "mean": -0.22099,
        "std": 0.0,
        "min": -0.22099,
        "max": -0.22099
      },
      "dphi_R": {
        "mean": -0.302173,
        "std": 0.0,
        "min": -0.302173,
        "max": -0.302173
      },
      "chirality": {
        "mean": 0.825671,
        "std": 0.0,
        "min": 0.825671,
        "max": 0.825671
      },
      "entropy": {
        "mean": 0.966755,
        "std": 0.0,
        "min": 0.966755,
        "max": 0.966755
      },
      "has_attractor": true,
      "seed_sensitive": false
    },
    {
      "engine_type": 1,
      "eta": 1.1781,
      "n_seeds": 100,
      "n_cycles": 5,
      "dphi_L": {
        "mean": -0.441829,
        "std": 0.0,
        "min": -0.441829,
        "max": -0.441829
      },
      "dphi_R": {
        "mean": -0.428734,
        "std": 0.0,
        "min": -0.428734,
        "max": -0.428734
      },
      "chirality": {
        "mean": 0.669984,
        "std": 0.0,
        "min": 0.669984,
        "max": 0.669984
      },
      "entropy": {
        "mean": 0.985037,
        "std": 0.0,
        "min": 0.985037,
        "max": 0.985037
      },
      "has_attractor": true,
      "seed_sensitive": false
    },
    {
      "engine_type": 2,
      "eta": 0.3927,
      "n_seeds": 100,
      "n_cycles": 5,
      "dphi_L": {
        "mean": -0.085127,
        "std": 0.0,
        "min": -0.085127,
        "max": -0.085127
      },
      "dphi_R": {
        "mean": -0.221097,
        "std": 0.0,
        "min": -0.221097,
        "max": -0.221097
      },
      "chirality": {
        "mean": 0.898083,
        "std": 0.0,
        "min": 0.898083,
        "max": 0.898083
      },
      "entropy": {
        "mean": 0.962572,
        "std": 0.0,
        "min": 0.962572,
        "max": 0.962572
      },
      "has_attractor": true,
      "seed_sensitive": false
    },
    {
      "engine_type": 2,
      "eta": 0.7854,
      "n_seeds": 100,
      "n_cycles": 5,
      "dphi_L": {
        "mean": -0.258071,
        "std": 0.0,
        "min": -0.258071,
        "max": -0.258071
      },
      "dphi_R": {
        "mean": -0.297944,
        "std": 0.0,
        "min": -0.297944,
        "max": -0.297944
      },
      "chirality": {
        "mean": 0.816956,
        "std": 0.0,
        "min": 0.816956,
        "max": 0.816956
      },
      "entropy": {
        "mean": 0.971773,
        "std": 0.0,
        "min": 0.971773,
        "max": 0.971773
      },
      "has_attractor": true,
      "seed_sensitive": false
    },
    {
      "engine_type": 2,
      "eta": 1.1781,
      "n_seeds": 100,
      "n_cycles": 5,
      "dphi_L": {
        "mean": -0.525025,
        "std": 0.0,
        "min": -0.525025,
        "max": -0.525025
      },
      "dphi_R": {
        "mean": -0.444425,
        "std": 0.0,
        "min": -0.444425,
        "max": -0.444425
      },
      "chirality": {
        "mean": 0.606517,
        "std": 0.0,
        "min": 0.606517,
        "max": 0.606517
      },
      "entropy": {
        "mean": 0.987054,
        "std": 0.0,
        "min": 0.987054,
        "max": 0.987054
      },
      "has_attractor": true,
      "seed_sensitive": false
    }
  ]
}